00:00:00 SnpEff version SnpEff 5.4c (build 2026-02-23 07:25), by Pablo Cingolani
00:00:00 Command: 'build'
00:00:00 Building database for 'Bmas'
00:00:00 Reading configuration file '/home/tmichel/software/snpEff/snpEff.config'. Genome: 'Bmas'
00:00:00 Looking for config file: '/home/tmichel/software/snpEff/snpEff.config'
00:00:00 Reading config file: /home/tmichel/software/snpEff/snpEff.config
00:00:00 done
00:00:00 Reading GFF3 data file  : '/home/tmichel/software/snpEff/./data/Bmas/genes.gff'
00:00:00 Reading file '/home/tmichel/software/snpEff/./data/Bmas/genes.gff'
WARNING_GENE_NOT_FOUND: Gene 'null' (Contig1453:3-956) does not include 'Bma000002.1' (Contig1453:2105-2416). Created new gene 'null.2' (Contig1453:2105-2416). File '/home/tmichel/software/snpEff/./data/Bmas/genes.gff' line 3	'Contig1453	GLEAN	mRNA	2105	2416	.	-	.	ID=Bma000002.1;'
WARNING_GENE_NOT_FOUND: Gene 'null' (Contig1453:3-956) does not include 'Bma000003.1' (Contig1453:3660-3854). Created new gene 'null.3' (Contig1453:3660-3854). File '/home/tmichel/software/snpEff/./data/Bmas/genes.gff' line 6	'Contig1453	GLEAN	mRNA	3660	3854	.	-	.	ID=Bma000003.1;'
WARNING_GENE_NOT_FOUND: Gene 'null' (Contig1453:3-956) does not include 'Bma000005.1' (Contig1453:21350-24569). Created new gene 'null.4' (Contig1453:21350-24569). File '/home/tmichel/software/snpEff/./data/Bmas/genes.gff' line 8	'Contig1453	GLEAN	mRNA	21350	24569	.	-	.	ID=Bma000005.1;'
WARNING_GENE_NOT_FOUND: Gene 'null' (Contig1453:3-956) does not include 'Bma000006.1' (Contig1453:27146-27367). Created new gene 'null.5' (Contig1453:27146-27367). File '/home/tmichel/software/snpEff/./data/Bmas/genes.gff' line 14	'Contig1453	GLEAN	mRNA	27146	27367	.	-	.	ID=Bma000006.1;'
WARNING_GENE_NOT_FOUND: Gene 'null' (Contig1453:3-956) does not include 'Bma000007.1' (Contig1453:42285-42695). Created new gene 'null.6' (Contig1453:42285-42695). File '/home/tmichel/software/snpEff/./data/Bmas/genes.gff' line 16	'Contig1453	GLEAN	mRNA	42285	42695	.	+	.	ID=Bma000007.1;'
WARNING_GENE_NOT_FOUND: Gene 'null' (Contig1453:3-956) does not include 'Bma000008.1' (Contig1453:43032-43661). Created new gene 'null.7' (Contig1453:43032-43661). File '/home/tmichel/software/snpEff/./data/Bmas/genes.gff' line 18	'Contig1453	GLEAN	mRNA	43032	43661	.	+	.	ID=Bma000008.1;'
WARNING_GENE_NOT_FOUND: Gene 'null' (Contig1453:3-956) does not include 'Bma000009.1' (Contig1453:43983-45830). Created new gene 'null.8' (Contig1453:43983-45830). File '/home/tmichel/software/snpEff/./data/Bmas/genes.gff' line 20	'Contig1453	GLEAN	mRNA	43983	45830	.	-	.	ID=Bma000009.1;'
WARNING_GENE_NOT_FOUND: Gene 'null' (Contig1453:3-956) does not include 'Bma000010.1' (Contig1453:53850-54368). Created new gene 'null.9' (Contig1453:53850-54368). File '/home/tmichel/software/snpEff/./data/Bmas/genes.gff' line 25	'Contig1453	GLEAN	mRNA	53850	54368	.	+	.	ID=Bma000010.1;'
WARNING_GENE_NOT_FOUND: Gene 'null' (Contig1453:3-956) does not include 'Bma000012.1' (Contig1453:56644-58852). Created new gene 'null.10' (Contig1453:56644-58852). File '/home/tmichel/software/snpEff/./data/Bmas/genes.gff' line 27	'Contig1453	GLEAN	mRNA	56644	58852	.	+	.	ID=Bma000012.1;'
WARNING_GENE_NOT_FOUND: Gene 'null' (Contig1453:3-956) does not include 'Bma000013.1' (Contig1453:65044-65346). Created new gene 'null.11' (Contig1453:65044-65346). File '/home/tmichel/software/snpEff/./data/Bmas/genes.gff' line 30	'Contig1453	GLEAN	mRNA	65044	65346	.	+	.	ID=Bma000013.1;'
WARNING_GENE_NOT_FOUND: Gene 'null' (Contig1453:3-956) does not include 'Bma000014.1' (Contig1453:87871-88670). Created new gene 'null.12' (Contig1453:87871-88670). File '/home/tmichel/software/snpEff/./data/Bmas/genes.gff' line 32	'Contig1453	GLEAN	mRNA	87871	88670	.	-	.	ID=Bma000014.1;'
WARNING_GENE_NOT_FOUND: Gene 'null' (Contig1453:3-956) does not include 'Bma000015.1' (Contig1453:114147-116549). Created new gene 'null.13' (Contig1453:114147-116549). File '/home/tmichel/software/snpEff/./data/Bmas/genes.gff' line 36	'Contig1453	GLEAN	mRNA	114147	116549	.	+	.	ID=Bma000015.1;'
WARNING_GENE_NOT_FOUND: Gene 'null' (Contig1453:3-956) does not include 'Bma000016.1' (Contig1453:135136-135711). Created new gene 'null.14' (Contig1453:135136-135711). File '/home/tmichel/software/snpEff/./data/Bmas/genes.gff' line 41	'Contig1453	GLEAN	mRNA	135136	135711	.	+	.	ID=Bma000016.1;'
WARNING_GENE_NOT_FOUND: Gene 'null' (Contig1453:3-956) does not include 'Bma030157' (Contig1453:135252-135692). Created new gene 'null.15' (Contig1453:135252-135692). File '/home/tmichel/software/snpEff/./data/Bmas/genes.gff' line 43	'Contig1453	GLEAN	mRNA	135252	135692	.	-	.	ID=Bma030157;'
WARNING_GENE_NOT_FOUND: Gene 'null' (Contig1453:3-956) does not include 'Bma000019.1' (Contig2353:40964-41263). Created new gene 'null.16' (Contig2353:40964-41263). File '/home/tmichel/software/snpEff/./data/Bmas/genes.gff' line 46	'Contig2353	GLEAN	mRNA	40964	41263	.	-	.	ID=Bma000019.1;'
WARNING_GENE_NOT_FOUND: Gene 'null' (Contig1453:3-956) does not include 'Bma000021.1' (Contig2761:1075-2136). Created new gene 'null.17' (Contig2761:1075-2136). File '/home/tmichel/software/snpEff/./data/Bmas/genes.gff' line 48	'Contig2761	GLEAN	mRNA	1075	2136	.	-	.	ID=Bma000021.1;'
WARNING_GENE_NOT_FOUND: Gene 'null' (Contig1453:3-956) does not include 'Bma000022.1' (Contig2761:2710-3339). Created new gene 'null.18' (Contig2761:2710-3339). File '/home/tmichel/software/snpEff/./data/Bmas/genes.gff' line 50	'Contig2761	GLEAN	mRNA	2710	3339	.	-	.	ID=Bma000022.1;'
WARNING_GENE_NOT_FOUND: Gene 'null' (Contig1453:3-956) does not include 'Bma030158' (Contig2761:3568-3939). Created new gene 'null.19' (Contig2761:3568-3939). File '/home/tmichel/software/snpEff/./data/Bmas/genes.gff' line 52	'Contig2761	GLEAN	mRNA	3568	3939	.	-	.	ID=Bma030158;'
WARNING_GENE_NOT_FOUND: Gene 'null' (Contig1453:3-956) does not include 'Bma000023.1' (Contig2761:12617-13912). Created new gene 'null.20' (Contig2761:12617-13912). File '/home/tmichel/software/snpEff/./data/Bmas/genes.gff' line 54	'Contig2761	GLEAN	mRNA	12617	13912	.	-	.	ID=Bma000023.1;'
WARNING_GENE_NOT_FOUND: Gene 'null' (Contig1453:3-956) does not include 'Bma000024.1' (Contig2761:15891-16136). Created new gene 'null.21' (Contig2761:15891-16136). File '/home/tmichel/software/snpEff/./data/Bmas/genes.gff' line 56	'Contig2761	GLEAN	mRNA	15891	16136	.	-	.	ID=Bma000024.1;'
WARNING_GENE_NOT_FOUND: Gene 'null' (Contig1453:3-956) does not include 'Bma000025.1' (Contig2761:17832-18125). Created new gene 'null.22' (Contig2761:17832-18125). File '/home/tmichel/software/snpEff/./data/Bmas/genes.gff' line 58	'Contig2761	GLEAN	mRNA	17832	18125	.	-	.	ID=Bma000025.1;'
WARNING_GENE_NOT_FOUND: Gene 'null' (Contig1453:3-956) does not include 'Bma000026.1' (Contig2761:18856-29141). Created new gene 'null.23' (Contig2761:18856-29141). File '/home/tmichel/software/snpEff/./data/Bmas/genes.gff' line 60	'Contig2761	GLEAN	mRNA	18856	29141	.	-	.	ID=Bma000026.1;'
WARNING_GENE_NOT_FOUND: Gene 'null' (Contig1453:3-956) does not include 'Bma000027.1' (Contig2761:38724-39785). Created new gene 'null.24' (Contig2761:38724-39785). File '/home/tmichel/software/snpEff/./data/Bmas/genes.gff' line 67	'Contig2761	GLEAN	mRNA	38724	39785	.	+	.	ID=Bma000027.1;'
WARNING_GENE_NOT_FOUND: Gene 'null' (Contig1453:3-956) does not include 'Bma000029.1' (Contig2802:7512-9388). Created new gene 'null.25' (Contig2802:7512-9388). File '/home/tmichel/software/snpEff/./data/Bmas/genes.gff' line 69	'Contig2802	GLEAN	mRNA	7512	9388	.	-	.	ID=Bma000029.1;'
WARNING_GENE_NOT_FOUND: Gene 'null' (Contig1453:3-956) does not include 'Bma000030.1' (Contig2802:22005-22250). Created new gene 'null.26' (Contig2802:22005-22250). File '/home/tmichel/software/snpEff/./data/Bmas/genes.gff' line 72	'Contig2802	GLEAN	mRNA	22005	22250	.	-	.	ID=Bma000030.1;'
WARNING_GENE_NOT_FOUND: Gene 'null' (Contig1453:3-956) does not include 'Bma000031.1' (Contig2802:22552-23893). Created new gene 'null.27' (Contig2802:22552-23893). File '/home/tmichel/software/snpEff/./data/Bmas/genes.gff' line 74	'Contig2802	GLEAN	mRNA	22552	23893	.	-	.	ID=Bma000031.1;'
WARNING_GENE_NOT_FOUND: Too many 'WARNING_GENE_NOT_FOUND' warnings, no further warnings will be shown.
....................................................................................................
		10000	....................................................................................................
		20000	............................00:00:13 
	Total: 22861 markers added.
00:00:13 Create exons from CDS (if needed): 
00:00:13 Exons created for 22861 transcripts.
00:00:13 Deleting redundant exons (if needed): 
00:00:13 	Total transcripts with deleted exons: 0
00:00:13 Collapsing zero length introns (if needed): 
00:00:14 	Total collapsed transcripts: 0
00:00:14 	Reading sequences   :
00:00:14 	FASTA file: '/home/tmichel/software/snpEff/./data/genomes/Bmas.fa' not found.
00:00:14 	Reading FASTA file: '/home/tmichel/software/snpEff/./data/Bmas/sequences.fa'
00:00:14 		Reading sequence 'scaffold1', length: 84930515
00:00:14 		Adding genomic sequences to genes: 
00:00:14 	Done (2699 sequences added).
00:00:14 		Adding genomic sequences to exons: 
00:00:14 	Done (13206 sequences added, 0 ignored).
00:00:15 		Reading sequence 'scaffold10', length: 49116582
00:00:15 		Adding genomic sequences to genes: 
00:00:15 	Done (1325 sequences added).
00:00:15 		Adding genomic sequences to exons: 
00:00:15 	Done (6534 sequences added, 0 ignored).
00:00:15 		Reading sequence 'scaffold11', length: 46644841
00:00:15 		Adding genomic sequences to genes: 
00:00:15 	Done (1020 sequences added).
00:00:15 		Adding genomic sequences to exons: 
00:00:15 	Done (4900 sequences added, 0 ignored).
00:00:15 		Reading sequence 'scaffold12', length: 46145620
00:00:15 		Adding genomic sequences to genes: 
00:00:15 	Done (1294 sequences added).
00:00:15 		Adding genomic sequences to exons: 
00:00:15 	Done (6329 sequences added, 0 ignored).
00:00:15 		Reading sequence 'scaffold13', length: 46025341
00:00:16 		Adding genomic sequences to genes: 
00:00:16 	Done (1241 sequences added).
00:00:16 		Adding genomic sequences to exons: 
00:00:16 	Done (5909 sequences added, 0 ignored).
00:00:16 		Reading sequence 'scaffold14', length: 45922387
00:00:16 		Adding genomic sequences to genes: 
00:00:16 	Done (2126 sequences added).
00:00:16 		Adding genomic sequences to exons: 
00:00:16 	Done (11069 sequences added, 0 ignored).
00:00:16 		Reading sequence 'scaffold15', length: 45110588
00:00:16 		Adding genomic sequences to genes: 
00:00:16 	Done (1119 sequences added).
00:00:16 		Adding genomic sequences to exons: 
00:00:16 	Done (5522 sequences added, 0 ignored).
00:00:16 		Reading sequence 'scaffold2', length: 56708189
00:00:16 		Adding genomic sequences to genes: 
00:00:17 	Done (1416 sequences added).
00:00:17 		Adding genomic sequences to exons: 
00:00:17 	Done (7443 sequences added, 0 ignored).
00:00:17 		Reading sequence 'scaffold3', length: 55665139
00:00:17 		Adding genomic sequences to genes: 
00:00:17 	Done (1677 sequences added).
00:00:17 		Adding genomic sequences to exons: 
00:00:17 	Done (7751 sequences added, 0 ignored).
00:00:17 		Reading sequence 'scaffold4', length: 53895534
00:00:17 		Adding genomic sequences to genes: 
00:00:17 	Done (1707 sequences added).
00:00:17 		Adding genomic sequences to exons: 
00:00:17 	Done (8403 sequences added, 0 ignored).
00:00:17 		Reading sequence 'scaffold5', length: 53633373
00:00:17 		Adding genomic sequences to genes: 
00:00:18 	Done (1391 sequences added).
00:00:18 		Adding genomic sequences to exons: 
00:00:18 	Done (6809 sequences added, 0 ignored).
00:00:18 		Reading sequence 'scaffold6', length: 52559209
00:00:18 		Adding genomic sequences to genes: 
00:00:18 	Done (1627 sequences added).
00:00:18 		Adding genomic sequences to exons: 
00:00:18 	Done (8005 sequences added, 0 ignored).
00:00:18 		Reading sequence 'scaffold7', length: 52515067
00:00:18 		Adding genomic sequences to genes: 
00:00:18 	Done (1679 sequences added).
00:00:18 		Adding genomic sequences to exons: 
00:00:18 	Done (8346 sequences added, 0 ignored).
00:00:18 		Reading sequence 'scaffold8', length: 51801790
00:00:18 		Adding genomic sequences to genes: 
00:00:18 	Done (1201 sequences added).
00:00:18 		Adding genomic sequences to exons: 
00:00:18 	Done (5752 sequences added, 0 ignored).
00:00:19 		Reading sequence 'scaffold9', length: 49791573
00:00:19 		Adding genomic sequences to genes: 
00:00:19 	Done (1005 sequences added).
00:00:19 		Adding genomic sequences to exons: 
00:00:19 	Done (4893 sequences added, 0 ignored).
00:00:19 		Reading sequence 'Contig4648', length: 6988
00:00:19 		Adding genomic sequences to genes: 
00:00:19 	Done (0 sequences added).
00:00:19 		Adding genomic sequences to exons: 
00:00:19 	Done (0 sequences added, 0 ignored).
00:00:19 		Reading sequence 'Contig4453', length: 8983
00:00:19 		Adding genomic sequences to genes: 
00:00:19 	Done (0 sequences added).
00:00:19 		Adding genomic sequences to exons: 
00:00:19 	Done (0 sequences added, 0 ignored).
00:00:19 		Reading sequence 'Contig4220', length: 9988
00:00:19 		Adding genomic sequences to genes: 
00:00:19 	Done (0 sequences added).
00:00:19 		Adding genomic sequences to exons: 
00:00:19 	Done (0 sequences added, 0 ignored).
00:00:19 		Reading sequence 'Contig5065', length: 5988
00:00:19 		Adding genomic sequences to genes: 
00:00:19 	Done (0 sequences added).
00:00:19 		Adding genomic sequences to exons: 
00:00:19 	Done (0 sequences added, 0 ignored).
00:00:19 		Reading sequence 'Contig4342', length: 8988
00:00:19 		Adding genomic sequences to genes: 
00:00:19 	Done (0 sequences added).
00:00:19 		Adding genomic sequences to exons: 
00:00:19 	Done (0 sequences added, 0 ignored).
00:00:19 		Reading sequence 'Contig3907', length: 13993
00:00:19 		Adding genomic sequences to genes: 
00:00:19 	Done (0 sequences added).
00:00:19 		Adding genomic sequences to exons: 
00:00:19 	Done (0 sequences added, 0 ignored).
00:00:19 		Reading sequence 'Contig4687', length: 7983
00:00:19 		Adding genomic sequences to genes: 
00:00:19 	Done (0 sequences added).
00:00:19 		Adding genomic sequences to exons: 
00:00:19 	Done (0 sequences added, 0 ignored).
00:00:19 		Reading sequence 'Contig4654', length: 7987
00:00:19 		Adding genomic sequences to genes: 
00:00:19 	Done (0 sequences added).
00:00:19 		Adding genomic sequences to exons: 
00:00:19 	Done (0 sequences added, 0 ignored).
00:00:19 		Reading sequence 'Contig4770', length: 6988
00:00:19 		Adding genomic sequences to genes: 
00:00:19 	Done (0 sequences added).
00:00:19 		Adding genomic sequences to exons: 
00:00:19 	Done (0 sequences added, 0 ignored).
00:00:19 		Reading sequence 'Contig4997', length: 4988
00:00:19 		Adding genomic sequences to genes: 
00:00:19 	Done (0 sequences added).
00:00:19 		Adding genomic sequences to exons: 
00:00:19 	Done (0 sequences added, 0 ignored).
00:00:19 		Reading sequence 'Contig4735', length: 6987
00:00:19 		Adding genomic sequences to genes: 
00:00:19 	Done (0 sequences added).
00:00:19 		Adding genomic sequences to exons: 
00:00:19 	Done (0 sequences added, 0 ignored).
00:00:19 		Reading sequence 'Contig4906', length: 5988
00:00:19 		Adding genomic sequences to genes: 
00:00:19 	Done (0 sequences added).
00:00:19 		Adding genomic sequences to exons: 
00:00:19 	Done (0 sequences added, 0 ignored).
00:00:19 		Reading sequence 'Contig5063', length: 4988
00:00:19 		Adding genomic sequences to genes: 
00:00:19 	Done (0 sequences added).
00:00:19 		Adding genomic sequences to exons: 
00:00:19 	Done (0 sequences added, 0 ignored).
00:00:19 		Reading sequence 'Contig4606', length: 7988
00:00:19 		Adding genomic sequences to genes: 
00:00:19 	Done (0 sequences added).
00:00:19 		Adding genomic sequences to exons: 
00:00:19 	Done (0 sequences added, 0 ignored).
00:00:19 		Reading sequence 'Contig3675', length: 16969
00:00:19 		Adding genomic sequences to genes: 
00:00:19 	Done (0 sequences added).
00:00:19 		Adding genomic sequences to exons: 
00:00:19 	Done (0 sequences added, 0 ignored).
00:00:19 		Reading sequence 'Contig4536', length: 7988
00:00:19 		Adding genomic sequences to genes: 
00:00:19 	Done (0 sequences added).
00:00:19 		Adding genomic sequences to exons: 
00:00:19 	Done (0 sequences added, 0 ignored).
00:00:19 		Reading sequence 'Contig4449', length: 8988
00:00:19 		Adding genomic sequences to genes: 
00:00:19 	Done (0 sequences added).
00:00:19 		Adding genomic sequences to exons: 
00:00:19 	Done (0 sequences added, 0 ignored).
00:00:19 		Reading sequence 'Contig4923', length: 5987
00:00:19 		Adding genomic sequences to genes: 
00:00:19 	Done (0 sequences added).
00:00:19 		Adding genomic sequences to exons: 
00:00:19 	Done (0 sequences added, 0 ignored).
00:00:19 		Reading sequence 'Contig4356', length: 9061
00:00:19 		Adding genomic sequences to genes: 
00:00:19 	Done (0 sequences added).
00:00:19 		Adding genomic sequences to exons: 
00:00:19 	Done (0 sequences added, 0 ignored).
00:00:19 		Reading sequence 'Contig4440', length: 7984
00:00:19 		Adding genomic sequences to genes: 
00:00:19 	Done (0 sequences added).
00:00:19 		Adding genomic sequences to exons: 
00:00:19 	Done (0 sequences added, 0 ignored).
00:00:19 		Reading sequence 'Contig5187', length: 6988
00:00:19 		Adding genomic sequences to genes: 
00:00:19 	Done (1 sequences added).
00:00:19 		Adding genomic sequences to exons: 
00:00:19 	Done (1 sequences added, 0 ignored).
00:00:19 		Reading sequence 'Contig3667', length: 16987
00:00:19 		Adding genomic sequences to genes: 
00:00:19 	Done (0 sequences added).
00:00:19 		Adding genomic sequences to exons: 
00:00:19 	Done (0 sequences added, 0 ignored).
00:00:19 		Reading sequence 'Contig4636', length: 7988
00:00:19 		Adding genomic sequences to genes: 
00:00:19 	Done (0 sequences added).
00:00:19 		Adding genomic sequences to exons: 
00:00:19 	Done (0 sequences added, 0 ignored).
00:00:19 		Reading sequence 'Contig4751', length: 6964
00:00:19 		Adding genomic sequences to genes: 
00:00:19 	Done (0 sequences added).
00:00:19 		Adding genomic sequences to exons: 
00:00:19 	Done (0 sequences added, 0 ignored).
00:00:19 		Reading sequence 'Contig5057', length: 4988
00:00:19 		Adding genomic sequences to genes: 
00:00:19 	Done (0 sequences added).
00:00:19 		Adding genomic sequences to exons: 
00:00:19 	Done (0 sequences added, 0 ignored).
00:00:19 		Reading sequence 'Contig5023', length: 5988
00:00:19 		Adding genomic sequences to genes: 
00:00:19 	Done (0 sequences added).
00:00:19 		Adding genomic sequences to exons: 
00:00:19 	Done (0 sequences added, 0 ignored).
00:00:19 		Reading sequence 'Contig4300', length: 8988
00:00:19 		Adding genomic sequences to genes: 
00:00:19 	Done (0 sequences added).
00:00:19 		Adding genomic sequences to exons: 
00:00:19 	Done (0 sequences added, 0 ignored).
00:00:19 		Reading sequence 'Contig3900', length: 13988
00:00:19 		Adding genomic sequences to genes: 
00:00:19 	Done (0 sequences added).
00:00:19 		Adding genomic sequences to exons: 
00:00:19 	Done (0 sequences added, 0 ignored).
00:00:19 		Reading sequence 'Contig4313', length: 9990
00:00:19 		Adding genomic sequences to genes: 
00:00:19 	Done (0 sequences added).
00:00:19 		Adding genomic sequences to exons: 
00:00:19 	Done (0 sequences added, 0 ignored).
00:00:19 		Reading sequence 'Contig5124', length: 5988
00:00:19 		Adding genomic sequences to genes: 
00:00:19 	Done (0 sequences added).
00:00:19 		Adding genomic sequences to exons: 
00:00:19 	Done (0 sequences added, 0 ignored).
00:00:19 		Reading sequence 'Contig4164', length: 14431
00:00:19 		Adding genomic sequences to genes: 
00:00:19 	Done (0 sequences added).
00:00:19 		Adding genomic sequences to exons: 
00:00:19 	Done (0 sequences added, 0 ignored).
00:00:19 		Reading sequence 'Contig4960', length: 6988
00:00:19 		Adding genomic sequences to genes: 
00:00:19 	Done (0 sequences added).
00:00:19 		Adding genomic sequences to exons: 
00:00:19 	Done (0 sequences added, 0 ignored).
00:00:19 		Reading sequence 'Contig3503', length: 16022
00:00:19 		Adding genomic sequences to genes: 
00:00:19 	Done (0 sequences added).
00:00:19 		Adding genomic sequences to exons: 
00:00:19 	Done (0 sequences added, 0 ignored).
00:00:19 		Reading sequence 'Contig4118', length: 11988
00:00:19 		Adding genomic sequences to genes: 
00:00:19 	Done (0 sequences added).
00:00:19 		Adding genomic sequences to exons: 
00:00:19 	Done (0 sequences added, 0 ignored).
00:00:19 		Reading sequence 'Contig4349', length: 18987
00:00:19 		Adding genomic sequences to genes: 
00:00:19 	Done (0 sequences added).
00:00:19 		Adding genomic sequences to exons: 
00:00:19 	Done (0 sequences added, 0 ignored).
00:00:19 		Reading sequence 'Contig4626', length: 7984
00:00:19 		Adding genomic sequences to genes: 
00:00:19 	Done (0 sequences added).
00:00:19 		Adding genomic sequences to exons: 
00:00:19 	Done (0 sequences added, 0 ignored).
00:00:19 		Reading sequence 'Contig4527', length: 7988
00:00:19 		Adding genomic sequences to genes: 
00:00:19 	Done (0 sequences added).
00:00:19 		Adding genomic sequences to exons: 
00:00:19 	Done (0 sequences added, 0 ignored).
00:00:19 		Reading sequence 'Contig4662', length: 7984
00:00:19 		Adding genomic sequences to genes: 
00:00:19 	Done (0 sequences added).
00:00:19 		Adding genomic sequences to exons: 
00:00:19 	Done (0 sequences added, 0 ignored).
00:00:19 		Reading sequence 'Contig4016', length: 12988
00:00:19 		Adding genomic sequences to genes: 
00:00:19 	Done (0 sequences added).
00:00:19 		Adding genomic sequences to exons: 
00:00:19 	Done (0 sequences added, 0 ignored).
00:00:19 		Reading sequence 'Contig5019', length: 5902
00:00:19 		Adding genomic sequences to genes: 
00:00:19 	Done (3 sequences added).
00:00:19 		Adding genomic sequences to exons: 
00:00:19 	Done (3 sequences added, 0 ignored).
00:00:19 		Reading sequence 'Contig4747', length: 6987
00:00:19 		Adding genomic sequences to genes: 
00:00:19 	Done (0 sequences added).
00:00:19 		Adding genomic sequences to exons: 
00:00:19 	Done (0 sequences added, 0 ignored).
00:00:19 		Reading sequence 'Contig3886', length: 13988
00:00:19 		Adding genomic sequences to genes: 
00:00:19 	Done (0 sequences added).
00:00:19 		Adding genomic sequences to exons: 
00:00:19 	Done (0 sequences added, 0 ignored).
00:00:19 		Reading sequence 'Contig3584', length: 20584
00:00:19 		Adding genomic sequences to genes: 
00:00:19 	Done (0 sequences added).
00:00:19 		Adding genomic sequences to exons: 
00:00:19 	Done (0 sequences added, 0 ignored).
00:00:19 		Reading sequence 'Contig4372', length: 9988
00:00:19 		Adding genomic sequences to genes: 
00:00:19 	Done (0 sequences added).
00:00:19 		Adding genomic sequences to exons: 
00:00:19 	Done (0 sequences added, 0 ignored).
00:00:19 		Reading sequence 'Contig3860', length: 15005
00:00:19 		Adding genomic sequences to genes: 
00:00:19 	Done (0 sequences added).
00:00:19 		Adding genomic sequences to exons: 
00:00:19 	Done (0 sequences added, 0 ignored).
00:00:19 		Reading sequence 'Contig4871', length: 6982
00:00:19 		Adding genomic sequences to genes: 
00:00:19 	Done (0 sequences added).
00:00:19 		Adding genomic sequences to exons: 
00:00:19 	Done (0 sequences added, 0 ignored).
00:00:19 		Reading sequence 'Contig3846', length: 14986
00:00:19 		Adding genomic sequences to genes: 
00:00:19 	Done (0 sequences added).
00:00:19 		Adding genomic sequences to exons: 
00:00:19 	Done (0 sequences added, 0 ignored).
00:00:19 		Reading sequence 'Contig3767', length: 14993
00:00:19 		Adding genomic sequences to genes: 
00:00:19 	Done (0 sequences added).
00:00:19 		Adding genomic sequences to exons: 
00:00:19 	Done (0 sequences added, 0 ignored).
00:00:19 		Reading sequence 'Contig5159', length: 14984
00:00:19 		Adding genomic sequences to genes: 
00:00:19 	Done (0 sequences added).
00:00:19 		Adding genomic sequences to exons: 
00:00:19 	Done (0 sequences added, 0 ignored).
00:00:19 		Reading sequence 'Contig4653', length: 6987
00:00:19 		Adding genomic sequences to genes: 
00:00:19 	Done (0 sequences added).
00:00:19 		Adding genomic sequences to exons: 
00:00:19 	Done (0 sequences added, 0 ignored).
00:00:19 		Reading sequence 'Contig4177', length: 11985
00:00:19 		Adding genomic sequences to genes: 
00:00:19 	Done (0 sequences added).
00:00:19 		Adding genomic sequences to exons: 
00:00:19 	Done (0 sequences added, 0 ignored).
00:00:19 		Reading sequence 'Contig4589', length: 7988
00:00:19 		Adding genomic sequences to genes: 
00:00:19 	Done (0 sequences added).
00:00:19 		Adding genomic sequences to exons: 
00:00:19 	Done (0 sequences added, 0 ignored).
00:00:19 		Reading sequence 'Contig4197', length: 10988
00:00:19 		Adding genomic sequences to genes: 
00:00:19 	Done (0 sequences added).
00:00:19 		Adding genomic sequences to exons: 
00:00:19 	Done (0 sequences added, 0 ignored).
00:00:19 		Reading sequence 'Contig4281', length: 9989
00:00:19 		Adding genomic sequences to genes: 
00:00:19 	Done (0 sequences added).
00:00:19 		Adding genomic sequences to exons: 
00:00:19 	Done (0 sequences added, 0 ignored).
00:00:19 		Reading sequence 'Contig5189', length: 23186
00:00:19 		Adding genomic sequences to genes: 
00:00:19 	Done (1 sequences added).
00:00:19 		Adding genomic sequences to exons: 
00:00:19 	Done (4 sequences added, 0 ignored).
00:00:19 		Reading sequence 'Contig4505', length: 8988
00:00:19 		Adding genomic sequences to genes: 
00:00:19 	Done (0 sequences added).
00:00:19 		Adding genomic sequences to exons: 
00:00:19 	Done (0 sequences added, 0 ignored).
00:00:19 		Reading sequence 'Contig4128', length: 11988
00:00:19 		Adding genomic sequences to genes: 
00:00:19 	Done (0 sequences added).
00:00:19 		Adding genomic sequences to exons: 
00:00:19 	Done (0 sequences added, 0 ignored).
00:00:19 		Reading sequence 'Contig5205', length: 23984
00:00:19 		Adding genomic sequences to genes: 
00:00:19 	Done (0 sequences added).
00:00:19 		Adding genomic sequences to exons: 
00:00:19 	Done (0 sequences added, 0 ignored).
00:00:19 		Reading sequence 'Contig4285', length: 9991
00:00:19 		Adding genomic sequences to genes: 
00:00:19 	Done (1 sequences added).
00:00:19 		Adding genomic sequences to exons: 
00:00:19 	Done (2 sequences added, 0 ignored).
00:00:19 		Reading sequence 'Contig4125', length: 12988
00:00:19 		Adding genomic sequences to genes: 
00:00:19 	Done (0 sequences added).
00:00:19 		Adding genomic sequences to exons: 
00:00:19 	Done (0 sequences added, 0 ignored).
00:00:19 		Reading sequence 'Contig2874', length: 54487
00:00:19 		Adding genomic sequences to genes: 
00:00:19 	Done (20 sequences added).
00:00:19 		Adding genomic sequences to exons: 
00:00:19 	Done (26 sequences added, 0 ignored).
00:00:19 		Reading sequence 'Contig4800', length: 6987
00:00:19 		Adding genomic sequences to genes: 
00:00:19 	Done (0 sequences added).
00:00:19 		Adding genomic sequences to exons: 
00:00:19 	Done (0 sequences added, 0 ignored).
00:00:19 		Reading sequence 'Contig4275', length: 8988
00:00:19 		Adding genomic sequences to genes: 
00:00:19 	Done (0 sequences added).
00:00:19 		Adding genomic sequences to exons: 
00:00:19 	Done (0 sequences added, 0 ignored).
00:00:19 		Reading sequence 'Contig5084', length: 4988
00:00:19 		Adding genomic sequences to genes: 
00:00:19 	Done (0 sequences added).
00:00:19 		Adding genomic sequences to exons: 
00:00:19 	Done (0 sequences added, 0 ignored).
00:00:19 		Reading sequence 'Contig4515', length: 7987
00:00:19 		Adding genomic sequences to genes: 
00:00:19 	Done (0 sequences added).
00:00:19 		Adding genomic sequences to exons: 
00:00:19 	Done (0 sequences added, 0 ignored).
00:00:19 		Reading sequence 'Contig4948', length: 5987
00:00:19 		Adding genomic sequences to genes: 
00:00:19 	Done (0 sequences added).
00:00:19 		Adding genomic sequences to exons: 
00:00:19 	Done (0 sequences added, 0 ignored).
00:00:19 		Reading sequence 'Contig4320', length: 8992
00:00:19 		Adding genomic sequences to genes: 
00:00:19 	Done (0 sequences added).
00:00:19 		Adding genomic sequences to exons: 
00:00:19 	Done (0 sequences added, 0 ignored).
00:00:19 		Reading sequence 'Contig3890', length: 13961
00:00:19 		Adding genomic sequences to genes: 
00:00:19 	Done (0 sequences added).
00:00:19 		Adding genomic sequences to exons: 
00:00:19 	Done (0 sequences added, 0 ignored).
00:00:19 		Reading sequence 'Contig4004', length: 12984
00:00:19 		Adding genomic sequences to genes: 
00:00:19 	Done (0 sequences added).
00:00:19 		Adding genomic sequences to exons: 
00:00:19 	Done (0 sequences added, 0 ignored).
00:00:19 		Reading sequence 'Contig5216', length: 20988
00:00:19 		Adding genomic sequences to genes: 
00:00:19 	Done (0 sequences added).
00:00:19 		Adding genomic sequences to exons: 
00:00:19 	Done (0 sequences added, 0 ignored).
00:00:19 		Reading sequence 'Contig3868', length: 13982
00:00:19 		Adding genomic sequences to genes: 
00:00:19 	Done (1 sequences added).
00:00:19 		Adding genomic sequences to exons: 
00:00:19 	Done (4 sequences added, 0 ignored).
00:00:19 		Reading sequence 'Contig4914', length: 5987
00:00:19 		Adding genomic sequences to genes: 
00:00:19 	Done (0 sequences added).
00:00:19 		Adding genomic sequences to exons: 
00:00:19 	Done (0 sequences added, 0 ignored).
00:00:19 		Reading sequence 'Contig5045', length: 5988
00:00:19 		Adding genomic sequences to genes: 
00:00:19 	Done (0 sequences added).
00:00:19 		Adding genomic sequences to exons: 
00:00:19 	Done (0 sequences added, 0 ignored).
00:00:19 		Reading sequence 'Contig4103', length: 11988
00:00:19 		Adding genomic sequences to genes: 
00:00:19 	Done (0 sequences added).
00:00:19 		Adding genomic sequences to exons: 
00:00:19 	Done (0 sequences added, 0 ignored).
00:00:19 		Reading sequence 'Contig4921', length: 5987
00:00:19 		Adding genomic sequences to genes: 
00:00:19 	Done (0 sequences added).
00:00:19 		Adding genomic sequences to exons: 
00:00:19 	Done (0 sequences added, 0 ignored).
00:00:19 		Reading sequence 'Contig4044', length: 12683
00:00:19 		Adding genomic sequences to genes: 
00:00:19 	Done (1 sequences added).
00:00:19 		Adding genomic sequences to exons: 
00:00:19 	Done (1 sequences added, 0 ignored).
00:00:19 		Reading sequence 'Contig4217', length: 10991
00:00:19 		Adding genomic sequences to genes: 
00:00:19 	Done (0 sequences added).
00:00:19 		Adding genomic sequences to exons: 
00:00:19 	Done (0 sequences added, 0 ignored).
00:00:19 		Reading sequence 'Contig4580', length: 7988
00:00:19 		Adding genomic sequences to genes: 
00:00:19 	Done (0 sequences added).
00:00:19 		Adding genomic sequences to exons: 
00:00:19 	Done (0 sequences added, 0 ignored).
00:00:19 		Reading sequence 'Contig4546', length: 7988
00:00:19 		Adding genomic sequences to genes: 
00:00:19 	Done (0 sequences added).
00:00:19 		Adding genomic sequences to exons: 
00:00:19 	Done (0 sequences added, 0 ignored).
00:00:19 		Reading sequence 'Contig5033', length: 5987
00:00:19 		Adding genomic sequences to genes: 
00:00:19 	Done (0 sequences added).
00:00:19 		Adding genomic sequences to exons: 
00:00:19 	Done (0 sequences added, 0 ignored).
00:00:19 		Reading sequence 'Contig4961', length: 5988
00:00:19 		Adding genomic sequences to genes: 
00:00:19 	Done (0 sequences added).
00:00:19 		Adding genomic sequences to exons: 
00:00:19 	Done (0 sequences added, 0 ignored).
00:00:19 		Reading sequence 'Contig3712', length: 18988
00:00:19 		Adding genomic sequences to genes: 
00:00:19 	Done (0 sequences added).
00:00:19 		Adding genomic sequences to exons: 
00:00:19 	Done (0 sequences added, 0 ignored).
00:00:19 		Reading sequence 'Contig5056', length: 3985
00:00:19 		Adding genomic sequences to genes: 
00:00:19 	Done (0 sequences added).
00:00:19 		Adding genomic sequences to exons: 
00:00:19 	Done (0 sequences added, 0 ignored).
00:00:19 		Reading sequence 'Contig4832', length: 6988
00:00:19 		Adding genomic sequences to genes: 
00:00:19 	Done (0 sequences added).
00:00:19 		Adding genomic sequences to exons: 
00:00:19 	Done (0 sequences added, 0 ignored).
00:00:19 		Reading sequence 'Contig5093', length: 4987
00:00:19 		Adding genomic sequences to genes: 
00:00:19 	Done (0 sequences added).
00:00:19 		Adding genomic sequences to exons: 
00:00:19 	Done (0 sequences added, 0 ignored).
00:00:19 		Reading sequence 'Contig4896', length: 5989
00:00:19 		Adding genomic sequences to genes: 
00:00:19 	Done (0 sequences added).
00:00:19 		Adding genomic sequences to exons: 
00:00:19 	Done (0 sequences added, 0 ignored).
00:00:19 		Reading sequence 'Contig4056', length: 12167
00:00:19 		Adding genomic sequences to genes: 
00:00:19 	Done (0 sequences added).
00:00:19 		Adding genomic sequences to exons: 
00:00:19 	Done (0 sequences added, 0 ignored).
00:00:19 		Reading sequence 'Contig3415', length: 21988
00:00:19 		Adding genomic sequences to genes: 
00:00:19 	Done (0 sequences added).
00:00:19 		Adding genomic sequences to exons: 
00:00:19 	Done (0 sequences added, 0 ignored).
00:00:19 		Reading sequence 'Contig4988', length: 5988
00:00:19 		Adding genomic sequences to genes: 
00:00:19 	Done (0 sequences added).
00:00:19 		Adding genomic sequences to exons: 
00:00:19 	Done (0 sequences added, 0 ignored).
00:00:19 		Reading sequence 'Contig4483', length: 8141
00:00:19 		Adding genomic sequences to genes: 
00:00:19 	Done (1 sequences added).
00:00:19 		Adding genomic sequences to exons: 
00:00:19 	Done (1 sequences added, 0 ignored).
00:00:19 		Reading sequence 'Contig4296', length: 9946
00:00:19 		Adding genomic sequences to genes: 
00:00:19 	Done (1 sequences added).
00:00:19 		Adding genomic sequences to exons: 
00:00:19 	Done (13 sequences added, 0 ignored).
00:00:19 		Reading sequence 'Contig4826', length: 6988
00:00:19 		Adding genomic sequences to genes: 
00:00:19 	Done (0 sequences added).
00:00:19 		Adding genomic sequences to exons: 
00:00:19 	Done (0 sequences added, 0 ignored).
00:00:19 		Reading sequence 'Contig4884', length: 6988
00:00:19 		Adding genomic sequences to genes: 
00:00:19 	Done (0 sequences added).
00:00:19 		Adding genomic sequences to exons: 
00:00:19 	Done (0 sequences added, 0 ignored).
00:00:19 		Reading sequence 'Contig4551', length: 7988
00:00:19 		Adding genomic sequences to genes: 
00:00:19 	Done (0 sequences added).
00:00:19 		Adding genomic sequences to exons: 
00:00:19 	Done (0 sequences added, 0 ignored).
00:00:19 		Reading sequence 'Contig4591', length: 6987
00:00:19 		Adding genomic sequences to genes: 
00:00:19 	Done (0 sequences added).
00:00:19 		Adding genomic sequences to exons: 
00:00:19 	Done (0 sequences added, 0 ignored).
00:00:19 		Reading sequence 'Contig4168', length: 9997
00:00:19 		Adding genomic sequences to genes: 
00:00:19 	Done (0 sequences added).
00:00:19 		Adding genomic sequences to exons: 
00:00:19 	Done (0 sequences added, 0 ignored).
00:00:19 		Reading sequence 'Contig3025', length: 30972
00:00:19 		Adding genomic sequences to genes: 
00:00:19 	Done (0 sequences added).
00:00:19 		Adding genomic sequences to exons: 
00:00:19 	Done (0 sequences added, 0 ignored).
00:00:19 		Reading sequence 'Contig4849', length: 24988
00:00:19 		Adding genomic sequences to genes: 
00:00:19 	Done (0 sequences added).
00:00:19 		Adding genomic sequences to exons: 
00:00:19 	Done (0 sequences added, 0 ignored).
00:00:19 		Reading sequence 'Contig4984', length: 5987
00:00:19 		Adding genomic sequences to genes: 
00:00:19 	Done (0 sequences added).
00:00:19 		Adding genomic sequences to exons: 
00:00:19 	Done (0 sequences added, 0 ignored).
00:00:19 		Reading sequence 'Contig4535', length: 6985
00:00:19 		Adding genomic sequences to genes: 
00:00:19 	Done (0 sequences added).
00:00:19 		Adding genomic sequences to exons: 
00:00:19 	Done (0 sequences added, 0 ignored).
00:00:19 		Reading sequence 'Contig4930', length: 17988
00:00:19 		Adding genomic sequences to genes: 
00:00:19 	Done (0 sequences added).
00:00:19 		Adding genomic sequences to exons: 
00:00:19 	Done (0 sequences added, 0 ignored).
00:00:19 		Reading sequence 'Contig3856', length: 14988
00:00:19 		Adding genomic sequences to genes: 
00:00:19 	Done (0 sequences added).
00:00:19 		Adding genomic sequences to exons: 
00:00:19 	Done (0 sequences added, 0 ignored).
00:00:19 		Reading sequence 'Contig4441', length: 8988
00:00:19 		Adding genomic sequences to genes: 
00:00:19 	Done (0 sequences added).
00:00:19 		Adding genomic sequences to exons: 
00:00:19 	Done (0 sequences added, 0 ignored).
00:00:19 		Reading sequence 'Contig4937', length: 6988
00:00:19 		Adding genomic sequences to genes: 
00:00:19 	Done (0 sequences added).
00:00:19 		Adding genomic sequences to exons: 
00:00:19 	Done (0 sequences added, 0 ignored).
00:00:19 		Reading sequence 'Contig3295', length: 25937
00:00:19 		Adding genomic sequences to genes: 
00:00:19 	Done (5 sequences added).
00:00:19 		Adding genomic sequences to exons: 
00:00:19 	Done (7 sequences added, 0 ignored).
00:00:19 		Reading sequence 'Contig3774', length: 17991
00:00:19 		Adding genomic sequences to genes: 
00:00:19 	Done (0 sequences added).
00:00:19 		Adding genomic sequences to exons: 
00:00:19 	Done (0 sequences added, 0 ignored).
00:00:19 		Reading sequence 'Contig4612', length: 6983
00:00:19 		Adding genomic sequences to genes: 
00:00:19 	Done (0 sequences added).
00:00:19 		Adding genomic sequences to exons: 
00:00:19 	Done (0 sequences added, 0 ignored).
00:00:19 		Reading sequence 'Contig4371', length: 10982
00:00:19 		Adding genomic sequences to genes: 
00:00:19 	Done (0 sequences added).
00:00:19 		Adding genomic sequences to exons: 
00:00:19 	Done (0 sequences added, 0 ignored).
00:00:19 		Reading sequence 'Contig4640', length: 6988
00:00:19 		Adding genomic sequences to genes: 
00:00:19 	Done (0 sequences added).
00:00:19 		Adding genomic sequences to exons: 
00:00:19 	Done (0 sequences added, 0 ignored).
00:00:19 		Reading sequence 'Contig4600', length: 6987
00:00:19 		Adding genomic sequences to genes: 
00:00:19 	Done (0 sequences added).
00:00:19 		Adding genomic sequences to exons: 
00:00:19 	Done (0 sequences added, 0 ignored).
00:00:19 		Reading sequence 'Contig3992', length: 12987
00:00:19 		Adding genomic sequences to genes: 
00:00:19 	Done (0 sequences added).
00:00:19 		Adding genomic sequences to exons: 
00:00:19 	Done (0 sequences added, 0 ignored).
00:00:19 		Reading sequence 'Contig4712', length: 14981
00:00:19 		Adding genomic sequences to genes: 
00:00:19 	Done (0 sequences added).
00:00:19 		Adding genomic sequences to exons: 
00:00:19 	Done (0 sequences added, 0 ignored).
00:00:19 		Reading sequence 'Contig4417', length: 8757
00:00:19 		Adding genomic sequences to genes: 
00:00:19 	Done (0 sequences added).
00:00:19 		Adding genomic sequences to exons: 
00:00:19 	Done (0 sequences added, 0 ignored).
00:00:19 		Reading sequence 'Contig4998', length: 4988
00:00:19 		Adding genomic sequences to genes: 
00:00:19 	Done (0 sequences added).
00:00:19 		Adding genomic sequences to exons: 
00:00:19 	Done (0 sequences added, 0 ignored).
00:00:19 		Reading sequence 'Contig2761', length: 40610
00:00:19 		Adding genomic sequences to genes: 
00:00:19 	Done (8 sequences added).
00:00:19 		Adding genomic sequences to exons: 
00:00:19 	Done (13 sequences added, 0 ignored).
00:00:19 		Reading sequence 'Contig4452', length: 7988
00:00:19 		Adding genomic sequences to genes: 
00:00:19 	Done (0 sequences added).
00:00:19 		Adding genomic sequences to exons: 
00:00:19 	Done (0 sequences added, 0 ignored).
00:00:19 		Reading sequence 'Contig5064', length: 4987
00:00:19 		Adding genomic sequences to genes: 
00:00:19 	Done (0 sequences added).
00:00:19 		Adding genomic sequences to exons: 
00:00:19 	Done (0 sequences added, 0 ignored).
00:00:19 		Reading sequence 'Contig4142', length: 10418
00:00:19 		Adding genomic sequences to genes: 
00:00:19 	Done (0 sequences added).
00:00:19 		Adding genomic sequences to exons: 
00:00:19 	Done (0 sequences added, 0 ignored).
00:00:19 		Reading sequence 'Contig5025', length: 5048
00:00:19 		Adding genomic sequences to genes: 
00:00:19 	Done (0 sequences added).
00:00:19 		Adding genomic sequences to exons: 
00:00:19 	Done (0 sequences added, 0 ignored).
00:00:19 		Reading sequence 'Contig4478', length: 7988
00:00:19 		Adding genomic sequences to genes: 
00:00:19 	Done (0 sequences added).
00:00:19 		Adding genomic sequences to exons: 
00:00:19 	Done (0 sequences added, 0 ignored).
00:00:19 		Reading sequence 'Contig4446', length: 8988
00:00:19 		Adding genomic sequences to genes: 
00:00:19 	Done (0 sequences added).
00:00:19 		Adding genomic sequences to exons: 
00:00:19 	Done (0 sequences added, 0 ignored).
00:00:19 		Reading sequence 'Contig4389', length: 20988
00:00:19 		Adding genomic sequences to genes: 
00:00:19 	Done (0 sequences added).
00:00:19 		Adding genomic sequences to exons: 
00:00:19 	Done (0 sequences added, 0 ignored).
00:00:19 		Reading sequence 'Contig4494', length: 8988
00:00:19 		Adding genomic sequences to genes: 
00:00:19 	Done (0 sequences added).
00:00:19 		Adding genomic sequences to exons: 
00:00:19 	Done (0 sequences added, 0 ignored).
00:00:19 		Reading sequence 'Contig4301', length: 9976
00:00:19 		Adding genomic sequences to genes: 
00:00:19 	Done (0 sequences added).
00:00:19 		Adding genomic sequences to exons: 
00:00:19 	Done (0 sequences added, 0 ignored).
00:00:19 		Reading sequence 'Contig4605', length: 7990
00:00:19 		Adding genomic sequences to genes: 
00:00:19 	Done (0 sequences added).
00:00:19 		Adding genomic sequences to exons: 
00:00:19 	Done (0 sequences added, 0 ignored).
00:00:19 		Reading sequence 'Contig4431', length: 7988
00:00:19 		Adding genomic sequences to genes: 
00:00:19 	Done (0 sequences added).
00:00:19 		Adding genomic sequences to exons: 
00:00:19 	Done (0 sequences added, 0 ignored).
00:00:19 		Reading sequence 'Contig3643', length: 17988
00:00:19 		Adding genomic sequences to genes: 
00:00:19 	Done (0 sequences added).
00:00:19 		Adding genomic sequences to exons: 
00:00:19 	Done (0 sequences added, 0 ignored).
00:00:19 		Reading sequence 'Contig4187', length: 11059
00:00:19 		Adding genomic sequences to genes: 
00:00:19 	Done (0 sequences added).
00:00:19 		Adding genomic sequences to exons: 
00:00:19 	Done (0 sequences added, 0 ignored).
00:00:19 		Reading sequence 'Contig5018', length: 4988
00:00:19 		Adding genomic sequences to genes: 
00:00:19 	Done (0 sequences added).
00:00:19 		Adding genomic sequences to exons: 
00:00:19 	Done (0 sequences added, 0 ignored).
00:00:19 		Reading sequence 'Contig3821', length: 14989
00:00:19 		Adding genomic sequences to genes: 
00:00:19 	Done (0 sequences added).
00:00:19 		Adding genomic sequences to exons: 
00:00:19 	Done (0 sequences added, 0 ignored).
00:00:19 		Reading sequence 'Contig3723', length: 16987
00:00:19 		Adding genomic sequences to genes: 
00:00:19 	Done (0 sequences added).
00:00:19 		Adding genomic sequences to exons: 
00:00:19 	Done (0 sequences added, 0 ignored).
00:00:19 		Reading sequence 'Contig5094', length: 4988
00:00:19 		Adding genomic sequences to genes: 
00:00:19 	Done (0 sequences added).
00:00:19 		Adding genomic sequences to exons: 
00:00:19 	Done (0 sequences added, 0 ignored).
00:00:19 		Reading sequence 'Contig4254', length: 9588
00:00:19 		Adding genomic sequences to genes: 
00:00:19 	Done (0 sequences added).
00:00:19 		Adding genomic sequences to exons: 
00:00:19 	Done (0 sequences added, 0 ignored).
00:00:19 		Reading sequence 'Contig4748', length: 6988
00:00:19 		Adding genomic sequences to genes: 
00:00:19 	Done (0 sequences added).
00:00:19 		Adding genomic sequences to exons: 
00:00:19 	Done (0 sequences added, 0 ignored).
00:00:19 		Reading sequence 'Contig4308', length: 7988
00:00:19 		Adding genomic sequences to genes: 
00:00:19 	Done (0 sequences added).
00:00:19 		Adding genomic sequences to exons: 
00:00:19 	Done (0 sequences added, 0 ignored).
00:00:19 		Reading sequence 'Contig3964', length: 13981
00:00:19 		Adding genomic sequences to genes: 
00:00:19 	Done (0 sequences added).
00:00:19 		Adding genomic sequences to exons: 
00:00:19 	Done (0 sequences added, 0 ignored).
00:00:19 		Reading sequence 'Contig5078', length: 5988
00:00:19 		Adding genomic sequences to genes: 
00:00:19 	Done (0 sequences added).
00:00:19 		Adding genomic sequences to exons: 
00:00:19 	Done (0 sequences added, 0 ignored).
00:00:19 		Reading sequence 'Contig4716', length: 6985
00:00:19 		Adding genomic sequences to genes: 
00:00:19 	Done (0 sequences added).
00:00:19 		Adding genomic sequences to exons: 
00:00:19 	Done (0 sequences added, 0 ignored).
00:00:19 		Reading sequence 'Contig5179', length: 13986
00:00:19 		Adding genomic sequences to genes: 
00:00:19 	Done (0 sequences added).
00:00:19 		Adding genomic sequences to exons: 
00:00:19 	Done (0 sequences added, 0 ignored).
00:00:19 		Reading sequence 'Contig4547', length: 7979
00:00:19 		Adding genomic sequences to genes: 
00:00:19 	Done (0 sequences added).
00:00:19 		Adding genomic sequences to exons: 
00:00:19 	Done (0 sequences added, 0 ignored).
00:00:19 		Reading sequence 'Contig4627', length: 7986
00:00:19 		Adding genomic sequences to genes: 
00:00:19 	Done (0 sequences added).
00:00:19 		Adding genomic sequences to exons: 
00:00:19 	Done (0 sequences added, 0 ignored).
00:00:19 		Reading sequence 'Contig4032', length: 11988
00:00:19 		Adding genomic sequences to genes: 
00:00:19 	Done (0 sequences added).
00:00:19 		Adding genomic sequences to exons: 
00:00:19 	Done (0 sequences added, 0 ignored).
00:00:19 		Reading sequence 'Contig5010', length: 5989
00:00:19 		Adding genomic sequences to genes: 
00:00:19 	Done (0 sequences added).
00:00:19 		Adding genomic sequences to exons: 
00:00:19 	Done (0 sequences added, 0 ignored).
00:00:19 		Reading sequence 'Contig5116', length: 5053
00:00:19 		Adding genomic sequences to genes: 
00:00:19 	Done (1 sequences added).
00:00:19 		Adding genomic sequences to exons: 
00:00:19 	Done (4 sequences added, 0 ignored).
00:00:19 		Reading sequence 'Contig4191', length: 10990
00:00:19 		Adding genomic sequences to genes: 
00:00:19 	Done (0 sequences added).
00:00:19 		Adding genomic sequences to exons: 
00:00:19 	Done (0 sequences added, 0 ignored).
00:00:19 		Reading sequence 'Contig5070', length: 5988
00:00:19 		Adding genomic sequences to genes: 
00:00:19 	Done (0 sequences added).
00:00:19 		Adding genomic sequences to exons: 
00:00:19 	Done (0 sequences added, 0 ignored).
00:00:19 		Reading sequence 'Contig4034', length: 11977
00:00:19 		Adding genomic sequences to genes: 
00:00:19 	Done (0 sequences added).
00:00:19 		Adding genomic sequences to exons: 
00:00:19 	Done (0 sequences added, 0 ignored).
00:00:19 		Reading sequence 'Contig3880', length: 13980
00:00:19 		Adding genomic sequences to genes: 
00:00:19 	Done (0 sequences added).
00:00:19 		Adding genomic sequences to exons: 
00:00:19 	Done (0 sequences added, 0 ignored).
00:00:19 		Reading sequence 'Contig3671', length: 16976
00:00:19 		Adding genomic sequences to genes: 
00:00:19 	Done (0 sequences added).
00:00:19 		Adding genomic sequences to exons: 
00:00:19 	Done (0 sequences added, 0 ignored).
00:00:19 		Reading sequence 'Contig4186', length: 10987
00:00:19 		Adding genomic sequences to genes: 
00:00:19 	Done (0 sequences added).
00:00:19 		Adding genomic sequences to exons: 
00:00:19 	Done (0 sequences added, 0 ignored).
00:00:19 		Reading sequence 'Contig4705', length: 12962
00:00:19 		Adding genomic sequences to genes: 
00:00:19 	Done (1 sequences added).
00:00:19 		Adding genomic sequences to exons: 
00:00:19 	Done (10 sequences added, 0 ignored).
00:00:19 		Reading sequence 'Contig4528', length: 6989
00:00:19 		Adding genomic sequences to genes: 
00:00:19 	Done (0 sequences added).
00:00:19 		Adding genomic sequences to exons: 
00:00:19 	Done (0 sequences added, 0 ignored).
00:00:19 		Reading sequence 'Contig5001', length: 5986
00:00:19 		Adding genomic sequences to genes: 
00:00:19 	Done (0 sequences added).
00:00:19 		Adding genomic sequences to exons: 
00:00:19 	Done (0 sequences added, 0 ignored).
00:00:19 		Reading sequence 'Contig4855', length: 4988
00:00:19 		Adding genomic sequences to genes: 
00:00:19 	Done (0 sequences added).
00:00:19 		Adding genomic sequences to exons: 
00:00:19 	Done (0 sequences added, 0 ignored).
00:00:19 		Reading sequence 'Contig4348', length: 9988
00:00:19 		Adding genomic sequences to genes: 
00:00:19 	Done (0 sequences added).
00:00:19 		Adding genomic sequences to exons: 
00:00:19 	Done (0 sequences added, 0 ignored).
00:00:19 		Reading sequence 'Contig4393', length: 8989
00:00:19 		Adding genomic sequences to genes: 
00:00:19 	Done (1 sequences added).
00:00:19 		Adding genomic sequences to exons: 
00:00:19 	Done (2 sequences added, 0 ignored).
00:00:19 		Reading sequence 'Contig4005', length: 13987
00:00:19 		Adding genomic sequences to genes: 
00:00:19 	Done (0 sequences added).
00:00:19 		Adding genomic sequences to exons: 
00:00:19 	Done (0 sequences added, 0 ignored).
00:00:19 		Reading sequence 'Contig5085', length: 4988
00:00:19 		Adding genomic sequences to genes: 
00:00:19 	Done (0 sequences added).
00:00:19 		Adding genomic sequences to exons: 
00:00:19 	Done (0 sequences added, 0 ignored).
00:00:19 		Reading sequence 'Contig5170', length: 14988
00:00:19 		Adding genomic sequences to genes: 
00:00:19 	Done (0 sequences added).
00:00:19 		Adding genomic sequences to exons: 
00:00:19 	Done (0 sequences added, 0 ignored).
00:00:19 		Reading sequence 'Contig5011', length: 6691
00:00:19 		Adding genomic sequences to genes: 
00:00:19 	Done (1 sequences added).
00:00:19 		Adding genomic sequences to exons: 
00:00:19 	Done (1 sequences added, 0 ignored).
00:00:19 		Reading sequence 'Contig4791', length: 6988
00:00:19 		Adding genomic sequences to genes: 
00:00:19 	Done (0 sequences added).
00:00:19 		Adding genomic sequences to exons: 
00:00:19 	Done (0 sequences added, 0 ignored).
00:00:19 		Reading sequence 'Contig3891', length: 13988
00:00:19 		Adding genomic sequences to genes: 
00:00:19 	Done (0 sequences added).
00:00:19 		Adding genomic sequences to exons: 
00:00:19 	Done (0 sequences added, 0 ignored).
00:00:19 		Reading sequence 'Contig5215', length: 34988
00:00:19 		Adding genomic sequences to genes: 
00:00:19 	Done (0 sequences added).
00:00:19 		Adding genomic sequences to exons: 
00:00:19 	Done (0 sequences added, 0 ignored).
00:00:19 		Reading sequence 'Contig4838', length: 6988
00:00:19 		Adding genomic sequences to genes: 
00:00:19 	Done (0 sequences added).
00:00:19 		Adding genomic sequences to exons: 
00:00:19 	Done (0 sequences added, 0 ignored).
00:00:19 		Reading sequence 'Contig4913', length: 6988
00:00:19 		Adding genomic sequences to genes: 
00:00:19 	Done (0 sequences added).
00:00:19 		Adding genomic sequences to exons: 
00:00:19 	Done (0 sequences added, 0 ignored).
00:00:19 		Reading sequence 'Contig4405', length: 7984
00:00:19 		Adding genomic sequences to genes: 
00:00:19 	Done (0 sequences added).
00:00:19 		Adding genomic sequences to exons: 
00:00:19 	Done (0 sequences added, 0 ignored).
00:00:19 		Reading sequence 'Contig4436', length: 8988
00:00:19 		Adding genomic sequences to genes: 
00:00:19 	Done (0 sequences added).
00:00:19 		Adding genomic sequences to exons: 
00:00:19 	Done (0 sequences added, 0 ignored).
00:00:19 		Reading sequence 'Contig4382', length: 9992
00:00:19 		Adding genomic sequences to genes: 
00:00:19 	Done (0 sequences added).
00:00:19 		Adding genomic sequences to exons: 
00:00:19 	Done (0 sequences added, 0 ignored).
00:00:19 		Reading sequence 'Contig3269', length: 42265
00:00:19 		Adding genomic sequences to genes: 
00:00:19 	Done (1 sequences added).
00:00:19 		Adding genomic sequences to exons: 
00:00:19 	Done (1 sequences added, 0 ignored).
00:00:19 		Reading sequence 'Contig4574', length: 7988
00:00:19 		Adding genomic sequences to genes: 
00:00:19 	Done (0 sequences added).
00:00:19 		Adding genomic sequences to exons: 
00:00:19 	Done (0 sequences added, 0 ignored).
00:00:19 		Reading sequence 'Contig5000', length: 5987
00:00:19 		Adding genomic sequences to genes: 
00:00:19 	Done (0 sequences added).
00:00:19 		Adding genomic sequences to exons: 
00:00:19 	Done (0 sequences added, 0 ignored).
00:00:19 		Reading sequence 'Contig4741', length: 6988
00:00:19 		Adding genomic sequences to genes: 
00:00:19 	Done (0 sequences added).
00:00:19 		Adding genomic sequences to exons: 
00:00:19 	Done (0 sequences added, 0 ignored).
00:00:19 		Reading sequence 'Contig4255', length: 60337
00:00:19 		Adding genomic sequences to genes: 
00:00:19 	Done (2 sequences added).
00:00:19 		Adding genomic sequences to exons: 
00:00:19 	Done (2 sequences added, 0 ignored).
00:00:19 		Reading sequence 'Contig3672', length: 17988
00:00:19 		Adding genomic sequences to genes: 
00:00:19 	Done (0 sequences added).
00:00:19 		Adding genomic sequences to exons: 
00:00:19 	Done (0 sequences added, 0 ignored).
00:00:19 		Reading sequence 'Contig4652', length: 6988
00:00:19 		Adding genomic sequences to genes: 
00:00:19 	Done (0 sequences added).
00:00:19 		Adding genomic sequences to exons: 
00:00:19 	Done (0 sequences added, 0 ignored).
00:00:19 		Reading sequence 'Contig4231', length: 6984
00:00:19 		Adding genomic sequences to genes: 
00:00:19 	Done (0 sequences added).
00:00:19 		Adding genomic sequences to exons: 
00:00:19 	Done (0 sequences added, 0 ignored).
00:00:19 		Reading sequence 'Contig3635', length: 16988
00:00:19 		Adding genomic sequences to genes: 
00:00:19 	Done (0 sequences added).
00:00:19 		Adding genomic sequences to exons: 
00:00:19 	Done (0 sequences added, 0 ignored).
00:00:19 		Reading sequence 'Contig4159', length: 10987
00:00:19 		Adding genomic sequences to genes: 
00:00:19 	Done (0 sequences added).
00:00:19 		Adding genomic sequences to exons: 
00:00:19 	Done (0 sequences added, 0 ignored).
00:00:19 		Reading sequence 'Contig3624', length: 17984
00:00:19 		Adding genomic sequences to genes: 
00:00:19 	Done (0 sequences added).
00:00:19 		Adding genomic sequences to exons: 
00:00:19 	Done (0 sequences added, 0 ignored).
00:00:19 		Reading sequence 'Contig4467', length: 8988
00:00:19 		Adding genomic sequences to genes: 
00:00:19 	Done (0 sequences added).
00:00:19 		Adding genomic sequences to exons: 
00:00:19 	Done (0 sequences added, 0 ignored).
00:00:19 		Reading sequence 'Contig3781', length: 15987
00:00:19 		Adding genomic sequences to genes: 
00:00:19 	Done (0 sequences added).
00:00:19 		Adding genomic sequences to exons: 
00:00:19 	Done (0 sequences added, 0 ignored).
00:00:19 		Reading sequence 'Contig4506', length: 7988
00:00:19 		Adding genomic sequences to genes: 
00:00:19 	Done (0 sequences added).
00:00:19 		Adding genomic sequences to exons: 
00:00:19 	Done (0 sequences added, 0 ignored).
00:00:19 		Reading sequence 'Contig4682', length: 6988
00:00:19 		Adding genomic sequences to genes: 
00:00:19 	Done (0 sequences added).
00:00:19 		Adding genomic sequences to exons: 
00:00:19 	Done (0 sequences added, 0 ignored).
00:00:19 		Reading sequence 'Contig4559', length: 7987
00:00:19 		Adding genomic sequences to genes: 
00:00:19 	Done (1 sequences added).
00:00:19 		Adding genomic sequences to exons: 
00:00:19 	Done (11 sequences added, 0 ignored).
00:00:19 		Reading sequence 'Contig4201', length: 9993
00:00:19 		Adding genomic sequences to genes: 
00:00:19 	Done (0 sequences added).
00:00:19 		Adding genomic sequences to exons: 
00:00:19 	Done (0 sequences added, 0 ignored).
00:00:19 		Reading sequence 'Contig4778', length: 6988
00:00:19 		Adding genomic sequences to genes: 
00:00:19 	Done (0 sequences added).
00:00:19 		Adding genomic sequences to exons: 
00:00:19 	Done (0 sequences added, 0 ignored).
00:00:19 		Reading sequence 'Contig4983', length: 5988
00:00:19 		Adding genomic sequences to genes: 
00:00:19 	Done (0 sequences added).
00:00:19 		Adding genomic sequences to exons: 
00:00:19 	Done (0 sequences added, 0 ignored).
00:00:19 		Reading sequence 'Contig4745', length: 6986
00:00:19 		Adding genomic sequences to genes: 
00:00:19 	Done (0 sequences added).
00:00:19 		Adding genomic sequences to exons: 
00:00:19 	Done (0 sequences added, 0 ignored).
00:00:19 		Reading sequence 'Contig4946', length: 6004
00:00:19 		Adding genomic sequences to genes: 
00:00:19 	Done (0 sequences added).
00:00:19 		Adding genomic sequences to exons: 
00:00:19 	Done (0 sequences added, 0 ignored).
00:00:19 		Reading sequence 'Contig4421', length: 8988
00:00:19 		Adding genomic sequences to genes: 
00:00:19 	Done (0 sequences added).
00:00:19 		Adding genomic sequences to exons: 
00:00:19 	Done (0 sequences added, 0 ignored).
00:00:19 		Reading sequence 'Contig5042', length: 5988
00:00:19 		Adding genomic sequences to genes: 
00:00:19 	Done (0 sequences added).
00:00:19 		Adding genomic sequences to exons: 
00:00:19 	Done (0 sequences added, 0 ignored).
00:00:19 		Reading sequence 'Contig4307', length: 9988
00:00:19 		Adding genomic sequences to genes: 
00:00:19 	Done (0 sequences added).
00:00:19 		Adding genomic sequences to exons: 
00:00:19 	Done (0 sequences added, 0 ignored).
00:00:19 		Reading sequence 'Contig4668', length: 6988
00:00:19 		Adding genomic sequences to genes: 
00:00:19 	Done (0 sequences added).
00:00:19 		Adding genomic sequences to exons: 
00:00:19 	Done (0 sequences added, 0 ignored).
00:00:19 		Reading sequence 'Contig4681', length: 6988
00:00:19 		Adding genomic sequences to genes: 
00:00:19 	Done (0 sequences added).
00:00:19 		Adding genomic sequences to exons: 
00:00:19 	Done (0 sequences added, 0 ignored).
00:00:19 		Reading sequence 'Contig4482', length: 7988
00:00:19 		Adding genomic sequences to genes: 
00:00:19 	Done (0 sequences added).
00:00:19 		Adding genomic sequences to exons: 
00:00:19 	Done (0 sequences added, 0 ignored).
00:00:19 		Reading sequence 'Contig5128', length: 5988
00:00:19 		Adding genomic sequences to genes: 
00:00:19 	Done (0 sequences added).
00:00:19 		Adding genomic sequences to exons: 
00:00:19 	Done (0 sequences added, 0 ignored).
00:00:19 		Reading sequence 'Contig4426', length: 8982
00:00:19 		Adding genomic sequences to genes: 
00:00:19 	Done (0 sequences added).
00:00:19 		Adding genomic sequences to exons: 
00:00:19 	Done (0 sequences added, 0 ignored).
00:00:19 		Reading sequence 'Contig4872', length: 11859
00:00:19 		Adding genomic sequences to genes: 
00:00:19 	Done (2 sequences added).
00:00:19 		Adding genomic sequences to exons: 
00:00:19 	Done (6 sequences added, 0 ignored).
00:00:19 		Reading sequence 'Contig4688', length: 7987
00:00:19 		Adding genomic sequences to genes: 
00:00:19 	Done (0 sequences added).
00:00:19 		Adding genomic sequences to exons: 
00:00:19 	Done (0 sequences added, 0 ignored).
00:00:19 		Reading sequence 'Contig4823', length: 6988
00:00:19 		Adding genomic sequences to genes: 
00:00:19 	Done (0 sequences added).
00:00:19 		Adding genomic sequences to exons: 
00:00:19 	Done (0 sequences added, 0 ignored).
00:00:19 		Reading sequence 'Contig4245', length: 9986
00:00:19 		Adding genomic sequences to genes: 
00:00:19 	Done (0 sequences added).
00:00:19 		Adding genomic sequences to exons: 
00:00:19 	Done (0 sequences added, 0 ignored).
00:00:19 		Reading sequence 'Contig4216', length: 10984
00:00:19 		Adding genomic sequences to genes: 
00:00:19 	Done (0 sequences added).
00:00:19 		Adding genomic sequences to exons: 
00:00:19 	Done (0 sequences added, 0 ignored).
00:00:19 		Reading sequence 'Contig4260', length: 9987
00:00:19 		Adding genomic sequences to genes: 
00:00:19 	Done (0 sequences added).
00:00:19 		Adding genomic sequences to exons: 
00:00:19 	Done (0 sequences added, 0 ignored).
00:00:19 		Reading sequence 'Contig4173', length: 10985
00:00:19 		Adding genomic sequences to genes: 
00:00:19 	Done (0 sequences added).
00:00:19 		Adding genomic sequences to exons: 
00:00:19 	Done (0 sequences added, 0 ignored).
00:00:19 		Reading sequence 'Contig4599', length: 7005
00:00:19 		Adding genomic sequences to genes: 
00:00:19 	Done (0 sequences added).
00:00:19 		Adding genomic sequences to exons: 
00:00:19 	Done (0 sequences added, 0 ignored).
00:00:19 		Reading sequence 'Contig5125', length: 5987
00:00:19 		Adding genomic sequences to genes: 
00:00:19 	Done (0 sequences added).
00:00:19 		Adding genomic sequences to exons: 
00:00:19 	Done (0 sequences added, 0 ignored).
00:00:19 		Reading sequence 'Contig4844', length: 5988
00:00:19 		Adding genomic sequences to genes: 
00:00:19 	Done (0 sequences added).
00:00:19 		Adding genomic sequences to exons: 
00:00:19 	Done (0 sequences added, 0 ignored).
00:00:19 		Reading sequence 'Contig4922', length: 11988
00:00:19 		Adding genomic sequences to genes: 
00:00:19 	Done (0 sequences added).
00:00:19 		Adding genomic sequences to exons: 
00:00:19 	Done (0 sequences added, 0 ignored).
00:00:19 		Reading sequence 'Contig4895', length: 5987
00:00:19 		Adding genomic sequences to genes: 
00:00:19 	Done (0 sequences added).
00:00:19 		Adding genomic sequences to exons: 
00:00:19 	Done (0 sequences added, 0 ignored).
00:00:19 		Reading sequence 'Contig4115', length: 10986
00:00:19 		Adding genomic sequences to genes: 
00:00:19 	Done (0 sequences added).
00:00:19 		Adding genomic sequences to exons: 
00:00:19 	Done (0 sequences added, 0 ignored).
00:00:19 		Reading sequence 'Contig3618', length: 18985
00:00:19 		Adding genomic sequences to genes: 
00:00:19 	Done (0 sequences added).
00:00:19 		Adding genomic sequences to exons: 
00:00:19 	Done (0 sequences added, 0 ignored).
00:00:19 		Reading sequence 'Contig2865', length: 34985
00:00:19 		Adding genomic sequences to genes: 
00:00:19 	Done (0 sequences added).
00:00:19 		Adding genomic sequences to exons: 
00:00:19 	Done (0 sequences added, 0 ignored).
00:00:19 		Reading sequence 'Contig4936', length: 5988
00:00:19 		Adding genomic sequences to genes: 
00:00:19 	Done (0 sequences added).
00:00:19 		Adding genomic sequences to exons: 
00:00:19 	Done (0 sequences added, 0 ignored).
00:00:19 		Reading sequence 'Contig4112', length: 11992
00:00:19 		Adding genomic sequences to genes: 
00:00:19 	Done (0 sequences added).
00:00:19 		Adding genomic sequences to exons: 
00:00:19 	Done (0 sequences added, 0 ignored).
00:00:19 		Reading sequence 'Contig4788', length: 6969
00:00:19 		Adding genomic sequences to genes: 
00:00:19 	Done (0 sequences added).
00:00:19 		Adding genomic sequences to exons: 
00:00:19 	Done (0 sequences added, 0 ignored).
00:00:19 		Reading sequence 'Contig3901', length: 13988
00:00:19 		Adding genomic sequences to genes: 
00:00:19 	Done (0 sequences added).
00:00:19 		Adding genomic sequences to exons: 
00:00:19 	Done (0 sequences added, 0 ignored).
00:00:19 		Reading sequence 'Contig4761', length: 5988
00:00:19 		Adding genomic sequences to genes: 
00:00:19 	Done (0 sequences added).
00:00:19 		Adding genomic sequences to exons: 
00:00:19 	Done (0 sequences added, 0 ignored).
00:00:19 		Reading sequence 'Contig5105', length: 5988
00:00:19 		Adding genomic sequences to genes: 
00:00:19 	Done (0 sequences added).
00:00:19 		Adding genomic sequences to exons: 
00:00:19 	Done (0 sequences added, 0 ignored).
00:00:19 		Reading sequence 'Contig3982', length: 13964
00:00:19 		Adding genomic sequences to genes: 
00:00:19 	Done (0 sequences added).
00:00:19 		Adding genomic sequences to exons: 
00:00:19 	Done (0 sequences added, 0 ignored).
00:00:19 		Reading sequence 'Contig4719', length: 6985
00:00:19 		Adding genomic sequences to genes: 
00:00:19 	Done (0 sequences added).
00:00:19 		Adding genomic sequences to exons: 
00:00:19 	Done (0 sequences added, 0 ignored).
00:00:19 		Reading sequence 'Contig4192', length: 11000
00:00:19 		Adding genomic sequences to genes: 
00:00:19 	Done (0 sequences added).
00:00:19 		Adding genomic sequences to exons: 
00:00:19 	Done (0 sequences added, 0 ignored).
00:00:19 		Reading sequence 'Contig5024', length: 5989
00:00:19 		Adding genomic sequences to genes: 
00:00:19 	Done (0 sequences added).
00:00:19 		Adding genomic sequences to exons: 
00:00:19 	Done (0 sequences added, 0 ignored).
00:00:19 		Reading sequence 'Contig3963', length: 14131
00:00:19 		Adding genomic sequences to genes: 
00:00:19 	Done (0 sequences added).
00:00:19 		Adding genomic sequences to exons: 
00:00:19 	Done (0 sequences added, 0 ignored).
00:00:19 		Reading sequence 'Contig4991', length: 5985
00:00:19 		Adding genomic sequences to genes: 
00:00:19 	Done (0 sequences added).
00:00:19 		Adding genomic sequences to exons: 
00:00:19 	Done (0 sequences added, 0 ignored).
00:00:19 		Reading sequence 'Contig4028', length: 11988
00:00:19 		Adding genomic sequences to genes: 
00:00:19 	Done (0 sequences added).
00:00:19 		Adding genomic sequences to exons: 
00:00:19 	Done (0 sequences added, 0 ignored).
00:00:19 		Reading sequence 'Contig4162', length: 11988
00:00:19 		Adding genomic sequences to genes: 
00:00:19 	Done (0 sequences added).
00:00:19 		Adding genomic sequences to exons: 
00:00:19 	Done (0 sequences added, 0 ignored).
00:00:19 		Reading sequence 'Contig5110', length: 5988
00:00:19 		Adding genomic sequences to genes: 
00:00:19 	Done (0 sequences added).
00:00:19 		Adding genomic sequences to exons: 
00:00:19 	Done (0 sequences added, 0 ignored).
00:00:19 		Reading sequence 'Contig4799', length: 6987
00:00:19 		Adding genomic sequences to genes: 
00:00:19 	Done (0 sequences added).
00:00:19 		Adding genomic sequences to exons: 
00:00:19 	Done (0 sequences added, 0 ignored).
00:00:19 		Reading sequence 'Contig4910', length: 6995
00:00:19 		Adding genomic sequences to genes: 
00:00:19 	Done (0 sequences added).
00:00:19 		Adding genomic sequences to exons: 
00:00:19 	Done (0 sequences added, 0 ignored).
00:00:19 		Reading sequence 'Contig3800', length: 12981
00:00:19 		Adding genomic sequences to genes: 
00:00:19 	Done (0 sequences added).
00:00:19 		Adding genomic sequences to exons: 
00:00:19 	Done (0 sequences added, 0 ignored).
00:00:19 		Reading sequence 'Contig4664', length: 6988
00:00:19 		Adding genomic sequences to genes: 
00:00:19 	Done (0 sequences added).
00:00:19 		Adding genomic sequences to exons: 
00:00:19 	Done (0 sequences added, 0 ignored).
00:00:19 		Reading sequence 'Contig5002', length: 5988
00:00:19 		Adding genomic sequences to genes: 
00:00:19 	Done (0 sequences added).
00:00:19 		Adding genomic sequences to exons: 
00:00:19 	Done (0 sequences added, 0 ignored).
00:00:19 		Reading sequence 'Contig4702', length: 6986
00:00:19 		Adding genomic sequences to genes: 
00:00:19 	Done (0 sequences added).
00:00:19 		Adding genomic sequences to exons: 
00:00:19 	Done (0 sequences added, 0 ignored).
00:00:19 		Reading sequence 'Contig3603', length: 18979
00:00:19 		Adding genomic sequences to genes: 
00:00:19 	Done (0 sequences added).
00:00:19 		Adding genomic sequences to exons: 
00:00:19 	Done (0 sequences added, 0 ignored).
00:00:19 		Reading sequence 'Contig5117', length: 5988
00:00:19 		Adding genomic sequences to genes: 
00:00:19 	Done (0 sequences added).
00:00:19 		Adding genomic sequences to exons: 
00:00:19 	Done (0 sequences added, 0 ignored).
00:00:19 		Reading sequence 'Contig4577', length: 6988
00:00:19 		Adding genomic sequences to genes: 
00:00:19 	Done (0 sequences added).
00:00:19 		Adding genomic sequences to exons: 
00:00:19 	Done (0 sequences added, 0 ignored).
00:00:19 		Reading sequence 'Contig5013', length: 5976
00:00:19 		Adding genomic sequences to genes: 
00:00:19 	Done (0 sequences added).
00:00:19 		Adding genomic sequences to exons: 
00:00:19 	Done (0 sequences added, 0 ignored).
00:00:19 		Reading sequence 'Contig4749', length: 6988
00:00:19 		Adding genomic sequences to genes: 
00:00:19 	Done (0 sequences added).
00:00:19 		Adding genomic sequences to exons: 
00:00:19 	Done (0 sequences added, 0 ignored).
00:00:19 		Reading sequence 'Contig4472', length: 8985
00:00:19 		Adding genomic sequences to genes: 
00:00:19 	Done (0 sequences added).
00:00:19 		Adding genomic sequences to exons: 
00:00:19 	Done (0 sequences added, 0 ignored).
00:00:19 		Reading sequence 'Contig4556', length: 7988
00:00:19 		Adding genomic sequences to genes: 
00:00:19 	Done (0 sequences added).
00:00:19 		Adding genomic sequences to exons: 
00:00:19 	Done (0 sequences added, 0 ignored).
00:00:19 		Reading sequence 'Contig4929', length: 5988
00:00:19 		Adding genomic sequences to genes: 
00:00:19 	Done (0 sequences added).
00:00:19 		Adding genomic sequences to exons: 
00:00:19 	Done (0 sequences added, 0 ignored).
00:00:19 		Reading sequence 'Contig3997', length: 12988
00:00:19 		Adding genomic sequences to genes: 
00:00:19 	Done (0 sequences added).
00:00:19 		Adding genomic sequences to exons: 
00:00:19 	Done (0 sequences added, 0 ignored).
00:00:19 		Reading sequence 'Contig4395', length: 7987
00:00:19 		Adding genomic sequences to genes: 
00:00:19 	Done (0 sequences added).
00:00:19 		Adding genomic sequences to exons: 
00:00:19 	Done (0 sequences added, 0 ignored).
00:00:19 		Reading sequence 'Contig4293', length: 9985
00:00:19 		Adding genomic sequences to genes: 
00:00:19 	Done (0 sequences added).
00:00:19 		Adding genomic sequences to exons: 
00:00:19 	Done (0 sequences added, 0 ignored).
00:00:19 		Reading sequence 'Contig4384', length: 8972
00:00:19 		Adding genomic sequences to genes: 
00:00:19 	Done (0 sequences added).
00:00:19 		Adding genomic sequences to exons: 
00:00:19 	Done (0 sequences added, 0 ignored).
00:00:19 		Reading sequence 'Contig4621', length: 6988
00:00:19 		Adding genomic sequences to genes: 
00:00:19 	Done (0 sequences added).
00:00:19 		Adding genomic sequences to exons: 
00:00:19 	Done (0 sequences added, 0 ignored).
00:00:19 		Reading sequence 'Contig4609', length: 7988
00:00:19 		Adding genomic sequences to genes: 
00:00:19 	Done (0 sequences added).
00:00:19 		Adding genomic sequences to exons: 
00:00:19 	Done (0 sequences added, 0 ignored).
00:00:19 		Reading sequence 'Contig5055', length: 5988
00:00:19 		Adding genomic sequences to genes: 
00:00:19 	Done (0 sequences added).
00:00:19 		Adding genomic sequences to exons: 
00:00:19 	Done (0 sequences added, 0 ignored).
00:00:19 		Reading sequence 'Contig3108', length: 29765
00:00:19 		Adding genomic sequences to genes: 
00:00:19 	Done (1 sequences added).
00:00:19 		Adding genomic sequences to exons: 
00:00:19 	Done (4 sequences added, 0 ignored).
00:00:19 		Reading sequence 'Contig4635', length: 6988
00:00:19 		Adding genomic sequences to genes: 
00:00:19 	Done (0 sequences added).
00:00:19 		Adding genomic sequences to exons: 
00:00:19 	Done (0 sequences added, 0 ignored).
00:00:19 		Reading sequence 'Contig4354', length: 9988
00:00:19 		Adding genomic sequences to genes: 
00:00:19 	Done (0 sequences added).
00:00:19 		Adding genomic sequences to exons: 
00:00:19 	Done (0 sequences added, 0 ignored).
00:00:19 		Reading sequence 'Contig4491', length: 7988
00:00:19 		Adding genomic sequences to genes: 
00:00:19 	Done (0 sequences added).
00:00:19 		Adding genomic sequences to exons: 
00:00:19 	Done (0 sequences added, 0 ignored).
00:00:19 		Reading sequence 'Contig3484', length: 21906
00:00:19 		Adding genomic sequences to genes: 
00:00:19 	Done (8 sequences added).
00:00:19 		Adding genomic sequences to exons: 
00:00:19 	Done (13 sequences added, 0 ignored).
00:00:19 		Reading sequence 'Contig5047', length: 5988
00:00:19 		Adding genomic sequences to genes: 
00:00:19 	Done (0 sequences added).
00:00:19 		Adding genomic sequences to exons: 
00:00:19 	Done (0 sequences added, 0 ignored).
00:00:19 		Reading sequence 'Contig4604', length: 7988
00:00:19 		Adding genomic sequences to genes: 
00:00:19 	Done (0 sequences added).
00:00:19 		Adding genomic sequences to exons: 
00:00:19 	Done (0 sequences added, 0 ignored).
00:00:19 		Reading sequence 'Contig4416', length: 8988
00:00:19 		Adding genomic sequences to genes: 
00:00:19 	Done (0 sequences added).
00:00:19 		Adding genomic sequences to exons: 
00:00:19 	Done (0 sequences added, 0 ignored).
00:00:19 		Reading sequence 'Contig4437', length: 24199
00:00:19 		Adding genomic sequences to genes: 
00:00:19 	Done (0 sequences added).
00:00:19 		Adding genomic sequences to exons: 
00:00:19 	Done (0 sequences added, 0 ignored).
00:00:19 		Reading sequence 'Contig4812', length: 6988
00:00:19 		Adding genomic sequences to genes: 
00:00:19 	Done (0 sequences added).
00:00:19 		Adding genomic sequences to exons: 
00:00:19 	Done (0 sequences added, 0 ignored).
00:00:19 		Reading sequence 'Contig4878', length: 7988
00:00:19 		Adding genomic sequences to genes: 
00:00:19 	Done (0 sequences added).
00:00:19 		Adding genomic sequences to exons: 
00:00:19 	Done (0 sequences added, 0 ignored).
00:00:19 		Reading sequence 'Contig4548', length: 7988
00:00:19 		Adding genomic sequences to genes: 
00:00:19 	Done (0 sequences added).
00:00:19 		Adding genomic sequences to exons: 
00:00:19 	Done (0 sequences added, 0 ignored).
00:00:19 		Reading sequence 'Contig5126', length: 4988
00:00:19 		Adding genomic sequences to genes: 
00:00:19 	Done (0 sequences added).
00:00:19 		Adding genomic sequences to exons: 
00:00:19 	Done (0 sequences added, 0 ignored).
00:00:19 		Reading sequence 'Contig4862', length: 5988
00:00:19 		Adding genomic sequences to genes: 
00:00:19 	Done (0 sequences added).
00:00:19 		Adding genomic sequences to exons: 
00:00:19 	Done (0 sequences added, 0 ignored).
00:00:19 		Reading sequence 'Contig4101', length: 11988
00:00:19 		Adding genomic sequences to genes: 
00:00:19 	Done (0 sequences added).
00:00:19 		Adding genomic sequences to exons: 
00:00:19 	Done (0 sequences added, 0 ignored).
00:00:19 		Reading sequence 'Contig3585', length: 17987
00:00:19 		Adding genomic sequences to genes: 
00:00:19 	Done (0 sequences added).
00:00:19 		Adding genomic sequences to exons: 
00:00:19 	Done (0 sequences added, 0 ignored).
00:00:19 		Reading sequence 'Contig4683', length: 6987
00:00:19 		Adding genomic sequences to genes: 
00:00:19 	Done (0 sequences added).
00:00:19 		Adding genomic sequences to exons: 
00:00:19 	Done (0 sequences added, 0 ignored).
00:00:19 		Reading sequence 'Contig4596', length: 7988
00:00:19 		Adding genomic sequences to genes: 
00:00:19 	Done (0 sequences added).
00:00:19 		Adding genomic sequences to exons: 
00:00:19 	Done (0 sequences added, 0 ignored).
00:00:19 		Reading sequence 'Contig4729', length: 6986
00:00:19 		Adding genomic sequences to genes: 
00:00:19 	Done (0 sequences added).
00:00:19 		Adding genomic sequences to exons: 
00:00:19 	Done (0 sequences added, 0 ignored).
00:00:19 		Reading sequence 'Contig4694', length: 7985
00:00:19 		Adding genomic sequences to genes: 
00:00:19 	Done (0 sequences added).
00:00:19 		Adding genomic sequences to exons: 
00:00:19 	Done (0 sequences added, 0 ignored).
00:00:19 		Reading sequence 'Contig4456', length: 7988
00:00:19 		Adding genomic sequences to genes: 
00:00:19 	Done (0 sequences added).
00:00:19 		Adding genomic sequences to exons: 
00:00:19 	Done (0 sequences added, 0 ignored).
00:00:19 		Reading sequence 'Contig4830', length: 5988
00:00:19 		Adding genomic sequences to genes: 
00:00:19 	Done (0 sequences added).
00:00:19 		Adding genomic sequences to exons: 
00:00:19 	Done (0 sequences added, 0 ignored).
00:00:19 		Reading sequence 'Contig4835', length: 5990
00:00:19 		Adding genomic sequences to genes: 
00:00:19 	Done (0 sequences added).
00:00:19 		Adding genomic sequences to exons: 
00:00:19 	Done (0 sequences added, 0 ignored).
00:00:19 		Reading sequence 'Contig4852', length: 4984
00:00:19 		Adding genomic sequences to genes: 
00:00:19 	Done (0 sequences added).
00:00:19 		Adding genomic sequences to exons: 
00:00:19 	Done (0 sequences added, 0 ignored).
00:00:19 		Reading sequence 'Contig4963', length: 5988
00:00:19 		Adding genomic sequences to genes: 
00:00:19 	Done (0 sequences added).
00:00:19 		Adding genomic sequences to exons: 
00:00:19 	Done (0 sequences added, 0 ignored).
00:00:19 		Reading sequence 'Contig4955', length: 5983
00:00:19 		Adding genomic sequences to genes: 
00:00:19 	Done (0 sequences added).
00:00:19 		Adding genomic sequences to exons: 
00:00:19 	Done (0 sequences added, 0 ignored).
00:00:19 		Reading sequence 'Contig4945', length: 5988
00:00:19 		Adding genomic sequences to genes: 
00:00:19 	Done (0 sequences added).
00:00:19 		Adding genomic sequences to exons: 
00:00:19 	Done (0 sequences added, 0 ignored).
00:00:19 		Reading sequence 'Contig3906', length: 13988
00:00:19 		Adding genomic sequences to genes: 
00:00:19 	Done (0 sequences added).
00:00:19 		Adding genomic sequences to exons: 
00:00:19 	Done (0 sequences added, 0 ignored).
00:00:19 		Reading sequence 'Contig4326', length: 10985
00:00:19 		Adding genomic sequences to genes: 
00:00:19 	Done (0 sequences added).
00:00:19 		Adding genomic sequences to exons: 
00:00:19 	Done (0 sequences added, 0 ignored).
00:00:19 		Reading sequence 'Contig4818', length: 6988
00:00:19 		Adding genomic sequences to genes: 
00:00:19 	Done (0 sequences added).
00:00:19 		Adding genomic sequences to exons: 
00:00:19 	Done (0 sequences added, 0 ignored).
00:00:19 		Reading sequence 'Contig4620', length: 6987
00:00:19 		Adding genomic sequences to genes: 
00:00:19 	Done (0 sequences added).
00:00:19 		Adding genomic sequences to exons: 
00:00:19 	Done (0 sequences added, 0 ignored).
00:00:19 		Reading sequence 'Contig3874', length: 13988
00:00:19 		Adding genomic sequences to genes: 
00:00:19 	Done (0 sequences added).
00:00:19 		Adding genomic sequences to exons: 
00:00:19 	Done (0 sequences added, 0 ignored).
00:00:19 		Reading sequence 'Contig5035', length: 5988
00:00:19 		Adding genomic sequences to genes: 
00:00:19 	Done (0 sequences added).
00:00:19 		Adding genomic sequences to exons: 
00:00:19 	Done (0 sequences added, 0 ignored).
00:00:19 		Reading sequence 'Contig4689', length: 15981
00:00:19 		Adding genomic sequences to genes: 
00:00:19 	Done (0 sequences added).
00:00:19 		Adding genomic sequences to exons: 
00:00:19 	Done (0 sequences added, 0 ignored).
00:00:19 		Reading sequence 'Contig4252', length: 9983
00:00:19 		Adding genomic sequences to genes: 
00:00:19 	Done (0 sequences added).
00:00:19 		Adding genomic sequences to exons: 
00:00:19 	Done (0 sequences added, 0 ignored).
00:00:19 		Reading sequence 'Contig4276', length: 9984
00:00:19 		Adding genomic sequences to genes: 
00:00:19 	Done (0 sequences added).
00:00:19 		Adding genomic sequences to exons: 
00:00:19 	Done (0 sequences added, 0 ignored).
00:00:19 		Reading sequence 'Contig4362', length: 8989
00:00:19 		Adding genomic sequences to genes: 
00:00:19 	Done (0 sequences added).
00:00:19 		Adding genomic sequences to exons: 
00:00:19 	Done (0 sequences added, 0 ignored).
00:00:19 		Reading sequence 'Contig3960', length: 11986
00:00:19 		Adding genomic sequences to genes: 
00:00:19 	Done (0 sequences added).
00:00:19 		Adding genomic sequences to exons: 
00:00:19 	Done (0 sequences added, 0 ignored).
00:00:19 		Reading sequence 'Contig4708', length: 5987
00:00:19 		Adding genomic sequences to genes: 
00:00:19 	Done (0 sequences added).
00:00:19 		Adding genomic sequences to exons: 
00:00:19 	Done (0 sequences added, 0 ignored).
00:00:19 		Reading sequence 'Contig5079', length: 6068
00:00:19 		Adding genomic sequences to genes: 
00:00:19 	Done (0 sequences added).
00:00:19 		Adding genomic sequences to exons: 
00:00:19 	Done (0 sequences added, 0 ignored).
00:00:19 		Reading sequence 'Contig4499', length: 8967
00:00:19 		Adding genomic sequences to genes: 
00:00:19 	Done (0 sequences added).
00:00:19 		Adding genomic sequences to exons: 
00:00:19 	Done (0 sequences added, 0 ignored).
00:00:19 		Reading sequence 'Contig4383', length: 9988
00:00:19 		Adding genomic sequences to genes: 
00:00:19 	Done (0 sequences added).
00:00:19 		Adding genomic sequences to exons: 
00:00:19 	Done (0 sequences added, 0 ignored).
00:00:19 		Reading sequence 'Contig3741', length: 15983
00:00:19 		Adding genomic sequences to genes: 
00:00:19 	Done (0 sequences added).
00:00:19 		Adding genomic sequences to exons: 
00:00:19 	Done (0 sequences added, 0 ignored).
00:00:19 		Reading sequence 'Contig5127', length: 5988
00:00:19 		Adding genomic sequences to genes: 
00:00:19 	Done (0 sequences added).
00:00:19 		Adding genomic sequences to exons: 
00:00:19 	Done (0 sequences added, 0 ignored).
00:00:19 		Reading sequence 'Contig4651', length: 6992
00:00:19 		Adding genomic sequences to genes: 
00:00:19 	Done (0 sequences added).
00:00:19 		Adding genomic sequences to exons: 
00:00:19 	Done (0 sequences added, 0 ignored).
00:00:19 		Reading sequence 'Contig4767', length: 6987
00:00:19 		Adding genomic sequences to genes: 
00:00:19 	Done (0 sequences added).
00:00:19 		Adding genomic sequences to exons: 
00:00:19 	Done (0 sequences added, 0 ignored).
00:00:19 		Reading sequence 'Contig3428', length: 21563
00:00:19 		Adding genomic sequences to genes: 
00:00:19 	Done (0 sequences added).
00:00:19 		Adding genomic sequences to exons: 
00:00:19 	Done (0 sequences added, 0 ignored).
00:00:19 		Reading sequence 'Contig4703', length: 6987
00:00:19 		Adding genomic sequences to genes: 
00:00:19 	Done (0 sequences added).
00:00:19 		Adding genomic sequences to exons: 
00:00:19 	Done (0 sequences added, 0 ignored).
00:00:19 		Reading sequence 'Contig3498', length: 19989
00:00:19 		Adding genomic sequences to genes: 
00:00:19 	Done (0 sequences added).
00:00:19 		Adding genomic sequences to exons: 
00:00:19 	Done (0 sequences added, 0 ignored).
00:00:19 		Reading sequence 'Contig4843', length: 6988
00:00:19 		Adding genomic sequences to genes: 
00:00:19 	Done (0 sequences added).
00:00:19 		Adding genomic sequences to exons: 
00:00:19 	Done (0 sequences added, 0 ignored).
00:00:19 		Reading sequence 'Contig3630', length: 17984
00:00:19 		Adding genomic sequences to genes: 
00:00:19 	Done (0 sequences added).
00:00:19 		Adding genomic sequences to exons: 
00:00:19 	Done (0 sequences added, 0 ignored).
00:00:19 		Reading sequence 'Contig2976', length: 28981
00:00:19 		Adding genomic sequences to genes: 
00:00:19 	Done (0 sequences added).
00:00:19 		Adding genomic sequences to exons: 
00:00:19 	Done (0 sequences added, 0 ignored).
00:00:19 		Reading sequence 'Contig3691', length: 16987
00:00:19 		Adding genomic sequences to genes: 
00:00:19 	Done (0 sequences added).
00:00:19 		Adding genomic sequences to exons: 
00:00:19 	Done (0 sequences added, 0 ignored).
00:00:19 		Reading sequence 'Contig5086', length: 5988
00:00:19 		Adding genomic sequences to genes: 
00:00:19 	Done (0 sequences added).
00:00:19 		Adding genomic sequences to exons: 
00:00:19 	Done (0 sequences added, 0 ignored).
00:00:19 		Reading sequence 'Contig4740', length: 6989
00:00:19 		Adding genomic sequences to genes: 
00:00:19 	Done (0 sequences added).
00:00:19 		Adding genomic sequences to exons: 
00:00:19 	Done (0 sequences added, 0 ignored).
00:00:19 		Reading sequence 'Contig5005', length: 5010
00:00:19 		Adding genomic sequences to genes: 
00:00:19 	Done (1 sequences added).
00:00:19 		Adding genomic sequences to exons: 
00:00:19 	Done (1 sequences added, 0 ignored).
00:00:19 		Reading sequence 'Contig5160', length: 14986
00:00:19 		Adding genomic sequences to genes: 
00:00:19 	Done (0 sequences added).
00:00:19 		Adding genomic sequences to exons: 
00:00:19 	Done (0 sequences added, 0 ignored).
00:00:19 		Reading sequence 'Contig4722', length: 6988
00:00:19 		Adding genomic sequences to genes: 
00:00:19 	Done (0 sequences added).
00:00:19 		Adding genomic sequences to exons: 
00:00:19 	Done (0 sequences added, 0 ignored).
00:00:19 		Reading sequence 'Contig4092', length: 11981
00:00:19 		Adding genomic sequences to genes: 
00:00:19 	Done (0 sequences added).
00:00:19 		Adding genomic sequences to exons: 
00:00:19 	Done (0 sequences added, 0 ignored).
00:00:19 		Reading sequence 'Contig3783', length: 15988
00:00:19 		Adding genomic sequences to genes: 
00:00:19 	Done (0 sequences added).
00:00:19 		Adding genomic sequences to exons: 
00:00:19 	Done (0 sequences added, 0 ignored).
00:00:19 		Reading sequence 'Contig4471', length: 8988
00:00:19 		Adding genomic sequences to genes: 
00:00:19 	Done (0 sequences added).
00:00:19 		Adding genomic sequences to exons: 
00:00:19 	Done (0 sequences added, 0 ignored).
00:00:19 		Reading sequence 'Contig4954', length: 5993
00:00:19 		Adding genomic sequences to genes: 
00:00:19 	Done (0 sequences added).
00:00:19 		Adding genomic sequences to exons: 
00:00:19 	Done (0 sequences added, 0 ignored).
00:00:19 		Reading sequence 'Contig4006', length: 13988
00:00:19 		Adding genomic sequences to genes: 
00:00:19 	Done (0 sequences added).
00:00:19 		Adding genomic sequences to exons: 
00:00:19 	Done (0 sequences added, 0 ignored).
00:00:19 		Reading sequence 'Contig4733', length: 6988
00:00:19 		Adding genomic sequences to genes: 
00:00:19 	Done (0 sequences added).
00:00:19 		Adding genomic sequences to exons: 
00:00:19 	Done (0 sequences added, 0 ignored).
00:00:19 		Reading sequence 'Contig4507', length: 7980
00:00:19 		Adding genomic sequences to genes: 
00:00:19 	Done (0 sequences added).
00:00:19 		Adding genomic sequences to exons: 
00:00:19 	Done (0 sequences added, 0 ignored).
00:00:19 		Reading sequence 'Contig3974', length: 12985
00:00:19 		Adding genomic sequences to genes: 
00:00:19 	Done (0 sequences added).
00:00:19 		Adding genomic sequences to exons: 
00:00:19 	Done (0 sequences added, 0 ignored).
00:00:19 		Reading sequence 'Contig3985', length: 11985
00:00:19 		Adding genomic sequences to genes: 
00:00:19 	Done (0 sequences added).
00:00:19 		Adding genomic sequences to exons: 
00:00:19 	Done (0 sequences added, 0 ignored).
00:00:19 		Reading sequence 'Contig5135', length: 5988
00:00:19 		Adding genomic sequences to genes: 
00:00:19 	Done (0 sequences added).
00:00:19 		Adding genomic sequences to exons: 
00:00:19 	Done (0 sequences added, 0 ignored).
00:00:19 		Reading sequence 'Contig4078', length: 12989
00:00:19 		Adding genomic sequences to genes: 
00:00:19 	Done (0 sequences added).
00:00:19 		Adding genomic sequences to exons: 
00:00:19 	Done (0 sequences added, 0 ignored).
00:00:19 		Reading sequence 'Contig3816', length: 14983
00:00:19 		Adding genomic sequences to genes: 
00:00:19 	Done (0 sequences added).
00:00:19 		Adding genomic sequences to exons: 
00:00:19 	Done (0 sequences added, 0 ignored).
00:00:19 		Reading sequence 'Contig3793', length: 15766
00:00:19 		Adding genomic sequences to genes: 
00:00:19 	Done (1 sequences added).
00:00:19 		Adding genomic sequences to exons: 
00:00:19 	Done (8 sequences added, 0 ignored).
00:00:19 		Reading sequence 'Contig4339', length: 8987
00:00:19 		Adding genomic sequences to genes: 
00:00:19 	Done (0 sequences added).
00:00:19 		Adding genomic sequences to exons: 
00:00:19 	Done (0 sequences added, 0 ignored).
00:00:19 		Reading sequence 'Contig3895', length: 13981
00:00:19 		Adding genomic sequences to genes: 
00:00:19 	Done (0 sequences added).
00:00:19 		Adding genomic sequences to exons: 
00:00:19 	Done (0 sequences added, 0 ignored).
00:00:19 		Reading sequence 'Contig4139', length: 11988
00:00:19 		Adding genomic sequences to genes: 
00:00:19 	Done (0 sequences added).
00:00:19 		Adding genomic sequences to exons: 
00:00:19 	Done (0 sequences added, 0 ignored).
00:00:19 		Reading sequence 'Contig5104', length: 5039
00:00:19 		Adding genomic sequences to genes: 
00:00:19 	Done (1 sequences added).
00:00:19 		Adding genomic sequences to exons: 
00:00:19 	Done (3 sequences added, 0 ignored).
00:00:19 		Reading sequence 'Contig4465', length: 8988
00:00:19 		Adding genomic sequences to genes: 
00:00:19 	Done (0 sequences added).
00:00:19 		Adding genomic sequences to exons: 
00:00:19 	Done (0 sequences added, 0 ignored).
00:00:19 		Reading sequence 'Contig4916', length: 6988
00:00:19 		Adding genomic sequences to genes: 
00:00:19 	Done (0 sequences added).
00:00:19 		Adding genomic sequences to exons: 
00:00:19 	Done (0 sequences added, 0 ignored).
00:00:19 		Reading sequence 'Contig3136', length: 38988
00:00:19 		Adding genomic sequences to genes: 
00:00:19 	Done (0 sequences added).
00:00:19 		Adding genomic sequences to exons: 
00:00:19 	Done (0 sequences added, 0 ignored).
00:00:19 		Reading sequence 'Contig4728', length: 6988
00:00:19 		Adding genomic sequences to genes: 
00:00:19 	Done (0 sequences added).
00:00:19 		Adding genomic sequences to exons: 
00:00:19 	Done (0 sequences added, 0 ignored).
00:00:19 		Reading sequence 'Contig3924', length: 18993
00:00:19 		Adding genomic sequences to genes: 
00:00:19 	Done (1 sequences added).
00:00:19 		Adding genomic sequences to exons: 
00:00:19 	Done (1 sequences added, 0 ignored).
00:00:19 		Reading sequence 'Contig3604', length: 18988
00:00:19 		Adding genomic sequences to genes: 
00:00:19 	Done (0 sequences added).
00:00:19 		Adding genomic sequences to exons: 
00:00:19 	Done (0 sequences added, 0 ignored).
00:00:19 		Reading sequence 'Contig4870', length: 6995
00:00:19 		Adding genomic sequences to genes: 
00:00:19 	Done (0 sequences added).
00:00:19 		Adding genomic sequences to exons: 
00:00:19 	Done (0 sequences added, 0 ignored).
00:00:19 		Reading sequence 'Contig4576', length: 6985
00:00:19 		Adding genomic sequences to genes: 
00:00:19 	Done (1 sequences added).
00:00:19 		Adding genomic sequences to exons: 
00:00:19 	Done (2 sequences added, 0 ignored).
00:00:19 		Reading sequence 'Contig4530', length: 7985
00:00:19 		Adding genomic sequences to genes: 
00:00:19 	Done (0 sequences added).
00:00:19 		Adding genomic sequences to exons: 
00:00:19 	Done (0 sequences added, 0 ignored).
00:00:19 		Reading sequence 'Contig4893', length: 28909
00:00:19 		Adding genomic sequences to genes: 
00:00:19 	Done (0 sequences added).
00:00:19 		Adding genomic sequences to exons: 
00:00:19 	Done (0 sequences added, 0 ignored).
00:00:19 		Reading sequence 'Contig5106', length: 4984
00:00:19 		Adding genomic sequences to genes: 
00:00:19 	Done (0 sequences added).
00:00:19 		Adding genomic sequences to exons: 
00:00:19 	Done (0 sequences added, 0 ignored).
00:00:19 		Reading sequence 'Contig4526', length: 7583
00:00:19 		Adding genomic sequences to genes: 
00:00:19 	Done (0 sequences added).
00:00:19 		Adding genomic sequences to exons: 
00:00:19 	Done (0 sequences added, 0 ignored).
00:00:19 		Reading sequence 'Contig3957', length: 13988
00:00:19 		Adding genomic sequences to genes: 
00:00:19 	Done (0 sequences added).
00:00:19 		Adding genomic sequences to exons: 
00:00:19 	Done (0 sequences added, 0 ignored).
00:00:19 		Reading sequence 'Contig4718', length: 6988
00:00:19 		Adding genomic sequences to genes: 
00:00:19 	Done (0 sequences added).
00:00:19 		Adding genomic sequences to exons: 
00:00:19 	Done (0 sequences added, 0 ignored).
00:00:19 		Reading sequence 'Contig4669', length: 6988
00:00:19 		Adding genomic sequences to genes: 
00:00:19 	Done (0 sequences added).
00:00:19 		Adding genomic sequences to exons: 
00:00:19 	Done (0 sequences added, 0 ignored).
00:00:19 		Reading sequence 'Contig4821', length: 6984
00:00:19 		Adding genomic sequences to genes: 
00:00:19 	Done (0 sequences added).
00:00:19 		Adding genomic sequences to exons: 
00:00:19 	Done (0 sequences added, 0 ignored).
00:00:19 		Reading sequence 'Contig4650', length: 6988
00:00:19 		Adding genomic sequences to genes: 
00:00:19 	Done (0 sequences added).
00:00:19 		Adding genomic sequences to exons: 
00:00:19 	Done (0 sequences added, 0 ignored).
00:00:19 		Reading sequence 'Contig4193', length: 10984
00:00:19 		Adding genomic sequences to genes: 
00:00:19 	Done (0 sequences added).
00:00:19 		Adding genomic sequences to exons: 
00:00:19 	Done (0 sequences added, 0 ignored).
00:00:19 		Reading sequence 'Contig5162', length: 18988
00:00:19 		Adding genomic sequences to genes: 
00:00:19 	Done (0 sequences added).
00:00:19 		Adding genomic sequences to exons: 
00:00:19 	Done (0 sequences added, 0 ignored).
00:00:19 		Reading sequence 'Contig1453', length: 149332
00:00:19 		Adding genomic sequences to genes: 
00:00:19 	Done (14 sequences added).
00:00:19 		Adding genomic sequences to exons: 
00:00:19 	Done (30 sequences added, 0 ignored).
00:00:19 		Reading sequence 'Contig5072', length: 4988
00:00:19 		Adding genomic sequences to genes: 
00:00:19 	Done (0 sequences added).
00:00:19 		Adding genomic sequences to exons: 
00:00:19 	Done (0 sequences added, 0 ignored).
00:00:19 		Reading sequence 'Contig4861', length: 5988
00:00:19 		Adding genomic sequences to genes: 
00:00:19 	Done (0 sequences added).
00:00:19 		Adding genomic sequences to exons: 
00:00:19 	Done (0 sequences added, 0 ignored).
00:00:19 		Reading sequence 'Contig4493', length: 7988
00:00:19 		Adding genomic sequences to genes: 
00:00:19 	Done (0 sequences added).
00:00:19 		Adding genomic sequences to exons: 
00:00:19 	Done (0 sequences added, 0 ignored).
00:00:19 		Reading sequence 'Contig5003', length: 17987
00:00:19 		Adding genomic sequences to genes: 
00:00:19 	Done (0 sequences added).
00:00:19 		Adding genomic sequences to exons: 
00:00:19 	Done (0 sequences added, 0 ignored).
00:00:19 		Reading sequence 'Contig4990', length: 5988
00:00:19 		Adding genomic sequences to genes: 
00:00:19 	Done (0 sequences added).
00:00:19 		Adding genomic sequences to exons: 
00:00:19 	Done (0 sequences added, 0 ignored).
00:00:19 		Reading sequence 'Contig4312', length: 8998
00:00:19 		Adding genomic sequences to genes: 
00:00:19 	Done (0 sequences added).
00:00:19 		Adding genomic sequences to exons: 
00:00:19 	Done (0 sequences added, 0 ignored).
00:00:19 		Reading sequence 'Contig4629', length: 7988
00:00:19 		Adding genomic sequences to genes: 
00:00:19 	Done (0 sequences added).
00:00:19 		Adding genomic sequences to exons: 
00:00:19 	Done (0 sequences added, 0 ignored).
00:00:19 		Reading sequence 'Contig4857', length: 5987
00:00:19 		Adding genomic sequences to genes: 
00:00:19 	Done (0 sequences added).
00:00:19 		Adding genomic sequences to exons: 
00:00:19 	Done (0 sequences added, 0 ignored).
00:00:19 		Reading sequence 'Contig5213', length: 21983
00:00:19 		Adding genomic sequences to genes: 
00:00:19 	Done (0 sequences added).
00:00:19 		Adding genomic sequences to exons: 
00:00:19 	Done (0 sequences added, 0 ignored).
00:00:19 		Reading sequence 'Contig4759', length: 6987
00:00:19 		Adding genomic sequences to genes: 
00:00:19 	Done (0 sequences added).
00:00:19 		Adding genomic sequences to exons: 
00:00:19 	Done (0 sequences added, 0 ignored).
00:00:19 		Reading sequence 'Contig4603', length: 7987
00:00:19 		Adding genomic sequences to genes: 
00:00:19 	Done (0 sequences added).
00:00:19 		Adding genomic sequences to exons: 
00:00:19 	Done (0 sequences added, 0 ignored).
00:00:19 		Reading sequence 'Contig3554', length: 25690
00:00:19 		Adding genomic sequences to genes: 
00:00:19 	Done (0 sequences added).
00:00:19 		Adding genomic sequences to exons: 
00:00:19 	Done (0 sequences added, 0 ignored).
00:00:19 		Reading sequence 'Contig4534', length: 7988
00:00:19 		Adding genomic sequences to genes: 
00:00:19 	Done (0 sequences added).
00:00:19 		Adding genomic sequences to exons: 
00:00:19 	Done (0 sequences added, 0 ignored).
00:00:19 		Reading sequence 'Contig5069', length: 5988
00:00:19 		Adding genomic sequences to genes: 
00:00:19 	Done (0 sequences added).
00:00:19 		Adding genomic sequences to exons: 
00:00:19 	Done (0 sequences added, 0 ignored).
00:00:19 		Reading sequence 'Contig4879', length: 5988
00:00:19 		Adding genomic sequences to genes: 
00:00:19 	Done (0 sequences added).
00:00:19 		Adding genomic sequences to exons: 
00:00:19 	Done (0 sequences added, 0 ignored).
00:00:19 		Reading sequence 'Contig4714', length: 6988
00:00:19 		Adding genomic sequences to genes: 
00:00:19 	Done (0 sequences added).
00:00:19 		Adding genomic sequences to exons: 
00:00:19 	Done (0 sequences added, 0 ignored).
00:00:19 		Reading sequence 'Contig4766', length: 6983
00:00:19 		Adding genomic sequences to genes: 
00:00:19 	Done (0 sequences added).
00:00:19 		Adding genomic sequences to exons: 
00:00:19 	Done (0 sequences added, 0 ignored).
00:00:19 		Reading sequence 'Contig3926', length: 17137
00:00:19 		Adding genomic sequences to genes: 
00:00:19 	Done (0 sequences added).
00:00:19 		Adding genomic sequences to exons: 
00:00:19 	Done (0 sequences added, 0 ignored).
00:00:19 		Reading sequence 'Contig4980', length: 5988
00:00:19 		Adding genomic sequences to genes: 
00:00:19 	Done (0 sequences added).
00:00:19 		Adding genomic sequences to exons: 
00:00:19 	Done (0 sequences added, 0 ignored).
00:00:19 		Reading sequence 'Contig3769', length: 15991
00:00:19 		Adding genomic sequences to genes: 
00:00:19 	Done (0 sequences added).
00:00:19 		Adding genomic sequences to exons: 
00:00:19 	Done (0 sequences added, 0 ignored).
00:00:19 		Reading sequence 'Contig4813', length: 6956
00:00:19 		Adding genomic sequences to genes: 
00:00:19 	Done (0 sequences added).
00:00:19 		Adding genomic sequences to exons: 
00:00:19 	Done (0 sequences added, 0 ignored).
00:00:19 		Reading sequence 'Contig4454', length: 8984
00:00:19 		Adding genomic sequences to genes: 
00:00:19 	Done (0 sequences added).
00:00:19 		Adding genomic sequences to exons: 
00:00:19 	Done (0 sequences added, 0 ignored).
00:00:19 		Reading sequence 'Contig4647', length: 6992
00:00:19 		Adding genomic sequences to genes: 
00:00:19 	Done (0 sequences added).
00:00:19 		Adding genomic sequences to exons: 
00:00:19 	Done (0 sequences added, 0 ignored).
00:00:19 		Reading sequence 'Contig4776', length: 6988
00:00:19 		Adding genomic sequences to genes: 
00:00:19 	Done (0 sequences added).
00:00:19 		Adding genomic sequences to exons: 
00:00:19 	Done (0 sequences added, 0 ignored).
00:00:19 		Reading sequence 'Contig4539', length: 6988
00:00:19 		Adding genomic sequences to genes: 
00:00:19 	Done (0 sequences added).
00:00:19 		Adding genomic sequences to exons: 
00:00:19 	Done (0 sequences added, 0 ignored).
00:00:19 		Reading sequence 'Contig4434', length: 8989
00:00:19 		Adding genomic sequences to genes: 
00:00:19 	Done (0 sequences added).
00:00:19 		Adding genomic sequences to exons: 
00:00:19 	Done (0 sequences added, 0 ignored).
00:00:19 		Reading sequence 'Contig4343', length: 9984
00:00:19 		Adding genomic sequences to genes: 
00:00:19 	Done (0 sequences added).
00:00:19 		Adding genomic sequences to exons: 
00:00:19 	Done (0 sequences added, 0 ignored).
00:00:19 		Reading sequence 'Contig4428', length: 8989
00:00:19 		Adding genomic sequences to genes: 
00:00:19 	Done (0 sequences added).
00:00:19 		Adding genomic sequences to exons: 
00:00:19 	Done (0 sequences added, 0 ignored).
00:00:19 		Reading sequence 'Contig4140', length: 11987
00:00:19 		Adding genomic sequences to genes: 
00:00:19 	Done (0 sequences added).
00:00:19 		Adding genomic sequences to exons: 
00:00:19 	Done (0 sequences added, 0 ignored).
00:00:19 		Reading sequence 'Contig4175', length: 10986
00:00:19 		Adding genomic sequences to genes: 
00:00:19 	Done (0 sequences added).
00:00:19 		Adding genomic sequences to exons: 
00:00:19 	Done (0 sequences added, 0 ignored).
00:00:19 		Reading sequence 'Contig5092', length: 5988
00:00:19 		Adding genomic sequences to genes: 
00:00:19 	Done (0 sequences added).
00:00:19 		Adding genomic sequences to exons: 
00:00:19 	Done (0 sequences added, 0 ignored).
00:00:19 		Reading sequence 'Contig4663', length: 6988
00:00:19 		Adding genomic sequences to genes: 
00:00:19 	Done (0 sequences added).
00:00:19 		Adding genomic sequences to exons: 
00:00:19 	Done (0 sequences added, 0 ignored).
00:00:19 		Reading sequence 'Contig4985', length: 5064
00:00:19 		Adding genomic sequences to genes: 
00:00:19 	Done (0 sequences added).
00:00:19 		Adding genomic sequences to exons: 
00:00:19 	Done (0 sequences added, 0 ignored).
00:00:19 		Reading sequence 'Contig3334', length: 23988
00:00:19 		Adding genomic sequences to genes: 
00:00:19 	Done (0 sequences added).
00:00:19 		Adding genomic sequences to exons: 
00:00:19 	Done (0 sequences added, 0 ignored).
00:00:19 		Reading sequence 'Contig4964', length: 5988
00:00:19 		Adding genomic sequences to genes: 
00:00:19 	Done (0 sequences added).
00:00:19 		Adding genomic sequences to exons: 
00:00:19 	Done (0 sequences added, 0 ignored).
00:00:19 		Reading sequence 'Contig4901', length: 4989
00:00:19 		Adding genomic sequences to genes: 
00:00:19 	Done (0 sequences added).
00:00:19 		Adding genomic sequences to exons: 
00:00:19 	Done (0 sequences added, 0 ignored).
00:00:19 		Reading sequence 'Contig4277', length: 8988
00:00:19 		Adding genomic sequences to genes: 
00:00:19 	Done (0 sequences added).
00:00:19 		Adding genomic sequences to exons: 
00:00:19 	Done (0 sequences added, 0 ignored).
00:00:19 		Reading sequence 'Contig5027', length: 5985
00:00:19 		Adding genomic sequences to genes: 
00:00:19 	Done (0 sequences added).
00:00:19 		Adding genomic sequences to exons: 
00:00:19 	Done (0 sequences added, 0 ignored).
00:00:19 		Reading sequence 'Contig5184', length: 6988
00:00:19 		Adding genomic sequences to genes: 
00:00:19 	Done (0 sequences added).
00:00:19 		Adding genomic sequences to exons: 
00:00:19 	Done (0 sequences added, 0 ignored).
00:00:19 		Reading sequence 'Contig3726', length: 16986
00:00:19 		Adding genomic sequences to genes: 
00:00:19 	Done (0 sequences added).
00:00:19 		Adding genomic sequences to exons: 
00:00:19 	Done (0 sequences added, 0 ignored).
00:00:19 		Reading sequence 'Contig5059', length: 4988
00:00:19 		Adding genomic sequences to genes: 
00:00:19 	Done (0 sequences added).
00:00:19 		Adding genomic sequences to exons: 
00:00:19 	Done (0 sequences added, 0 ignored).
00:00:19 		Reading sequence 'Contig4327', length: 8987
00:00:19 		Adding genomic sequences to genes: 
00:00:19 	Done (0 sequences added).
00:00:19 		Adding genomic sequences to exons: 
00:00:19 	Done (0 sequences added, 0 ignored).
00:00:19 		Reading sequence 'Contig5155', length: 5987
00:00:19 		Adding genomic sequences to genes: 
00:00:19 	Done (0 sequences added).
00:00:19 		Adding genomic sequences to exons: 
00:00:19 	Done (0 sequences added, 0 ignored).
00:00:19 		Reading sequence 'Contig4934', length: 5989
00:00:19 		Adding genomic sequences to genes: 
00:00:19 	Done (0 sequences added).
00:00:19 		Adding genomic sequences to exons: 
00:00:19 	Done (0 sequences added, 0 ignored).
00:00:19 		Reading sequence 'Contig4480', length: 8988
00:00:19 		Adding genomic sequences to genes: 
00:00:19 	Done (0 sequences added).
00:00:19 		Adding genomic sequences to exons: 
00:00:19 	Done (0 sequences added, 0 ignored).
00:00:19 		Reading sequence 'Contig4695', length: 6982
00:00:19 		Adding genomic sequences to genes: 
00:00:19 	Done (0 sequences added).
00:00:19 		Adding genomic sequences to exons: 
00:00:19 	Done (0 sequences added, 0 ignored).
00:00:19 		Reading sequence 'Contig4756', length: 5988
00:00:19 		Adding genomic sequences to genes: 
00:00:19 	Done (0 sequences added).
00:00:19 		Adding genomic sequences to exons: 
00:00:19 	Done (0 sequences added, 0 ignored).
00:00:19 		Reading sequence 'Contig4243', length: 11215
00:00:19 		Adding genomic sequences to genes: 
00:00:19 	Done (0 sequences added).
00:00:19 		Adding genomic sequences to exons: 
00:00:19 	Done (0 sequences added, 0 ignored).
00:00:19 		Reading sequence 'Contig4150', length: 10988
00:00:19 		Adding genomic sequences to genes: 
00:00:19 	Done (0 sequences added).
00:00:19 		Adding genomic sequences to exons: 
00:00:19 	Done (0 sequences added, 0 ignored).
00:00:19 		Reading sequence 'Contig3898', length: 11996
00:00:19 		Adding genomic sequences to genes: 
00:00:19 	Done (0 sequences added).
00:00:19 		Adding genomic sequences to exons: 
00:00:19 	Done (0 sequences added, 0 ignored).
00:00:19 		Reading sequence 'Contig4102', length: 13380
00:00:19 		Adding genomic sequences to genes: 
00:00:19 	Done (0 sequences added).
00:00:19 		Adding genomic sequences to exons: 
00:00:19 	Done (0 sequences added, 0 ignored).
00:00:19 		Reading sequence 'Contig4597', length: 6988
00:00:19 		Adding genomic sequences to genes: 
00:00:19 	Done (0 sequences added).
00:00:19 		Adding genomic sequences to exons: 
00:00:19 	Done (0 sequences added, 0 ignored).
00:00:19 		Reading sequence 'Contig4836', length: 7257
00:00:19 		Adding genomic sequences to genes: 
00:00:19 	Done (0 sequences added).
00:00:19 		Adding genomic sequences to exons: 
00:00:19 	Done (0 sequences added, 0 ignored).
00:00:19 		Reading sequence 'Contig5061', length: 4988
00:00:19 		Adding genomic sequences to genes: 
00:00:19 	Done (0 sequences added).
00:00:19 		Adding genomic sequences to exons: 
00:00:19 	Done (0 sequences added, 0 ignored).
00:00:19 		Reading sequence 'Contig5222', length: 15988
00:00:19 		Adding genomic sequences to genes: 
00:00:19 	Done (0 sequences added).
00:00:19 		Adding genomic sequences to exons: 
00:00:19 	Done (0 sequences added, 0 ignored).
00:00:19 		Reading sequence 'Contig4989', length: 4986
00:00:19 		Adding genomic sequences to genes: 
00:00:19 	Done (0 sequences added).
00:00:19 		Adding genomic sequences to exons: 
00:00:19 	Done (0 sequences added, 0 ignored).
00:00:19 		Reading sequence 'Contig4684', length: 6984
00:00:19 		Adding genomic sequences to genes: 
00:00:19 	Done (0 sequences added).
00:00:19 		Adding genomic sequences to exons: 
00:00:19 	Done (0 sequences added, 0 ignored).
00:00:19 		Reading sequence 'Contig4758', length: 6988
00:00:19 		Adding genomic sequences to genes: 
00:00:19 	Done (0 sequences added).
00:00:19 		Adding genomic sequences to exons: 
00:00:19 	Done (0 sequences added, 0 ignored).
00:00:19 		Reading sequence 'Contig4970', length: 5988
00:00:19 		Adding genomic sequences to genes: 
00:00:19 	Done (0 sequences added).
00:00:19 		Adding genomic sequences to exons: 
00:00:19 	Done (0 sequences added, 0 ignored).
00:00:19 		Reading sequence 'Contig4616', length: 7774
00:00:19 		Adding genomic sequences to genes: 
00:00:19 	Done (0 sequences added).
00:00:19 		Adding genomic sequences to exons: 
00:00:19 	Done (0 sequences added, 0 ignored).
00:00:19 		Reading sequence 'Contig4944', length: 5987
00:00:19 		Adding genomic sequences to genes: 
00:00:19 	Done (0 sequences added).
00:00:19 		Adding genomic sequences to exons: 
00:00:19 	Done (0 sequences added, 0 ignored).
00:00:19 		Reading sequence 'Contig4407', length: 8985
00:00:19 		Adding genomic sequences to genes: 
00:00:19 	Done (0 sequences added).
00:00:19 		Adding genomic sequences to exons: 
00:00:19 	Done (0 sequences added, 0 ignored).
00:00:19 		Reading sequence 'Contig3984', length: 12935
00:00:19 		Adding genomic sequences to genes: 
00:00:19 	Done (8 sequences added).
00:00:19 		Adding genomic sequences to exons: 
00:00:19 	Done (11 sequences added, 0 ignored).
00:00:19 		Reading sequence 'Contig3944', length: 13982
00:00:19 		Adding genomic sequences to genes: 
00:00:19 	Done (0 sequences added).
00:00:19 		Adding genomic sequences to exons: 
00:00:19 	Done (0 sequences added, 0 ignored).
00:00:19 		Reading sequence 'Contig4974', length: 5988
00:00:19 		Adding genomic sequences to genes: 
00:00:19 	Done (0 sequences added).
00:00:19 		Adding genomic sequences to exons: 
00:00:19 	Done (0 sequences added, 0 ignored).
00:00:19 		Reading sequence 'Contig5136', length: 5988
00:00:19 		Adding genomic sequences to genes: 
00:00:19 	Done (0 sequences added).
00:00:19 		Adding genomic sequences to exons: 
00:00:19 	Done (0 sequences added, 0 ignored).
00:00:19 		Reading sequence 'Contig4549', length: 4988
00:00:19 		Adding genomic sequences to genes: 
00:00:19 	Done (0 sequences added).
00:00:19 		Adding genomic sequences to exons: 
00:00:19 	Done (0 sequences added, 0 ignored).
00:00:19 		Reading sequence 'Contig4915', length: 6988
00:00:19 		Adding genomic sequences to genes: 
00:00:19 	Done (0 sequences added).
00:00:19 		Adding genomic sequences to exons: 
00:00:19 	Done (0 sequences added, 0 ignored).
00:00:19 		Reading sequence 'Contig5148', length: 5988
00:00:19 		Adding genomic sequences to genes: 
00:00:19 	Done (0 sequences added).
00:00:19 		Adding genomic sequences to exons: 
00:00:19 	Done (0 sequences added, 0 ignored).
00:00:19 		Reading sequence 'Contig4079', length: 9979
00:00:19 		Adding genomic sequences to genes: 
00:00:19 	Done (0 sequences added).
00:00:19 		Adding genomic sequences to exons: 
00:00:19 	Done (0 sequences added, 0 ignored).
00:00:19 		Reading sequence 'Contig3638', length: 18992
00:00:19 		Adding genomic sequences to genes: 
00:00:19 	Done (0 sequences added).
00:00:19 		Adding genomic sequences to exons: 
00:00:19 	Done (0 sequences added, 0 ignored).
00:00:19 		Reading sequence 'Contig5142', length: 4980
00:00:19 		Adding genomic sequences to genes: 
00:00:19 	Done (0 sequences added).
00:00:19 		Adding genomic sequences to exons: 
00:00:19 	Done (0 sequences added, 0 ignored).
00:00:19 		Reading sequence 'Contig4059', length: 16988
00:00:19 		Adding genomic sequences to genes: 
00:00:19 	Done (0 sequences added).
00:00:19 		Adding genomic sequences to exons: 
00:00:19 	Done (0 sequences added, 0 ignored).
00:00:19 		Reading sequence 'Contig4721', length: 6988
00:00:19 		Adding genomic sequences to genes: 
00:00:19 	Done (0 sequences added).
00:00:19 		Adding genomic sequences to exons: 
00:00:19 	Done (0 sequences added, 0 ignored).
00:00:19 		Reading sequence 'Contig4953', length: 5982
00:00:19 		Adding genomic sequences to genes: 
00:00:19 	Done (0 sequences added).
00:00:19 		Adding genomic sequences to exons: 
00:00:19 	Done (0 sequences added, 0 ignored).
00:00:19 		Reading sequence 'Contig4581', length: 11466
00:00:19 		Adding genomic sequences to genes: 
00:00:19 	Done (0 sequences added).
00:00:19 		Adding genomic sequences to exons: 
00:00:19 	Done (0 sequences added, 0 ignored).
00:00:19 		Reading sequence 'Contig3782', length: 14958
00:00:19 		Adding genomic sequences to genes: 
00:00:19 	Done (0 sequences added).
00:00:19 		Adding genomic sequences to exons: 
00:00:19 	Done (0 sequences added, 0 ignored).
00:00:19 		Reading sequence 'Contig3705', length: 16988
00:00:19 		Adding genomic sequences to genes: 
00:00:19 	Done (0 sequences added).
00:00:19 		Adding genomic sequences to exons: 
00:00:19 	Done (0 sequences added, 0 ignored).
00:00:19 		Reading sequence 'Contig3632', length: 25854
00:00:19 		Adding genomic sequences to genes: 
00:00:19 	Done (1 sequences added).
00:00:19 		Adding genomic sequences to exons: 
00:00:19 	Done (1 sequences added, 0 ignored).
00:00:19 		Reading sequence 'Contig5089', length: 4988
00:00:19 		Adding genomic sequences to genes: 
00:00:19 	Done (0 sequences added).
00:00:19 		Adding genomic sequences to exons: 
00:00:19 	Done (0 sequences added, 0 ignored).
00:00:19 		Reading sequence 'Contig5132', length: 5988
00:00:19 		Adding genomic sequences to genes: 
00:00:19 	Done (0 sequences added).
00:00:19 		Adding genomic sequences to exons: 
00:00:19 	Done (0 sequences added, 0 ignored).
00:00:19 		Reading sequence 'Contig4562', length: 7984
00:00:19 		Adding genomic sequences to genes: 
00:00:19 	Done (0 sequences added).
00:00:19 		Adding genomic sequences to exons: 
00:00:19 	Done (0 sequences added, 0 ignored).
00:00:19 		Reading sequence 'Contig3495', length: 21011
00:00:19 		Adding genomic sequences to genes: 
00:00:19 	Done (0 sequences added).
00:00:19 		Adding genomic sequences to exons: 
00:00:19 	Done (0 sequences added, 0 ignored).
00:00:19 		Reading sequence 'Contig3639', length: 17991
00:00:19 		Adding genomic sequences to genes: 
00:00:19 	Done (0 sequences added).
00:00:19 		Adding genomic sequences to exons: 
00:00:19 	Done (0 sequences added, 0 ignored).
00:00:19 		Reading sequence 'Contig5049', length: 5988
00:00:19 		Adding genomic sequences to genes: 
00:00:19 	Done (0 sequences added).
00:00:19 		Adding genomic sequences to exons: 
00:00:19 	Done (0 sequences added, 0 ignored).
00:00:19 		Reading sequence 'Contig4943', length: 5990
00:00:19 		Adding genomic sequences to genes: 
00:00:19 	Done (0 sequences added).
00:00:19 		Adding genomic sequences to exons: 
00:00:19 	Done (0 sequences added, 0 ignored).
00:00:19 		Reading sequence 'Contig4183', length: 25280
00:00:19 		Adding genomic sequences to genes: 
00:00:19 	Done (0 sequences added).
00:00:19 		Adding genomic sequences to exons: 
00:00:19 	Done (0 sequences added, 0 ignored).
00:00:19 		Reading sequence 'Contig4129', length: 11987
00:00:19 		Adding genomic sequences to genes: 
00:00:19 	Done (0 sequences added).
00:00:19 		Adding genomic sequences to exons: 
00:00:19 	Done (0 sequences added, 0 ignored).
00:00:19 		Reading sequence 'Contig3969', length: 8977
00:00:19 		Adding genomic sequences to genes: 
00:00:19 	Done (0 sequences added).
00:00:19 		Adding genomic sequences to exons: 
00:00:19 	Done (0 sequences added, 0 ignored).
00:00:19 		Reading sequence 'Contig4462', length: 7988
00:00:19 		Adding genomic sequences to genes: 
00:00:19 	Done (0 sequences added).
00:00:19 		Adding genomic sequences to exons: 
00:00:19 	Done (0 sequences added, 0 ignored).
00:00:19 		Reading sequence 'Contig3368', length: 21988
00:00:19 		Adding genomic sequences to genes: 
00:00:19 	Done (0 sequences added).
00:00:19 		Adding genomic sequences to exons: 
00:00:19 	Done (0 sequences added, 0 ignored).
00:00:19 		Reading sequence 'Contig4840', length: 6988
00:00:19 		Adding genomic sequences to genes: 
00:00:19 	Done (0 sequences added).
00:00:19 		Adding genomic sequences to exons: 
00:00:19 	Done (0 sequences added, 0 ignored).
00:00:19 		Reading sequence 'Contig4052', length: 11988
00:00:19 		Adding genomic sequences to genes: 
00:00:19 	Done (0 sequences added).
00:00:19 		Adding genomic sequences to exons: 
00:00:19 	Done (0 sequences added, 0 ignored).
00:00:19 		Reading sequence 'Contig3919', length: 14988
00:00:19 		Adding genomic sequences to genes: 
00:00:19 	Done (0 sequences added).
00:00:19 		Adding genomic sequences to exons: 
00:00:19 	Done (0 sequences added, 0 ignored).
00:00:19 		Reading sequence 'Contig4023', length: 12876
00:00:19 		Adding genomic sequences to genes: 
00:00:19 	Done (0 sequences added).
00:00:19 		Adding genomic sequences to exons: 
00:00:19 	Done (0 sequences added, 0 ignored).
00:00:19 		Reading sequence 'Contig4796', length: 6988
00:00:19 		Adding genomic sequences to genes: 
00:00:19 	Done (0 sequences added).
00:00:19 		Adding genomic sequences to exons: 
00:00:19 	Done (0 sequences added, 0 ignored).
00:00:19 		Reading sequence 'Contig5139', length: 4988
00:00:19 		Adding genomic sequences to genes: 
00:00:19 	Done (0 sequences added).
00:00:19 		Adding genomic sequences to exons: 
00:00:19 	Done (0 sequences added, 0 ignored).
00:00:19 		Reading sequence 'Contig4385', length: 4988
00:00:19 		Adding genomic sequences to genes: 
00:00:19 	Done (0 sequences added).
00:00:19 		Adding genomic sequences to exons: 
00:00:19 	Done (0 sequences added, 0 ignored).
00:00:19 		Reading sequence 'Contig4410', length: 8983
00:00:19 		Adding genomic sequences to genes: 
00:00:19 	Done (0 sequences added).
00:00:19 		Adding genomic sequences to exons: 
00:00:19 	Done (0 sequences added, 0 ignored).
00:00:19 		Reading sequence 'Contig4227', length: 10989
00:00:19 		Adding genomic sequences to genes: 
00:00:19 	Done (0 sequences added).
00:00:19 		Adding genomic sequences to exons: 
00:00:19 	Done (0 sequences added, 0 ignored).
00:00:19 		Reading sequence 'Contig4908', length: 5988
00:00:19 		Adding genomic sequences to genes: 
00:00:19 	Done (0 sequences added).
00:00:19 		Adding genomic sequences to exons: 
00:00:19 	Done (0 sequences added, 0 ignored).
00:00:19 		Reading sequence 'Contig4258', length: 10988
00:00:19 		Adding genomic sequences to genes: 
00:00:19 	Done (0 sequences added).
00:00:19 		Adding genomic sequences to exons: 
00:00:19 	Done (0 sequences added, 0 ignored).
00:00:19 		Reading sequence 'Contig4918', length: 5988
00:00:19 		Adding genomic sequences to genes: 
00:00:19 	Done (0 sequences added).
00:00:19 		Adding genomic sequences to exons: 
00:00:19 	Done (0 sequences added, 0 ignored).
00:00:19 		Reading sequence 'Contig4235', length: 10924
00:00:19 		Adding genomic sequences to genes: 
00:00:19 	Done (0 sequences added).
00:00:19 		Adding genomic sequences to exons: 
00:00:19 	Done (0 sequences added, 0 ignored).
00:00:19 		Reading sequence 'Contig4710', length: 6988
00:00:19 		Adding genomic sequences to genes: 
00:00:19 	Done (0 sequences added).
00:00:19 		Adding genomic sequences to exons: 
00:00:19 	Done (0 sequences added, 0 ignored).
00:00:19 		Reading sequence 'Contig4822', length: 5985
00:00:19 		Adding genomic sequences to genes: 
00:00:19 	Done (0 sequences added).
00:00:19 		Adding genomic sequences to exons: 
00:00:19 	Done (0 sequences added, 0 ignored).
00:00:19 		Reading sequence 'Contig3656', length: 30966
00:00:19 		Adding genomic sequences to genes: 
00:00:19 	Done (0 sequences added).
00:00:19 		Adding genomic sequences to exons: 
00:00:19 	Done (0 sequences added, 0 ignored).
00:00:19 		Reading sequence 'Contig4194', length: 10988
00:00:19 		Adding genomic sequences to genes: 
00:00:19 	Done (0 sequences added).
00:00:19 		Adding genomic sequences to exons: 
00:00:19 	Done (0 sequences added, 0 ignored).
00:00:19 		Reading sequence 'Contig4211', length: 10974
00:00:19 		Adding genomic sequences to genes: 
00:00:19 	Done (0 sequences added).
00:00:19 		Adding genomic sequences to exons: 
00:00:19 	Done (0 sequences added, 0 ignored).
00:00:19 		Reading sequence 'Contig5097', length: 5988
00:00:19 		Adding genomic sequences to genes: 
00:00:19 	Done (0 sequences added).
00:00:19 		Adding genomic sequences to exons: 
00:00:19 	Done (0 sequences added, 0 ignored).
00:00:19 		Reading sequence 'Contig3520', length: 18988
00:00:19 		Adding genomic sequences to genes: 
00:00:19 	Done (0 sequences added).
00:00:19 		Adding genomic sequences to exons: 
00:00:19 	Done (0 sequences added, 0 ignored).
00:00:19 		Reading sequence 'Contig4218', length: 10988
00:00:19 		Adding genomic sequences to genes: 
00:00:19 	Done (0 sequences added).
00:00:19 		Adding genomic sequences to exons: 
00:00:19 	Done (0 sequences added, 0 ignored).
00:00:19 		Reading sequence 'Contig4489', length: 9026
00:00:19 		Adding genomic sequences to genes: 
00:00:19 	Done (0 sequences added).
00:00:19 		Adding genomic sequences to exons: 
00:00:19 	Done (0 sequences added, 0 ignored).
00:00:19 		Reading sequence 'Contig4692', length: 6988
00:00:19 		Adding genomic sequences to genes: 
00:00:19 	Done (0 sequences added).
00:00:19 		Adding genomic sequences to exons: 
00:00:19 	Done (0 sequences added, 0 ignored).
00:00:19 		Reading sequence 'Contig4881', length: 6988
00:00:19 		Adding genomic sequences to genes: 
00:00:19 	Done (0 sequences added).
00:00:19 		Adding genomic sequences to exons: 
00:00:19 	Done (0 sequences added, 0 ignored).
00:00:19 		Reading sequence 'Contig5154', length: 5988
00:00:19 		Adding genomic sequences to genes: 
00:00:19 	Done (0 sequences added).
00:00:19 		Adding genomic sequences to exons: 
00:00:19 	Done (0 sequences added, 0 ignored).
00:00:19 		Reading sequence 'Contig5113', length: 5988
00:00:19 		Adding genomic sequences to genes: 
00:00:19 	Done (0 sequences added).
00:00:19 		Adding genomic sequences to exons: 
00:00:19 	Done (0 sequences added, 0 ignored).
00:00:19 		Reading sequence 'Contig4588', length: 7988
00:00:19 		Adding genomic sequences to genes: 
00:00:19 	Done (0 sequences added).
00:00:19 		Adding genomic sequences to exons: 
00:00:19 	Done (0 sequences added, 0 ignored).
00:00:19 		Reading sequence 'Contig4153', length: 9989
00:00:19 		Adding genomic sequences to genes: 
00:00:19 	Done (0 sequences added).
00:00:19 		Adding genomic sequences to exons: 
00:00:19 	Done (0 sequences added, 0 ignored).
00:00:19 		Reading sequence 'Contig3873', length: 12988
00:00:19 		Adding genomic sequences to genes: 
00:00:19 	Done (0 sequences added).
00:00:19 		Adding genomic sequences to exons: 
00:00:19 	Done (0 sequences added, 0 ignored).
00:00:19 		Reading sequence 'Contig4249', length: 9988
00:00:19 		Adding genomic sequences to genes: 
00:00:19 	Done (0 sequences added).
00:00:19 		Adding genomic sequences to exons: 
00:00:19 	Done (0 sequences added, 0 ignored).
00:00:19 		Reading sequence 'Contig3967', length: 12986
00:00:19 		Adding genomic sequences to genes: 
00:00:19 	Done (0 sequences added).
00:00:19 		Adding genomic sequences to exons: 
00:00:19 	Done (0 sequences added, 0 ignored).
00:00:19 		Reading sequence 'Contig4271', length: 9987
00:00:19 		Adding genomic sequences to genes: 
00:00:19 	Done (0 sequences added).
00:00:19 		Adding genomic sequences to exons: 
00:00:19 	Done (0 sequences added, 0 ignored).
00:00:19 		Reading sequence 'Contig4594', length: 7987
00:00:19 		Adding genomic sequences to genes: 
00:00:19 	Done (0 sequences added).
00:00:19 		Adding genomic sequences to exons: 
00:00:19 	Done (0 sequences added, 0 ignored).
00:00:19 		Reading sequence 'Contig4971', length: 6988
00:00:19 		Adding genomic sequences to genes: 
00:00:19 	Done (0 sequences added).
00:00:19 		Adding genomic sequences to exons: 
00:00:19 	Done (0 sequences added, 0 ignored).
00:00:19 		Reading sequence 'Contig4888', length: 5988
00:00:19 		Adding genomic sequences to genes: 
00:00:19 	Done (0 sequences added).
00:00:19 		Adding genomic sequences to exons: 
00:00:19 	Done (0 sequences added, 0 ignored).
00:00:19 		Reading sequence 'Contig4845', length: 6988
00:00:19 		Adding genomic sequences to genes: 
00:00:19 	Done (0 sequences added).
00:00:19 		Adding genomic sequences to exons: 
00:00:19 	Done (0 sequences added, 0 ignored).
00:00:19 		Reading sequence 'Contig4797', length: 6988
00:00:19 		Adding genomic sequences to genes: 
00:00:19 	Done (0 sequences added).
00:00:19 		Adding genomic sequences to exons: 
00:00:19 	Done (0 sequences added, 0 ignored).
00:00:19 		Reading sequence 'Contig4958', length: 5987
00:00:19 		Adding genomic sequences to genes: 
00:00:19 	Done (0 sequences added).
00:00:19 		Adding genomic sequences to exons: 
00:00:19 	Done (0 sequences added, 0 ignored).
00:00:19 		Reading sequence 'Contig5212', length: 9988
00:00:19 		Adding genomic sequences to genes: 
00:00:19 	Done (0 sequences added).
00:00:19 		Adding genomic sequences to exons: 
00:00:19 	Done (0 sequences added, 0 ignored).
00:00:19 		Reading sequence 'Contig4040', length: 12988
00:00:19 		Adding genomic sequences to genes: 
00:00:19 	Done (0 sequences added).
00:00:19 		Adding genomic sequences to exons: 
00:00:19 	Done (0 sequences added, 0 ignored).
00:00:19 		Reading sequence 'Contig5173', length: 18986
00:00:19 		Adding genomic sequences to genes: 
00:00:19 	Done (0 sequences added).
00:00:19 		Adding genomic sequences to exons: 
00:00:19 	Done (0 sequences added, 0 ignored).
00:00:19 		Reading sequence 'Contig4089', length: 11984
00:00:19 		Adding genomic sequences to genes: 
00:00:19 	Done (0 sequences added).
00:00:19 		Adding genomic sequences to exons: 
00:00:19 	Done (0 sequences added, 0 ignored).
00:00:19 		Reading sequence 'Contig5036', length: 5988
00:00:19 		Adding genomic sequences to genes: 
00:00:19 	Done (0 sequences added).
00:00:19 		Adding genomic sequences to exons: 
00:00:19 	Done (0 sequences added, 0 ignored).
00:00:19 		Reading sequence 'Contig2353', length: 59791
00:00:19 		Adding genomic sequences to genes: 
00:00:19 	Done (1 sequences added).
00:00:19 		Adding genomic sequences to exons: 
00:00:19 	Done (1 sequences added, 0 ignored).
00:00:19 		Reading sequence 'Contig4765', length: 6984
00:00:19 		Adding genomic sequences to genes: 
00:00:19 	Done (0 sequences added).
00:00:19 		Adding genomic sequences to exons: 
00:00:19 	Done (0 sequences added, 0 ignored).
00:00:19 		Reading sequence 'Contig4303', length: 9988
00:00:19 		Adding genomic sequences to genes: 
00:00:19 	Done (0 sequences added).
00:00:19 		Adding genomic sequences to exons: 
00:00:19 	Done (0 sequences added, 0 ignored).
00:00:19 		Reading sequence 'Contig3700', length: 16989
00:00:19 		Adding genomic sequences to genes: 
00:00:19 	Done (0 sequences added).
00:00:19 		Adding genomic sequences to exons: 
00:00:19 	Done (0 sequences added, 0 ignored).
00:00:19 		Reading sequence 'Contig4268', length: 12988
00:00:19 		Adding genomic sequences to genes: 
00:00:19 	Done (0 sequences added).
00:00:19 		Adding genomic sequences to exons: 
00:00:19 	Done (0 sequences added, 0 ignored).
00:00:19 		Reading sequence 'Contig3489', length: 24289
00:00:19 		Adding genomic sequences to genes: 
00:00:19 	Done (0 sequences added).
00:00:19 		Adding genomic sequences to exons: 
00:00:19 	Done (0 sequences added, 0 ignored).
00:00:19 		Reading sequence 'Contig5026', length: 5988
00:00:19 		Adding genomic sequences to genes: 
00:00:19 	Done (0 sequences added).
00:00:19 		Adding genomic sequences to exons: 
00:00:19 	Done (0 sequences added, 0 ignored).
00:00:19 		Reading sequence 'Contig4278', length: 9988
00:00:19 		Adding genomic sequences to genes: 
00:00:19 	Done (0 sequences added).
00:00:19 		Adding genomic sequences to exons: 
00:00:19 	Done (0 sequences added, 0 ignored).
00:00:19 		Reading sequence 'Contig4644', length: 7987
00:00:19 		Adding genomic sequences to genes: 
00:00:19 	Done (0 sequences added).
00:00:19 		Adding genomic sequences to exons: 
00:00:19 	Done (0 sequences added, 0 ignored).
00:00:19 		Reading sequence 'Contig4474', length: 8983
00:00:19 		Adding genomic sequences to genes: 
00:00:19 	Done (0 sequences added).
00:00:19 		Adding genomic sequences to exons: 
00:00:19 	Done (0 sequences added, 0 ignored).
00:00:19 		Reading sequence 'Contig3934', length: 13988
00:00:19 		Adding genomic sequences to genes: 
00:00:19 	Done (0 sequences added).
00:00:19 		Adding genomic sequences to exons: 
00:00:19 	Done (0 sequences added, 0 ignored).
00:00:19 		Reading sequence 'Contig4701', length: 6988
00:00:19 		Adding genomic sequences to genes: 
00:00:19 	Done (0 sequences added).
00:00:19 		Adding genomic sequences to exons: 
00:00:19 	Done (0 sequences added, 0 ignored).
00:00:19 		Reading sequence 'Contig4891', length: 5988
00:00:19 		Adding genomic sequences to genes: 
00:00:19 	Done (0 sequences added).
00:00:19 		Adding genomic sequences to exons: 
00:00:19 	Done (0 sequences added, 0 ignored).
00:00:19 		Reading sequence 'Contig5007', length: 5988
00:00:19 		Adding genomic sequences to genes: 
00:00:19 	Done (0 sequences added).
00:00:19 		Adding genomic sequences to exons: 
00:00:19 	Done (0 sequences added, 0 ignored).
00:00:19 		Reading sequence 'Contig4902', length: 5988
00:00:19 		Adding genomic sequences to genes: 
00:00:19 	Done (0 sequences added).
00:00:19 		Adding genomic sequences to exons: 
00:00:19 	Done (0 sequences added, 0 ignored).
00:00:19 		Reading sequence 'Contig2800', length: 33986
00:00:19 		Adding genomic sequences to genes: 
00:00:19 	Done (0 sequences added).
00:00:19 		Adding genomic sequences to exons: 
00:00:19 	Done (0 sequences added, 0 ignored).
00:00:19 		Reading sequence 'Contig4658', length: 6988
00:00:19 		Adding genomic sequences to genes: 
00:00:19 	Done (0 sequences added).
00:00:19 		Adding genomic sequences to exons: 
00:00:19 	Done (0 sequences added, 0 ignored).
00:00:19 		Reading sequence 'Contig4461', length: 7988
00:00:19 		Adding genomic sequences to genes: 
00:00:19 	Done (0 sequences added).
00:00:19 		Adding genomic sequences to exons: 
00:00:19 	Done (0 sequences added, 0 ignored).
00:00:19 		Reading sequence 'Contig4406', length: 8985
00:00:19 		Adding genomic sequences to genes: 
00:00:19 	Done (0 sequences added).
00:00:19 		Adding genomic sequences to exons: 
00:00:19 	Done (0 sequences added, 0 ignored).
00:00:19 		Reading sequence 'Contig3748', length: 16988
00:00:19 		Adding genomic sequences to genes: 
00:00:19 	Done (0 sequences added).
00:00:19 		Adding genomic sequences to exons: 
00:00:19 	Done (0 sequences added, 0 ignored).
00:00:19 		Reading sequence 'Contig4615', length: 7984
00:00:19 		Adding genomic sequences to genes: 
00:00:19 	Done (0 sequences added).
00:00:19 		Adding genomic sequences to exons: 
00:00:19 	Done (0 sequences added, 0 ignored).
00:00:19 		Reading sequence 'Contig4610', length: 28990
00:00:19 		Adding genomic sequences to genes: 
00:00:19 	Done (0 sequences added).
00:00:19 		Adding genomic sequences to exons: 
00:00:19 	Done (0 sequences added, 0 ignored).
00:00:19 		Reading sequence 'Contig3666', length: 17979
00:00:19 		Adding genomic sequences to genes: 
00:00:19 	Done (0 sequences added).
00:00:19 		Adding genomic sequences to exons: 
00:00:19 	Done (0 sequences added, 0 ignored).
00:00:19 		Reading sequence 'Contig4859', length: 5988
00:00:19 		Adding genomic sequences to genes: 
00:00:19 	Done (0 sequences added).
00:00:19 		Adding genomic sequences to exons: 
00:00:19 	Done (0 sequences added, 0 ignored).
00:00:19 		Reading sequence 'Contig3933', length: 16355
00:00:19 		Adding genomic sequences to genes: 
00:00:19 	Done (0 sequences added).
00:00:19 		Adding genomic sequences to exons: 
00:00:19 	Done (0 sequences added, 0 ignored).
00:00:19 		Reading sequence 'Contig4317', length: 9988
00:00:19 		Adding genomic sequences to genes: 
00:00:19 	Done (0 sequences added).
00:00:19 		Adding genomic sequences to exons: 
00:00:19 	Done (0 sequences added, 0 ignored).
00:00:19 		Reading sequence 'Contig4755', length: 6988
00:00:19 		Adding genomic sequences to genes: 
00:00:19 	Done (0 sequences added).
00:00:19 		Adding genomic sequences to exons: 
00:00:19 	Done (0 sequences added, 0 ignored).
00:00:19 		Reading sequence 'Contig4601', length: 6988
00:00:19 		Adding genomic sequences to genes: 
00:00:19 	Done (0 sequences added).
00:00:19 		Adding genomic sequences to exons: 
00:00:19 	Done (0 sequences added, 0 ignored).
00:00:19 		Reading sequence 'Contig3293', length: 22988
00:00:19 		Adding genomic sequences to genes: 
00:00:19 	Done (0 sequences added).
00:00:19 		Adding genomic sequences to exons: 
00:00:19 	Done (0 sequences added, 0 ignored).
00:00:19 		Reading sequence 'Contig5183', length: 20986
00:00:19 		Adding genomic sequences to genes: 
00:00:19 	Done (0 sequences added).
00:00:19 		Adding genomic sequences to exons: 
00:00:19 	Done (0 sequences added, 0 ignored).
00:00:19 		Reading sequence 'Contig5029', length: 5988
00:00:19 		Adding genomic sequences to genes: 
00:00:19 	Done (0 sequences added).
00:00:19 		Adding genomic sequences to exons: 
00:00:19 	Done (0 sequences added, 0 ignored).
00:00:19 		Reading sequence 'Contig3762', length: 15984
00:00:19 		Adding genomic sequences to genes: 
00:00:19 	Done (0 sequences added).
00:00:19 		Adding genomic sequences to exons: 
00:00:19 	Done (0 sequences added, 0 ignored).
00:00:19 		Reading sequence 'Contig4419', length: 8989
00:00:19 		Adding genomic sequences to genes: 
00:00:19 	Done (0 sequences added).
00:00:19 		Adding genomic sequences to exons: 
00:00:19 	Done (0 sequences added, 0 ignored).
00:00:19 		Reading sequence 'Contig4043', length: 10989
00:00:19 		Adding genomic sequences to genes: 
00:00:19 	Done (0 sequences added).
00:00:19 		Adding genomic sequences to exons: 
00:00:19 	Done (0 sequences added, 0 ignored).
00:00:19 		Reading sequence 'Contig4337', length: 9992
00:00:19 		Adding genomic sequences to genes: 
00:00:19 	Done (0 sequences added).
00:00:19 		Adding genomic sequences to exons: 
00:00:19 	Done (0 sequences added, 0 ignored).
00:00:19 		Reading sequence 'Contig4066', length: 11985
00:00:19 		Adding genomic sequences to genes: 
00:00:19 	Done (0 sequences added).
00:00:19 		Adding genomic sequences to exons: 
00:00:19 	Done (0 sequences added, 0 ignored).
00:00:19 		Reading sequence 'Contig3040', length: 30988
00:00:19 		Adding genomic sequences to genes: 
00:00:19 	Done (0 sequences added).
00:00:19 		Adding genomic sequences to exons: 
00:00:19 	Done (0 sequences added, 0 ignored).
00:00:19 		Reading sequence 'Contig5120', length: 5988
00:00:19 		Adding genomic sequences to genes: 
00:00:19 	Done (0 sequences added).
00:00:19 		Adding genomic sequences to exons: 
00:00:19 	Done (0 sequences added, 0 ignored).
00:00:19 		Reading sequence 'Contig4122', length: 11976
00:00:19 		Adding genomic sequences to genes: 
00:00:19 	Done (0 sequences added).
00:00:19 		Adding genomic sequences to exons: 
00:00:19 	Done (0 sequences added, 0 ignored).
00:00:19 		Reading sequence 'Contig3959', length: 11985
00:00:19 		Adding genomic sequences to genes: 
00:00:19 	Done (0 sequences added).
00:00:19 		Adding genomic sequences to exons: 
00:00:19 	Done (0 sequences added, 0 ignored).
00:00:19 		Reading sequence 'Contig3066', length: 29983
00:00:19 		Adding genomic sequences to genes: 
00:00:19 	Done (0 sequences added).
00:00:19 		Adding genomic sequences to exons: 
00:00:19 	Done (0 sequences added, 0 ignored).
00:00:19 		Reading sequence 'Contig4114', length: 11983
00:00:19 		Adding genomic sequences to genes: 
00:00:19 	Done (0 sequences added).
00:00:19 		Adding genomic sequences to exons: 
00:00:19 	Done (0 sequences added, 0 ignored).
00:00:19 		Reading sequence 'Contig4184', length: 10988
00:00:19 		Adding genomic sequences to genes: 
00:00:19 	Done (0 sequences added).
00:00:19 		Adding genomic sequences to exons: 
00:00:19 	Done (0 sequences added, 0 ignored).
00:00:19 		Reading sequence 'Contig4805', length: 5987
00:00:19 		Adding genomic sequences to genes: 
00:00:19 	Done (0 sequences added).
00:00:19 		Adding genomic sequences to exons: 
00:00:19 	Done (0 sequences added, 0 ignored).
00:00:19 		Reading sequence 'Contig4445', length: 8989
00:00:19 		Adding genomic sequences to genes: 
00:00:19 	Done (0 sequences added).
00:00:19 		Adding genomic sequences to exons: 
00:00:19 	Done (0 sequences added, 0 ignored).
00:00:19 		Reading sequence 'Contig4082', length: 11988
00:00:19 		Adding genomic sequences to genes: 
00:00:19 	Done (0 sequences added).
00:00:19 		Adding genomic sequences to exons: 
00:00:19 	Done (0 sequences added, 0 ignored).
00:00:19 		Reading sequence 'Contig4917', length: 5988
00:00:19 		Adding genomic sequences to genes: 
00:00:19 	Done (0 sequences added).
00:00:19 		Adding genomic sequences to exons: 
00:00:19 	Done (0 sequences added, 0 ignored).
00:00:19 		Reading sequence 'Contig4698', length: 7986
00:00:19 		Adding genomic sequences to genes: 
00:00:19 	Done (0 sequences added).
00:00:19 		Adding genomic sequences to exons: 
00:00:19 	Done (0 sequences added, 0 ignored).
00:00:19 		Reading sequence 'Contig4691', length: 7988
00:00:19 		Adding genomic sequences to genes: 
00:00:19 	Done (0 sequences added).
00:00:19 		Adding genomic sequences to exons: 
00:00:19 	Done (0 sequences added, 0 ignored).
00:00:19 		Reading sequence 'Contig4013', length: 12979
00:00:19 		Adding genomic sequences to genes: 
00:00:19 	Done (0 sequences added).
00:00:19 		Adding genomic sequences to exons: 
00:00:19 	Done (0 sequences added, 0 ignored).
00:00:19 		Reading sequence 'Contig5112', length: 4988
00:00:19 		Adding genomic sequences to genes: 
00:00:19 	Done (0 sequences added).
00:00:19 		Adding genomic sequences to exons: 
00:00:19 	Done (0 sequences added, 0 ignored).
00:00:19 		Reading sequence 'Contig5163', length: 9988
00:00:19 		Adding genomic sequences to genes: 
00:00:19 	Done (0 sequences added).
00:00:19 		Adding genomic sequences to exons: 
00:00:19 	Done (0 sequences added, 0 ignored).
00:00:19 		Reading sequence 'Contig4376', length: 8986
00:00:19 		Adding genomic sequences to genes: 
00:00:19 	Done (0 sequences added).
00:00:19 		Adding genomic sequences to exons: 
00:00:19 	Done (0 sequences added, 0 ignored).
00:00:19 		Reading sequence 'Contig4524', length: 7987
00:00:19 		Adding genomic sequences to genes: 
00:00:19 	Done (0 sequences added).
00:00:19 		Adding genomic sequences to exons: 
00:00:19 	Done (0 sequences added, 0 ignored).
00:00:19 		Reading sequence 'Contig4160', length: 10988
00:00:19 		Adding genomic sequences to genes: 
00:00:19 	Done (0 sequences added).
00:00:19 		Adding genomic sequences to exons: 
00:00:19 	Done (0 sequences added, 0 ignored).
00:00:19 		Reading sequence 'Contig4541', length: 7988
00:00:19 		Adding genomic sequences to genes: 
00:00:19 	Done (0 sequences added).
00:00:19 		Adding genomic sequences to exons: 
00:00:19 	Done (0 sequences added, 0 ignored).
00:00:19 		Reading sequence 'Contig5119', length: 4987
00:00:19 		Adding genomic sequences to genes: 
00:00:19 	Done (0 sequences added).
00:00:19 		Adding genomic sequences to exons: 
00:00:19 	Done (0 sequences added, 0 ignored).
00:00:19 		Reading sequence 'Contig3859', length: 14999
00:00:19 		Adding genomic sequences to genes: 
00:00:19 	Done (0 sequences added).
00:00:19 		Adding genomic sequences to exons: 
00:00:19 	Done (0 sequences added, 0 ignored).
00:00:19 		Reading sequence 'Contig5048', length: 5988
00:00:19 		Adding genomic sequences to genes: 
00:00:19 	Done (0 sequences added).
00:00:19 		Adding genomic sequences to exons: 
00:00:19 	Done (0 sequences added, 0 ignored).
00:00:19 		Reading sequence 'Contig3367', length: 21971
00:00:19 		Adding genomic sequences to genes: 
00:00:19 	Done (1 sequences added).
00:00:19 		Adding genomic sequences to exons: 
00:00:19 	Done (1 sequences added, 0 ignored).
00:00:19 		Reading sequence 'Contig3820', length: 14974
00:00:19 		Adding genomic sequences to genes: 
00:00:19 	Done (0 sequences added).
00:00:19 		Adding genomic sequences to exons: 
00:00:19 	Done (0 sequences added, 0 ignored).
00:00:19 		Reading sequence 'Contig4226', length: 10989
00:00:19 		Adding genomic sequences to genes: 
00:00:19 	Done (0 sequences added).
00:00:19 		Adding genomic sequences to exons: 
00:00:19 	Done (0 sequences added, 0 ignored).
00:00:19 		Reading sequence 'Contig4224', length: 10949
00:00:19 		Adding genomic sequences to genes: 
00:00:19 	Done (0 sequences added).
00:00:19 		Adding genomic sequences to exons: 
00:00:19 	Done (0 sequences added, 0 ignored).
00:00:19 		Reading sequence 'Contig4369', length: 7988
00:00:19 		Adding genomic sequences to genes: 
00:00:19 	Done (0 sequences added).
00:00:19 		Adding genomic sequences to exons: 
00:00:19 	Done (0 sequences added, 0 ignored).
00:00:19 		Reading sequence 'Contig5149', length: 4987
00:00:19 		Adding genomic sequences to genes: 
00:00:19 	Done (0 sequences added).
00:00:19 		Adding genomic sequences to exons: 
00:00:19 	Done (0 sequences added, 0 ignored).
00:00:19 		Reading sequence 'Contig5046', length: 11988
00:00:19 		Adding genomic sequences to genes: 
00:00:19 	Done (0 sequences added).
00:00:19 		Adding genomic sequences to exons: 
00:00:19 	Done (0 sequences added, 0 ignored).
00:00:19 		Reading sequence 'Contig4487', length: 8984
00:00:19 		Adding genomic sequences to genes: 
00:00:19 	Done (0 sequences added).
00:00:19 		Adding genomic sequences to exons: 
00:00:19 	Done (0 sequences added, 0 ignored).
00:00:19 		Reading sequence 'Contig4124', length: 10981
00:00:19 		Adding genomic sequences to genes: 
00:00:19 	Done (0 sequences added).
00:00:19 		Adding genomic sequences to exons: 
00:00:19 	Done (0 sequences added, 0 ignored).
00:00:19 		Reading sequence 'Contig4903', length: 5989
00:00:19 		Adding genomic sequences to genes: 
00:00:19 	Done (0 sequences added).
00:00:19 		Adding genomic sequences to exons: 
00:00:19 	Done (0 sequences added, 0 ignored).
00:00:19 		Reading sequence 'Contig3813', length: 15988
00:00:19 		Adding genomic sequences to genes: 
00:00:19 	Done (0 sequences added).
00:00:19 		Adding genomic sequences to exons: 
00:00:19 	Done (0 sequences added, 0 ignored).
00:00:19 		Reading sequence 'Contig4053', length: 11988
00:00:19 		Adding genomic sequences to genes: 
00:00:19 	Done (0 sequences added).
00:00:19 		Adding genomic sequences to exons: 
00:00:19 	Done (0 sequences added, 0 ignored).
00:00:19 		Reading sequence 'Contig4386', length: 8990
00:00:19 		Adding genomic sequences to genes: 
00:00:19 	Done (0 sequences added).
00:00:19 		Adding genomic sequences to exons: 
00:00:19 	Done (0 sequences added, 0 ignored).
00:00:19 		Reading sequence 'Contig4234', length: 9988
00:00:19 		Adding genomic sequences to genes: 
00:00:19 	Done (0 sequences added).
00:00:19 		Adding genomic sequences to exons: 
00:00:19 	Done (0 sequences added, 0 ignored).
00:00:19 		Reading sequence 'Contig4976', length: 4988
00:00:19 		Adding genomic sequences to genes: 
00:00:19 	Done (0 sequences added).
00:00:19 		Adding genomic sequences to exons: 
00:00:19 	Done (0 sequences added, 0 ignored).
00:00:19 		Reading sequence 'Contig5091', length: 5988
00:00:19 		Adding genomic sequences to genes: 
00:00:19 	Done (0 sequences added).
00:00:19 		Adding genomic sequences to exons: 
00:00:19 	Done (0 sequences added, 0 ignored).
00:00:19 		Reading sequence 'Contig4156', length: 11992
00:00:19 		Adding genomic sequences to genes: 
00:00:19 	Done (0 sequences added).
00:00:19 		Adding genomic sequences to exons: 
00:00:19 	Done (0 sequences added, 0 ignored).
00:00:19 		Reading sequence 'Contig3894', length: 19987
00:00:19 		Adding genomic sequences to genes: 
00:00:19 	Done (0 sequences added).
00:00:19 		Adding genomic sequences to exons: 
00:00:19 	Done (0 sequences added, 0 ignored).
00:00:19 		Reading sequence 'Contig4828', length: 6988
00:00:19 		Adding genomic sequences to genes: 
00:00:19 	Done (0 sequences added).
00:00:19 		Adding genomic sequences to exons: 
00:00:19 	Done (0 sequences added, 0 ignored).
00:00:19 		Reading sequence 'Contig4291', length: 9959
00:00:19 		Adding genomic sequences to genes: 
00:00:19 	Done (0 sequences added).
00:00:19 		Adding genomic sequences to exons: 
00:00:19 	Done (0 sequences added, 0 ignored).
00:00:19 		Reading sequence 'Contig5204', length: 12988
00:00:19 		Adding genomic sequences to genes: 
00:00:19 	Done (0 sequences added).
00:00:19 		Adding genomic sequences to exons: 
00:00:19 	Done (0 sequences added, 0 ignored).
00:00:19 		Reading sequence 'Contig3342', length: 23988
00:00:19 		Adding genomic sequences to genes: 
00:00:19 	Done (0 sequences added).
00:00:19 		Adding genomic sequences to exons: 
00:00:19 	Done (0 sequences added, 0 ignored).
00:00:19 		Reading sequence 'Contig4982', length: 4988
00:00:19 		Adding genomic sequences to genes: 
00:00:19 	Done (0 sequences added).
00:00:19 		Adding genomic sequences to exons: 
00:00:19 	Done (0 sequences added, 0 ignored).
00:00:19 		Reading sequence 'Contig4502', length: 8989
00:00:19 		Adding genomic sequences to genes: 
00:00:19 	Done (0 sequences added).
00:00:19 		Adding genomic sequences to exons: 
00:00:19 	Done (0 sequences added, 0 ignored).
00:00:19 		Reading sequence 'Contig4578', length: 7989
00:00:19 		Adding genomic sequences to genes: 
00:00:19 	Done (1 sequences added).
00:00:19 		Adding genomic sequences to exons: 
00:00:19 	Done (2 sequences added, 0 ignored).
00:00:19 		Reading sequence 'Contig3325', length: 23988
00:00:19 		Adding genomic sequences to genes: 
00:00:19 	Done (1 sequences added).
00:00:19 		Adding genomic sequences to exons: 
00:00:19 	Done (2 sequences added, 0 ignored).
00:00:19 		Reading sequence 'Contig3750', length: 15988
00:00:19 		Adding genomic sequences to genes: 
00:00:19 	Done (0 sequences added).
00:00:19 		Adding genomic sequences to exons: 
00:00:19 	Done (0 sequences added, 0 ignored).
00:00:19 		Reading sequence 'Contig5004', length: 5988
00:00:19 		Adding genomic sequences to genes: 
00:00:19 	Done (0 sequences added).
00:00:19 		Adding genomic sequences to exons: 
00:00:19 	Done (0 sequences added, 0 ignored).
00:00:19 		Reading sequence 'Contig4665', length: 6989
00:00:19 		Adding genomic sequences to genes: 
00:00:19 	Done (0 sequences added).
00:00:19 		Adding genomic sequences to exons: 
00:00:19 	Done (0 sequences added, 0 ignored).
00:00:19 		Reading sequence 'Contig5037', length: 5988
00:00:19 		Adding genomic sequences to genes: 
00:00:19 	Done (0 sequences added).
00:00:19 		Adding genomic sequences to exons: 
00:00:19 	Done (0 sequences added, 0 ignored).
00:00:19 		Reading sequence 'Contig4543', length: 7987
00:00:19 		Adding genomic sequences to genes: 
00:00:19 	Done (0 sequences added).
00:00:19 		Adding genomic sequences to exons: 
00:00:19 	Done (0 sequences added, 0 ignored).
00:00:19 		Reading sequence 'Contig3740', length: 15988
00:00:19 		Adding genomic sequences to genes: 
00:00:19 	Done (0 sequences added).
00:00:19 		Adding genomic sequences to exons: 
00:00:19 	Done (0 sequences added, 0 ignored).
00:00:19 		Reading sequence 'Contig4876', length: 5988
00:00:19 		Adding genomic sequences to genes: 
00:00:19 	Done (0 sequences added).
00:00:19 		Adding genomic sequences to exons: 
00:00:19 	Done (0 sequences added, 0 ignored).
00:00:19 		Reading sequence 'Contig5118', length: 5988
00:00:19 		Adding genomic sequences to genes: 
00:00:19 	Done (0 sequences added).
00:00:19 		Adding genomic sequences to exons: 
00:00:19 	Done (0 sequences added, 0 ignored).
00:00:19 		Reading sequence 'Contig4555', length: 8988
00:00:19 		Adding genomic sequences to genes: 
00:00:19 	Done (0 sequences added).
00:00:19 		Adding genomic sequences to exons: 
00:00:19 	Done (0 sequences added, 0 ignored).
00:00:19 		Reading sequence 'Contig4265', length: 9988
00:00:19 		Adding genomic sequences to genes: 
00:00:19 	Done (0 sequences added).
00:00:19 		Adding genomic sequences to exons: 
00:00:19 	Done (0 sequences added, 0 ignored).
00:00:19 		Reading sequence 'Contig4956', length: 4989
00:00:19 		Adding genomic sequences to genes: 
00:00:19 	Done (0 sequences added).
00:00:19 		Adding genomic sequences to exons: 
00:00:19 	Done (0 sequences added, 0 ignored).
00:00:19 		Reading sequence 'Contig3543', length: 18989
00:00:19 		Adding genomic sequences to genes: 
00:00:19 	Done (0 sequences added).
00:00:19 		Adding genomic sequences to exons: 
00:00:19 	Done (0 sequences added, 0 ignored).
00:00:19 		Reading sequence 'Contig4671', length: 7989
00:00:19 		Adding genomic sequences to genes: 
00:00:19 	Done (0 sequences added).
00:00:19 		Adding genomic sequences to exons: 
00:00:19 	Done (0 sequences added, 0 ignored).
00:00:19 		Reading sequence 'Contig4510', length: 7988
00:00:19 		Adding genomic sequences to genes: 
00:00:19 	Done (0 sequences added).
00:00:19 		Adding genomic sequences to exons: 
00:00:19 	Done (0 sequences added, 0 ignored).
00:00:19 		Reading sequence 'Contig4802', length: 6988
00:00:19 		Adding genomic sequences to genes: 
00:00:19 	Done (0 sequences added).
00:00:19 		Adding genomic sequences to exons: 
00:00:19 	Done (0 sequences added, 0 ignored).
00:00:19 		Reading sequence 'Contig4269', length: 9988
00:00:19 		Adding genomic sequences to genes: 
00:00:19 	Done (0 sequences added).
00:00:19 		Adding genomic sequences to exons: 
00:00:19 	Done (0 sequences added, 0 ignored).
00:00:19 		Reading sequence 'Contig4957', length: 5988
00:00:19 		Adding genomic sequences to genes: 
00:00:19 	Done (0 sequences added).
00:00:19 		Adding genomic sequences to exons: 
00:00:19 	Done (0 sequences added, 0 ignored).
00:00:19 		Reading sequence 'Contig3572', length: 19974
00:00:19 		Adding genomic sequences to genes: 
00:00:19 	Done (0 sequences added).
00:00:19 		Adding genomic sequences to exons: 
00:00:19 	Done (0 sequences added, 0 ignored).
00:00:19 		Reading sequence 'Contig4753', length: 5988
00:00:19 		Adding genomic sequences to genes: 
00:00:19 	Done (0 sequences added).
00:00:19 		Adding genomic sequences to exons: 
00:00:19 	Done (0 sequences added, 0 ignored).
00:00:19 		Reading sequence 'Contig4739', length: 10988
00:00:19 		Adding genomic sequences to genes: 
00:00:19 	Done (0 sequences added).
00:00:19 		Adding genomic sequences to exons: 
00:00:19 	Done (0 sequences added, 0 ignored).
00:00:19 		Reading sequence 'Contig5081', length: 5988
00:00:19 		Adding genomic sequences to genes: 
00:00:19 	Done (0 sequences added).
00:00:19 		Adding genomic sequences to exons: 
00:00:19 	Done (0 sequences added, 0 ignored).
00:00:19 		Reading sequence 'Contig5153', length: 5985
00:00:19 		Adding genomic sequences to genes: 
00:00:19 	Done (0 sequences added).
00:00:19 		Adding genomic sequences to exons: 
00:00:19 	Done (0 sequences added, 0 ignored).
00:00:19 		Reading sequence 'Contig4210', length: 10994
00:00:19 		Adding genomic sequences to genes: 
00:00:19 	Done (0 sequences added).
00:00:19 		Adding genomic sequences to exons: 
00:00:19 	Done (0 sequences added, 0 ignored).
00:00:19 		Reading sequence 'Contig4833', length: 9980
00:00:19 		Adding genomic sequences to genes: 
00:00:19 	Done (0 sequences added).
00:00:19 		Adding genomic sequences to exons: 
00:00:19 	Done (0 sequences added, 0 ignored).
00:00:19 		Reading sequence 'Contig4310', length: 9989
00:00:19 		Adding genomic sequences to genes: 
00:00:19 	Done (0 sequences added).
00:00:19 		Adding genomic sequences to exons: 
00:00:19 	Done (0 sequences added, 0 ignored).
00:00:19 		Reading sequence 'Contig4488', length: 8987
00:00:19 		Adding genomic sequences to genes: 
00:00:19 	Done (0 sequences added).
00:00:19 		Adding genomic sequences to exons: 
00:00:19 	Done (0 sequences added, 0 ignored).
00:00:19 		Reading sequence 'Contig5152', length: 5988
00:00:19 		Adding genomic sequences to genes: 
00:00:19 	Done (0 sequences added).
00:00:19 		Adding genomic sequences to exons: 
00:00:19 	Done (0 sequences added, 0 ignored).
00:00:19 		Reading sequence 'Contig4001', length: 11988
00:00:19 		Adding genomic sequences to genes: 
00:00:19 	Done (0 sequences added).
00:00:19 		Adding genomic sequences to exons: 
00:00:19 	Done (0 sequences added, 0 ignored).
00:00:19 		Reading sequence 'Contig4509', length: 7991
00:00:19 		Adding genomic sequences to genes: 
00:00:19 	Done (0 sequences added).
00:00:19 		Adding genomic sequences to exons: 
00:00:19 	Done (0 sequences added, 0 ignored).
00:00:19 		Reading sequence 'Contig4292', length: 9987
00:00:19 		Adding genomic sequences to genes: 
00:00:19 	Done (0 sequences added).
00:00:19 		Adding genomic sequences to exons: 
00:00:19 	Done (0 sequences added, 0 ignored).
00:00:19 		Reading sequence 'Contig4396', length: 8986
00:00:19 		Adding genomic sequences to genes: 
00:00:19 	Done (0 sequences added).
00:00:19 		Adding genomic sequences to exons: 
00:00:19 	Done (0 sequences added, 0 ignored).
00:00:19 		Reading sequence 'Contig4195', length: 10986
00:00:19 		Adding genomic sequences to genes: 
00:00:19 	Done (0 sequences added).
00:00:19 		Adding genomic sequences to exons: 
00:00:19 	Done (0 sequences added, 0 ignored).
00:00:19 		Reading sequence 'Contig4328', length: 8988
00:00:19 		Adding genomic sequences to genes: 
00:00:19 	Done (0 sequences added).
00:00:19 		Adding genomic sequences to exons: 
00:00:19 	Done (0 sequences added, 0 ignored).
00:00:19 		Reading sequence 'Contig4854', length: 6988
00:00:19 		Adding genomic sequences to genes: 
00:00:19 	Done (0 sequences added).
00:00:19 		Adding genomic sequences to exons: 
00:00:19 	Done (0 sequences added, 0 ignored).
00:00:19 		Reading sequence 'Contig4623', length: 7989
00:00:19 		Adding genomic sequences to genes: 
00:00:19 	Done (0 sequences added).
00:00:19 		Adding genomic sequences to exons: 
00:00:19 	Done (0 sequences added, 0 ignored).
00:00:19 		Reading sequence 'Contig5111', length: 5988
00:00:19 		Adding genomic sequences to genes: 
00:00:19 	Done (0 sequences added).
00:00:19 		Adding genomic sequences to exons: 
00:00:19 	Done (0 sequences added, 0 ignored).
00:00:19 		Reading sequence 'Contig4618', length: 7988
00:00:19 		Adding genomic sequences to genes: 
00:00:19 	Done (0 sequences added).
00:00:19 		Adding genomic sequences to exons: 
00:00:19 	Done (0 sequences added, 0 ignored).
00:00:19 		Reading sequence 'Contig4264', length: 20398
00:00:19 		Adding genomic sequences to genes: 
00:00:19 	Done (3 sequences added).
00:00:19 		Adding genomic sequences to exons: 
00:00:19 	Done (9 sequences added, 0 ignored).
00:00:19 		Reading sequence 'Contig4390', length: 8987
00:00:19 		Adding genomic sequences to genes: 
00:00:19 	Done (0 sequences added).
00:00:19 		Adding genomic sequences to exons: 
00:00:19 	Done (0 sequences added, 0 ignored).
00:00:19 		Reading sequence 'Contig4773', length: 6983
00:00:19 		Adding genomic sequences to genes: 
00:00:19 	Done (0 sequences added).
00:00:19 		Adding genomic sequences to exons: 
00:00:19 	Done (0 sequences added, 0 ignored).
00:00:19 		Reading sequence 'Contig4579', length: 7987
00:00:19 		Adding genomic sequences to genes: 
00:00:19 	Done (0 sequences added).
00:00:19 		Adding genomic sequences to exons: 
00:00:19 	Done (0 sequences added, 0 ignored).
00:00:19 		Reading sequence 'Contig5021', length: 5988
00:00:19 		Adding genomic sequences to genes: 
00:00:19 	Done (0 sequences added).
00:00:19 		Adding genomic sequences to exons: 
00:00:19 	Done (0 sequences added, 0 ignored).
00:00:19 		Reading sequence 'Contig4498', length: 7988
00:00:19 		Adding genomic sequences to genes: 
00:00:19 	Done (0 sequences added).
00:00:19 		Adding genomic sequences to exons: 
00:00:19 	Done (0 sequences added, 0 ignored).
00:00:19 		Reading sequence 'Contig5028', length: 5987
00:00:19 		Adding genomic sequences to genes: 
00:00:19 	Done (0 sequences added).
00:00:19 		Adding genomic sequences to exons: 
00:00:19 	Done (0 sequences added, 0 ignored).
00:00:19 		Reading sequence 'Contig3292', length: 28801
00:00:19 		Adding genomic sequences to genes: 
00:00:19 	Done (5 sequences added).
00:00:19 		Adding genomic sequences to exons: 
00:00:19 	Done (5 sequences added, 0 ignored).
00:00:19 		Reading sequence 'Contig5068', length: 5985
00:00:19 		Adding genomic sequences to genes: 
00:00:19 	Done (0 sequences added).
00:00:19 		Adding genomic sequences to exons: 
00:00:19 	Done (0 sequences added, 0 ignored).
00:00:19 		Reading sequence 'Contig4521', length: 7990
00:00:19 		Adding genomic sequences to genes: 
00:00:19 	Done (0 sequences added).
00:00:19 		Adding genomic sequences to exons: 
00:00:19 	Done (0 sequences added, 0 ignored).
00:00:19 		Reading sequence 'Contig4810', length: 5988
00:00:19 		Adding genomic sequences to genes: 
00:00:19 	Done (0 sequences added).
00:00:19 		Adding genomic sequences to exons: 
00:00:19 	Done (0 sequences added, 0 ignored).
00:00:19 		Reading sequence 'Contig5229', length: 9503
00:00:19 		Adding genomic sequences to genes: 
00:00:19 	Done (1 sequences added).
00:00:19 		Adding genomic sequences to exons: 
00:00:19 	Done (1 sequences added, 0 ignored).
00:00:19 		Reading sequence 'Contig4633', length: 6988
00:00:19 		Adding genomic sequences to genes: 
00:00:19 	Done (0 sequences added).
00:00:19 		Adding genomic sequences to exons: 
00:00:19 	Done (0 sequences added, 0 ignored).
00:00:19 		Reading sequence 'Contig4645', length: 6989
00:00:19 		Adding genomic sequences to genes: 
00:00:19 	Done (0 sequences added).
00:00:19 		Adding genomic sequences to exons: 
00:00:19 	Done (0 sequences added, 0 ignored).
00:00:19 		Reading sequence 'Contig3935', length: 13997
00:00:19 		Adding genomic sequences to genes: 
00:00:19 	Done (0 sequences added).
00:00:19 		Adding genomic sequences to exons: 
00:00:19 	Done (0 sequences added, 0 ignored).
00:00:19 		Reading sequence 'Contig4890', length: 6987
00:00:19 		Adding genomic sequences to genes: 
00:00:19 	Done (0 sequences added).
00:00:19 		Adding genomic sequences to exons: 
00:00:19 	Done (0 sequences added, 0 ignored).
00:00:19 		Reading sequence 'Contig5099', length: 5988
00:00:19 		Adding genomic sequences to genes: 
00:00:19 	Done (1 sequences added).
00:00:19 		Adding genomic sequences to exons: 
00:00:19 	Done (2 sequences added, 0 ignored).
00:00:19 		Reading sequence 'Contig3910', length: 13992
00:00:19 		Adding genomic sequences to genes: 
00:00:19 	Done (0 sequences added).
00:00:19 		Adding genomic sequences to exons: 
00:00:19 	Done (0 sequences added, 0 ignored).
00:00:19 		Reading sequence 'Contig4851', length: 6988
00:00:19 		Adding genomic sequences to genes: 
00:00:19 	Done (0 sequences added).
00:00:19 		Adding genomic sequences to exons: 
00:00:19 	Done (0 sequences added, 0 ignored).
00:00:19 		Reading sequence 'Contig4012', length: 14921
00:00:19 		Adding genomic sequences to genes: 
00:00:19 	Done (0 sequences added).
00:00:19 		Adding genomic sequences to exons: 
00:00:19 	Done (0 sequences added, 0 ignored).
00:00:19 		Reading sequence 'Contig3958', length: 13984
00:00:19 		Adding genomic sequences to genes: 
00:00:19 	Done (0 sequences added).
00:00:19 		Adding genomic sequences to exons: 
00:00:19 	Done (0 sequences added, 0 ignored).
00:00:19 		Reading sequence 'Contig5073', length: 4988
00:00:19 		Adding genomic sequences to genes: 
00:00:19 	Done (0 sequences added).
00:00:19 		Adding genomic sequences to exons: 
00:00:19 	Done (0 sequences added, 0 ignored).
00:00:19 		Reading sequence 'Contig3759', length: 26977
00:00:19 		Adding genomic sequences to genes: 
00:00:19 	Done (0 sequences added).
00:00:19 		Adding genomic sequences to exons: 
00:00:19 	Done (0 sequences added, 0 ignored).
00:00:19 		Reading sequence 'Contig5090', length: 5988
00:00:19 		Adding genomic sequences to genes: 
00:00:19 	Done (0 sequences added).
00:00:19 		Adding genomic sequences to exons: 
00:00:19 	Done (0 sequences added, 0 ignored).
00:00:19 		Reading sequence 'Contig5074', length: 5984
00:00:19 		Adding genomic sequences to genes: 
00:00:19 	Done (0 sequences added).
00:00:19 		Adding genomic sequences to exons: 
00:00:19 	Done (0 sequences added, 0 ignored).
00:00:19 		Reading sequence 'Contig5034', length: 5987
00:00:19 		Adding genomic sequences to genes: 
00:00:19 	Done (0 sequences added).
00:00:19 		Adding genomic sequences to exons: 
00:00:19 	Done (0 sequences added, 0 ignored).
00:00:19 		Reading sequence 'Contig4019', length: 12984
00:00:19 		Adding genomic sequences to genes: 
00:00:19 	Done (0 sequences added).
00:00:19 		Adding genomic sequences to exons: 
00:00:19 	Done (0 sequences added, 0 ignored).
00:00:19 		Reading sequence 'Contig3988', length: 14104
00:00:19 		Adding genomic sequences to genes: 
00:00:19 	Done (0 sequences added).
00:00:19 		Adding genomic sequences to exons: 
00:00:19 	Done (0 sequences added, 0 ignored).
00:00:19 		Reading sequence 'Contig4550', length: 7988
00:00:19 		Adding genomic sequences to genes: 
00:00:19 	Done (0 sequences added).
00:00:19 		Adding genomic sequences to exons: 
00:00:19 	Done (0 sequences added, 0 ignored).
00:00:19 		Reading sequence 'Contig4076', length: 11987
00:00:19 		Adding genomic sequences to genes: 
00:00:19 	Done (0 sequences added).
00:00:19 		Adding genomic sequences to exons: 
00:00:19 	Done (0 sequences added, 0 ignored).
00:00:19 		Reading sequence 'Contig5144', length: 4988
00:00:19 		Adding genomic sequences to genes: 
00:00:19 	Done (0 sequences added).
00:00:19 		Adding genomic sequences to exons: 
00:00:19 	Done (0 sequences added, 0 ignored).
00:00:19 		Reading sequence 'Contig5103', length: 4988
00:00:19 		Adding genomic sequences to genes: 
00:00:19 	Done (0 sequences added).
00:00:19 		Adding genomic sequences to exons: 
00:00:19 	Done (0 sequences added, 0 ignored).
00:00:19 		Reading sequence 'Contig4304', length: 17983
00:00:19 		Adding genomic sequences to genes: 
00:00:19 	Done (0 sequences added).
00:00:19 		Adding genomic sequences to exons: 
00:00:19 	Done (0 sequences added, 0 ignored).
00:00:19 		Reading sequence 'Contig5143', length: 9043
00:00:19 		Adding genomic sequences to genes: 
00:00:19 	Done (2 sequences added).
00:00:19 		Adding genomic sequences to exons: 
00:00:19 	Done (2 sequences added, 0 ignored).
00:00:19 		Reading sequence 'Contig4344', length: 8988
00:00:19 		Adding genomic sequences to genes: 
00:00:19 	Done (0 sequences added).
00:00:19 		Adding genomic sequences to exons: 
00:00:19 	Done (0 sequences added, 0 ignored).
00:00:19 		Reading sequence 'Contig4060', length: 13988
00:00:19 		Adding genomic sequences to genes: 
00:00:19 	Done (0 sequences added).
00:00:19 		Adding genomic sequences to exons: 
00:00:19 	Done (0 sequences added, 0 ignored).
00:00:19 		Reading sequence 'Contig4039', length: 12988
00:00:19 		Adding genomic sequences to genes: 
00:00:19 	Done (0 sequences added).
00:00:19 		Adding genomic sequences to exons: 
00:00:19 	Done (0 sequences added, 0 ignored).
00:00:19 		Reading sequence 'Contig4677', length: 6988
00:00:19 		Adding genomic sequences to genes: 
00:00:19 	Done (0 sequences added).
00:00:19 		Adding genomic sequences to exons: 
00:00:19 	Done (0 sequences added, 0 ignored).
00:00:19 		Reading sequence 'Contig4520', length: 7987
00:00:19 		Adding genomic sequences to genes: 
00:00:19 	Done (0 sequences added).
00:00:19 		Adding genomic sequences to exons: 
00:00:19 	Done (0 sequences added, 0 ignored).
00:00:19 		Reading sequence 'Contig3852', length: 14986
00:00:19 		Adding genomic sequences to genes: 
00:00:19 	Done (0 sequences added).
00:00:19 		Adding genomic sequences to exons: 
00:00:19 	Done (0 sequences added, 0 ignored).
00:00:19 		Reading sequence 'Contig4927', length: 5986
00:00:19 		Adding genomic sequences to genes: 
00:00:19 	Done (0 sequences added).
00:00:19 		Adding genomic sequences to exons: 
00:00:19 	Done (0 sequences added, 0 ignored).
00:00:19 		Reading sequence 'Contig4020', length: 12987
00:00:19 		Adding genomic sequences to genes: 
00:00:19 	Done (0 sequences added).
00:00:19 		Adding genomic sequences to exons: 
00:00:19 	Done (0 sequences added, 0 ignored).
00:00:19 		Reading sequence 'Contig4781', length: 6988
00:00:19 		Adding genomic sequences to genes: 
00:00:19 	Done (0 sequences added).
00:00:19 		Adding genomic sequences to exons: 
00:00:19 	Done (0 sequences added, 0 ignored).
00:00:19 		Reading sequence 'Contig4734', length: 5980
00:00:19 		Adding genomic sequences to genes: 
00:00:19 	Done (0 sequences added).
00:00:19 		Adding genomic sequences to exons: 
00:00:19 	Done (0 sequences added, 0 ignored).
00:00:19 		Reading sequence 'Contig4834', length: 6064
00:00:19 		Adding genomic sequences to genes: 
00:00:19 	Done (0 sequences added).
00:00:19 		Adding genomic sequences to exons: 
00:00:19 	Done (0 sequences added, 0 ignored).
00:00:19 		Reading sequence 'Contig4666', length: 6987
00:00:19 		Adding genomic sequences to genes: 
00:00:19 	Done (0 sequences added).
00:00:19 		Adding genomic sequences to exons: 
00:00:19 	Done (0 sequences added, 0 ignored).
00:00:19 		Reading sequence 'Contig4046', length: 11986
00:00:19 		Adding genomic sequences to genes: 
00:00:19 	Done (2 sequences added).
00:00:19 		Adding genomic sequences to exons: 
00:00:19 	Done (9 sequences added, 0 ignored).
00:00:19 		Reading sequence 'Contig4886', length: 6989
00:00:19 		Adding genomic sequences to genes: 
00:00:19 	Done (0 sequences added).
00:00:19 		Adding genomic sequences to exons: 
00:00:19 	Done (0 sequences added, 0 ignored).
00:00:19 		Reading sequence 'Contig5115', length: 5988
00:00:19 		Adding genomic sequences to genes: 
00:00:19 	Done (0 sequences added).
00:00:19 		Adding genomic sequences to exons: 
00:00:19 	Done (0 sequences added, 0 ignored).
00:00:19 		Reading sequence 'Contig3522', length: 20442
00:00:19 		Adding genomic sequences to genes: 
00:00:19 	Done (0 sequences added).
00:00:19 		Adding genomic sequences to exons: 
00:00:19 	Done (0 sequences added, 0 ignored).
00:00:19 		Reading sequence 'Contig4670', length: 6988
00:00:19 		Adding genomic sequences to genes: 
00:00:19 	Done (0 sequences added).
00:00:19 		Adding genomic sequences to exons: 
00:00:19 	Done (0 sequences added, 0 ignored).
00:00:19 		Reading sequence 'Contig4262', length: 9999
00:00:19 		Adding genomic sequences to genes: 
00:00:19 	Done (0 sequences added).
00:00:19 		Adding genomic sequences to exons: 
00:00:19 	Done (0 sequences added, 0 ignored).
00:00:19 		Reading sequence 'Contig4569', length: 7981
00:00:19 		Adding genomic sequences to genes: 
00:00:19 	Done (0 sequences added).
00:00:19 		Adding genomic sequences to exons: 
00:00:19 	Done (0 sequences added, 0 ignored).
00:00:19 		Reading sequence 'Contig4322', length: 9987
00:00:19 		Adding genomic sequences to genes: 
00:00:19 	Done (0 sequences added).
00:00:19 		Adding genomic sequences to exons: 
00:00:19 	Done (0 sequences added, 0 ignored).
00:00:19 		Reading sequence 'Contig3022', length: 41123
00:00:19 		Adding genomic sequences to genes: 
00:00:19 	Done (0 sequences added).
00:00:19 		Adding genomic sequences to exons: 
00:00:19 	Done (0 sequences added, 0 ignored).
00:00:19 		Reading sequence 'Contig4592', length: 24987
00:00:19 		Adding genomic sequences to genes: 
00:00:19 	Done (0 sequences added).
00:00:19 		Adding genomic sequences to exons: 
00:00:19 	Done (0 sequences added, 0 ignored).
00:00:19 		Reading sequence 'Contig4624', length: 14992
00:00:19 		Adding genomic sequences to genes: 
00:00:19 	Done (0 sequences added).
00:00:19 		Adding genomic sequences to exons: 
00:00:19 	Done (0 sequences added, 0 ignored).
00:00:19 		Reading sequence 'Contig4848', length: 5988
00:00:19 		Adding genomic sequences to genes: 
00:00:19 	Done (0 sequences added).
00:00:19 		Adding genomic sequences to exons: 
00:00:19 	Done (0 sequences added, 0 ignored).
00:00:19 		Reading sequence 'Contig4315', length: 8992
00:00:19 		Adding genomic sequences to genes: 
00:00:19 	Done (0 sequences added).
00:00:19 		Adding genomic sequences to exons: 
00:00:19 	Done (0 sequences added, 0 ignored).
00:00:19 		Reading sequence 'Contig4215', length: 9986
00:00:19 		Adding genomic sequences to genes: 
00:00:19 	Done (0 sequences added).
00:00:19 		Adding genomic sequences to exons: 
00:00:19 	Done (0 sequences added, 0 ignored).
00:00:19 		Reading sequence 'Contig3369', length: 22988
00:00:19 		Adding genomic sequences to genes: 
00:00:19 	Done (0 sequences added).
00:00:19 		Adding genomic sequences to exons: 
00:00:19 	Done (0 sequences added, 0 ignored).
00:00:19 		Reading sequence 'Contig3267', length: 34092
00:00:19 		Adding genomic sequences to genes: 
00:00:19 	Done (0 sequences added).
00:00:19 		Adding genomic sequences to exons: 
00:00:19 	Done (0 sequences added, 0 ignored).
00:00:19 		Reading sequence 'Contig4967', length: 5988
00:00:19 		Adding genomic sequences to genes: 
00:00:19 	Done (0 sequences added).
00:00:19 		Adding genomic sequences to exons: 
00:00:19 	Done (0 sequences added, 0 ignored).
00:00:19 		Reading sequence 'Contig4518', length: 8596
00:00:19 		Adding genomic sequences to genes: 
00:00:19 	Done (0 sequences added).
00:00:19 		Adding genomic sequences to exons: 
00:00:19 	Done (0 sequences added, 0 ignored).
00:00:19 		Reading sequence 'Contig2802', length: 32170
00:00:19 		Adding genomic sequences to genes: 
00:00:19 	Done (4 sequences added).
00:00:19 		Adding genomic sequences to exons: 
00:00:19 	Done (8 sequences added, 0 ignored).
00:00:19 		Reading sequence 'Contig5175', length: 8988
00:00:19 		Adding genomic sequences to genes: 
00:00:19 	Done (0 sequences added).
00:00:19 		Adding genomic sequences to exons: 
00:00:19 	Done (0 sequences added, 0 ignored).
00:00:19 		Reading sequence 'Contig3339', length: 21986
00:00:19 		Adding genomic sequences to genes: 
00:00:19 	Done (0 sequences added).
00:00:19 		Adding genomic sequences to exons: 
00:00:19 	Done (0 sequences added, 0 ignored).
00:00:19 		Reading sequence 'Contig4266', length: 26985
00:00:19 		Adding genomic sequences to genes: 
00:00:19 	Done (0 sequences added).
00:00:19 		Adding genomic sequences to exons: 
00:00:19 	Done (0 sequences added, 0 ignored).
00:00:19 		Reading sequence 'Contig4560', length: 6975
00:00:19 		Adding genomic sequences to genes: 
00:00:19 	Done (0 sequences added).
00:00:19 		Adding genomic sequences to exons: 
00:00:19 	Done (0 sequences added, 0 ignored).
00:00:19 		Reading sequence 'Contig3217', length: 25986
00:00:19 		Adding genomic sequences to genes: 
00:00:19 	Done (0 sequences added).
00:00:19 		Adding genomic sequences to exons: 
00:00:19 	Done (0 sequences added, 0 ignored).
00:00:19 		Reading sequence 'Contig4690', length: 7980
00:00:19 		Adding genomic sequences to genes: 
00:00:19 	Done (0 sequences added).
00:00:19 		Adding genomic sequences to exons: 
00:00:19 	Done (0 sequences added, 0 ignored).
00:00:19 		Reading sequence 'Contig5038', length: 5988
00:00:19 		Adding genomic sequences to genes: 
00:00:19 	Done (0 sequences added).
00:00:19 		Adding genomic sequences to exons: 
00:00:19 	Done (0 sequences added, 0 ignored).
00:00:19 		Reading sequence 'Contig4247', length: 9988
00:00:19 		Adding genomic sequences to genes: 
00:00:19 	Done (0 sequences added).
00:00:19 		Adding genomic sequences to exons: 
00:00:19 	Done (0 sequences added, 0 ignored).
00:00:19 		Reading sequence 'Contig5137', length: 4989
00:00:19 		Adding genomic sequences to genes: 
00:00:19 	Done (0 sequences added).
00:00:19 		Adding genomic sequences to exons: 
00:00:19 	Done (0 sequences added, 0 ignored).
00:00:19 		Reading sequence 'Contig4340', length: 9983
00:00:19 		Adding genomic sequences to genes: 
00:00:19 	Done (0 sequences added).
00:00:19 		Adding genomic sequences to exons: 
00:00:19 	Done (0 sequences added, 0 ignored).
00:00:19 		Reading sequence 'Contig4940', length: 5988
00:00:19 		Adding genomic sequences to genes: 
00:00:19 	Done (0 sequences added).
00:00:19 		Adding genomic sequences to exons: 
00:00:19 	Done (0 sequences added, 0 ignored).
00:00:19 		Reading sequence 'Contig4814', length: 6988
00:00:19 		Adding genomic sequences to genes: 
00:00:19 	Done (0 sequences added).
00:00:19 		Adding genomic sequences to exons: 
00:00:19 	Done (0 sequences added, 0 ignored).
00:00:19 		Reading sequence 'Contig5157', length: 9003
00:00:19 		Adding genomic sequences to genes: 
00:00:19 	Done (0 sequences added).
00:00:19 		Adding genomic sequences to exons: 
00:00:19 	Done (0 sequences added, 0 ignored).
00:00:19 		Reading sequence 'Contig4996', length: 4988
00:00:19 		Adding genomic sequences to genes: 
00:00:19 	Done (0 sequences added).
00:00:19 		Adding genomic sequences to exons: 
00:00:19 	Done (0 sequences added, 0 ignored).
00:00:19 		Reading sequence 'Contig4522', length: 7984
00:00:19 		Adding genomic sequences to genes: 
00:00:19 	Done (0 sequences added).
00:00:19 		Adding genomic sequences to exons: 
00:00:19 	Done (0 sequences added, 0 ignored).
00:00:19 		Reading sequence 'Contig4222', length: 9989
00:00:19 		Adding genomic sequences to genes: 
00:00:19 	Done (0 sequences added).
00:00:19 		Adding genomic sequences to exons: 
00:00:19 	Done (0 sequences added, 0 ignored).
00:00:19 		Reading sequence 'Contig4641', length: 5988
00:00:19 		Adding genomic sequences to genes: 
00:00:19 	Done (0 sequences added).
00:00:19 		Adding genomic sequences to exons: 
00:00:19 	Done (0 sequences added, 0 ignored).
00:00:19 		Reading sequence 'Contig4763', length: 6988
00:00:19 		Adding genomic sequences to genes: 
00:00:19 	Done (0 sequences added).
00:00:19 		Adding genomic sequences to exons: 
00:00:19 	Done (0 sequences added, 0 ignored).
00:00:19 		Reading sequence 'Contig4169', length: 11051
00:00:19 		Adding genomic sequences to genes: 
00:00:19 	Done (0 sequences added).
00:00:19 		Adding genomic sequences to exons: 
00:00:19 	Done (0 sequences added, 0 ignored).
00:00:19 		Reading sequence 'Contig4949', length: 5987
00:00:19 		Adding genomic sequences to genes: 
00:00:19 	Done (0 sequences added).
00:00:19 		Adding genomic sequences to exons: 
00:00:19 	Done (0 sequences added, 0 ignored).
00:00:19 		Reading sequence 'Contig4564', length: 8988
00:00:19 		Adding genomic sequences to genes: 
00:00:19 	Done (0 sequences added).
00:00:19 		Adding genomic sequences to exons: 
00:00:19 	Done (0 sequences added, 0 ignored).
00:00:19 		Reading sequence 'Contig4726', length: 6987
00:00:19 		Adding genomic sequences to genes: 
00:00:19 	Done (0 sequences added).
00:00:19 		Adding genomic sequences to exons: 
00:00:19 	Done (0 sequences added, 0 ignored).
00:00:19 		Reading sequence 'Contig5082', length: 4988
00:00:19 		Adding genomic sequences to genes: 
00:00:19 	Done (0 sequences added).
00:00:19 		Adding genomic sequences to exons: 
00:00:19 	Done (0 sequences added, 0 ignored).
00:00:19 		Reading sequence 'Contig3600', length: 18985
00:00:19 		Adding genomic sequences to genes: 
00:00:19 	Done (0 sequences added).
00:00:19 		Adding genomic sequences to exons: 
00:00:19 	Done (0 sequences added, 0 ignored).
00:00:19 		Reading sequence 'Contig4899', length: 6988
00:00:19 		Adding genomic sequences to genes: 
00:00:19 	Done (0 sequences added).
00:00:19 		Adding genomic sequences to exons: 
00:00:19 	Done (0 sequences added, 0 ignored).
00:00:19 		Reading sequence 'Contig5165', length: 16984
00:00:19 		Adding genomic sequences to genes: 
00:00:19 	Done (0 sequences added).
00:00:19 		Adding genomic sequences to exons: 
00:00:19 	Done (0 sequences added, 0 ignored).
00:00:19 		Reading sequence 'Contig5121', length: 4988
00:00:19 		Adding genomic sequences to genes: 
00:00:19 	Done (0 sequences added).
00:00:19 		Adding genomic sequences to exons: 
00:00:19 	Done (0 sequences added, 0 ignored).
00:00:19 		Reading sequence 'Contig4002', length: 13006
00:00:19 		Adding genomic sequences to genes: 
00:00:19 	Done (0 sequences added).
00:00:19 		Adding genomic sequences to exons: 
00:00:19 	Done (0 sequences added, 0 ignored).
00:00:19 		Reading sequence 'Contig3614', length: 17978
00:00:19 		Adding genomic sequences to genes: 
00:00:19 	Done (0 sequences added).
00:00:19 		Adding genomic sequences to exons: 
00:00:19 	Done (0 sequences added, 0 ignored).
00:00:19 		Reading sequence 'Contig3913', length: 13984
00:00:19 		Adding genomic sequences to genes: 
00:00:19 	Done (0 sequences added).
00:00:19 		Adding genomic sequences to exons: 
00:00:19 	Done (0 sequences added, 0 ignored).
00:00:19 		Reading sequence 'Contig4617', length: 7988
00:00:19 		Adding genomic sequences to genes: 
00:00:19 	Done (0 sequences added).
00:00:19 		Adding genomic sequences to exons: 
00:00:19 	Done (0 sequences added, 0 ignored).
00:00:19 		Reading sequence 'Contig4064', length: 15109
00:00:19 		Adding genomic sequences to genes: 
00:00:19 	Done (0 sequences added).
00:00:19 		Adding genomic sequences to exons: 
00:00:19 	Done (0 sequences added, 0 ignored).
00:00:19 		Reading sequence 'Contig4387', length: 8988
00:00:19 		Adding genomic sequences to genes: 
00:00:19 	Done (0 sequences added).
00:00:19 		Adding genomic sequences to exons: 
00:00:19 	Done (0 sequences added, 0 ignored).
00:00:19 		Reading sequence 'Contig5076', length: 4988
00:00:19 		Adding genomic sequences to genes: 
00:00:19 	Done (0 sequences added).
00:00:19 		Adding genomic sequences to exons: 
00:00:19 	Done (0 sequences added, 0 ignored).
00:00:19 		Reading sequence 'Contig4912', length: 4988
00:00:19 		Adding genomic sequences to genes: 
00:00:19 	Done (0 sequences added).
00:00:19 		Adding genomic sequences to exons: 
00:00:19 	Done (0 sequences added, 0 ignored).
00:00:19 		Reading sequence 'Contig5009', length: 4988
00:00:19 		Adding genomic sequences to genes: 
00:00:19 	Done (0 sequences added).
00:00:19 		Adding genomic sequences to exons: 
00:00:19 	Done (0 sequences added, 0 ignored).
00:00:19 		Reading sequence 'Contig3682', length: 17979
00:00:19 		Adding genomic sequences to genes: 
00:00:19 	Done (1 sequences added).
00:00:19 		Adding genomic sequences to exons: 
00:00:19 	Done (1 sequences added, 0 ignored).
00:00:19 		Reading sequence 'Contig4981', length: 5986
00:00:19 		Adding genomic sequences to genes: 
00:00:19 	Done (0 sequences added).
00:00:19 		Adding genomic sequences to exons: 
00:00:19 	Done (0 sequences added, 0 ignored).
00:00:19 		Reading sequence 'Contig4500', length: 7989
00:00:19 		Adding genomic sequences to genes: 
00:00:19 	Done (0 sequences added).
00:00:19 		Adding genomic sequences to exons: 
00:00:19 	Done (0 sequences added, 0 ignored).
00:00:19 		Reading sequence 'Contig4794', length: 3987
00:00:19 		Adding genomic sequences to genes: 
00:00:19 	Done (0 sequences added).
00:00:19 		Adding genomic sequences to exons: 
00:00:19 	Done (0 sequences added, 0 ignored).
00:00:19 		Reading sequence 'Contig4460', length: 8988
00:00:19 		Adding genomic sequences to genes: 
00:00:19 	Done (0 sequences added).
00:00:19 		Adding genomic sequences to exons: 
00:00:19 	Done (0 sequences added, 0 ignored).
00:00:19 		Reading sequence 'Contig4365', length: 8988
00:00:19 		Adding genomic sequences to genes: 
00:00:19 	Done (0 sequences added).
00:00:19 		Adding genomic sequences to exons: 
00:00:19 	Done (0 sequences added, 0 ignored).
00:00:19 		Reading sequence 'Contig4084', length: 11972
00:00:19 		Adding genomic sequences to genes: 
00:00:19 	Done (0 sequences added).
00:00:19 		Adding genomic sequences to exons: 
00:00:19 	Done (0 sequences added, 0 ignored).
00:00:19 		Reading sequence 'Contig4240', length: 9988
00:00:19 		Adding genomic sequences to genes: 
00:00:19 	Done (0 sequences added).
00:00:19 		Adding genomic sequences to exons: 
00:00:19 	Done (0 sequences added, 0 ignored).
00:00:19 		Reading sequence 'Contig4041', length: 12988
00:00:19 		Adding genomic sequences to genes: 
00:00:19 	Done (0 sequences added).
00:00:19 		Adding genomic sequences to exons: 
00:00:19 	Done (0 sequences added, 0 ignored).
00:00:19 		Reading sequence 'Contig4706', length: 6987
00:00:19 		Adding genomic sequences to genes: 
00:00:19 	Done (0 sequences added).
00:00:19 		Adding genomic sequences to exons: 
00:00:19 	Done (0 sequences added, 0 ignored).
00:00:19 		Reading sequence 'Contig5067', length: 4988
00:00:19 		Adding genomic sequences to genes: 
00:00:19 	Done (0 sequences added).
00:00:19 		Adding genomic sequences to exons: 
00:00:19 	Done (0 sequences added, 0 ignored).
00:00:19 		Reading sequence 'Contig3764', length: 15988
00:00:19 		Adding genomic sequences to genes: 
00:00:19 	Done (0 sequences added).
00:00:19 		Adding genomic sequences to exons: 
00:00:19 	Done (0 sequences added, 0 ignored).
00:00:19 		Reading sequence 'Contig4874', length: 6988
00:00:19 		Adding genomic sequences to genes: 
00:00:19 	Done (0 sequences added).
00:00:19 		Adding genomic sequences to exons: 
00:00:19 	Done (0 sequences added, 0 ignored).
00:00:19 		Reading sequence 'Contig4820', length: 6987
00:00:19 		Adding genomic sequences to genes: 
00:00:19 	Done (0 sequences added).
00:00:19 		Adding genomic sequences to exons: 
00:00:19 	Done (0 sequences added, 0 ignored).
00:00:19 		Reading sequence 'Contig4347', length: 9983
00:00:19 		Adding genomic sequences to genes: 
00:00:19 	Done (0 sequences added).
00:00:19 		Adding genomic sequences to exons: 
00:00:19 	Done (0 sequences added, 0 ignored).
00:00:19 		Reading sequence 'Contig4239', length: 10985
00:00:19 		Adding genomic sequences to genes: 
00:00:19 	Done (0 sequences added).
00:00:19 		Adding genomic sequences to exons: 
00:00:19 	Done (0 sequences added, 0 ignored).
00:00:19 		Reading sequence 'Contig4399', length: 8988
00:00:19 		Adding genomic sequences to genes: 
00:00:19 	Done (0 sequences added).
00:00:19 		Adding genomic sequences to exons: 
00:00:19 	Done (0 sequences added, 0 ignored).
00:00:19 		Reading sequence 'Contig4415', length: 23987
00:00:19 		Adding genomic sequences to genes: 
00:00:19 	Done (0 sequences added).
00:00:19 		Adding genomic sequences to exons: 
00:00:19 	Done (0 sequences added, 0 ignored).
00:00:19 		Reading sequence 'Contig3576', length: 19983
00:00:19 		Adding genomic sequences to genes: 
00:00:20 	Done (0 sequences added).
00:00:20 		Adding genomic sequences to exons: 
00:00:20 	Done (0 sequences added, 0 ignored).
00:00:20 		Reading sequence 'Contig3590', length: 18988
00:00:20 		Adding genomic sequences to genes: 
00:00:20 	Done (0 sequences added).
00:00:20 		Adding genomic sequences to exons: 
00:00:20 	Done (0 sequences added, 0 ignored).
00:00:20 		Reading sequence 'Contig4196', length: 10991
00:00:20 		Adding genomic sequences to genes: 
00:00:20 	Done (0 sequences added).
00:00:20 		Adding genomic sequences to exons: 
00:00:20 	Done (0 sequences added, 0 ignored).
00:00:20 		Reading sequence 'Contig4995', length: 5986
00:00:20 		Adding genomic sequences to genes: 
00:00:20 	Done (0 sequences added).
00:00:20 		Adding genomic sequences to exons: 
00:00:20 	Done (0 sequences added, 0 ignored).
00:00:20 		Reading sequence 'Contig4807', length: 5364
00:00:20 		Adding genomic sequences to genes: 
00:00:20 	Done (1 sequences added).
00:00:20 		Adding genomic sequences to exons: 
00:00:20 	Done (2 sequences added, 0 ignored).
00:00:20 		Reading sequence 'Contig4050', length: 12988
00:00:20 		Adding genomic sequences to genes: 
00:00:20 	Done (0 sequences added).
00:00:20 		Adding genomic sequences to exons: 
00:00:20 	Done (0 sequences added, 0 ignored).
00:00:20 		Reading sequence 'Contig4780', length: 5988
00:00:20 		Adding genomic sequences to genes: 
00:00:20 	Done (0 sequences added).
00:00:20 		Adding genomic sequences to exons: 
00:00:20 	Done (0 sequences added, 0 ignored).
00:00:20 		Reading sequence 'Contig4787', length: 5989
00:00:20 		Adding genomic sequences to genes: 
00:00:20 	Done (0 sequences added).
00:00:20 		Adding genomic sequences to exons: 
00:00:20 	Done (0 sequences added, 0 ignored).
00:00:20 		Reading sequence 'Contig5114', length: 4988
00:00:20 		Adding genomic sequences to genes: 
00:00:20 	Done (0 sequences added).
00:00:20 		Adding genomic sequences to exons: 
00:00:20 	Done (0 sequences added, 0 ignored).
00:00:20 		Reading sequence 'Contig5095', length: 5988
00:00:20 		Adding genomic sequences to genes: 
00:00:20 	Done (0 sequences added).
00:00:20 		Adding genomic sequences to exons: 
00:00:20 	Done (0 sequences added, 0 ignored).
00:00:20 		Reading sequence 'Contig4360', length: 10544
00:00:20 		Adding genomic sequences to genes: 
00:00:20 	Done (4 sequences added).
00:00:20 		Adding genomic sequences to exons: 
00:00:20 	Done (5 sequences added, 0 ignored).
00:00:20 		Reading sequence 'Contig3888', length: 13977
00:00:20 		Adding genomic sequences to genes: 
00:00:20 	Done (0 sequences added).
00:00:20 		Adding genomic sequences to exons: 
00:00:20 	Done (0 sequences added, 0 ignored).
00:00:20 		Reading sequence 'Contig4678', length: 6988
00:00:20 		Adding genomic sequences to genes: 
00:00:20 	Done (0 sequences added).
00:00:20 		Adding genomic sequences to exons: 
00:00:20 	Done (0 sequences added, 0 ignored).
00:00:20 		Reading sequence 'Contig4999', length: 5988
00:00:20 		Adding genomic sequences to genes: 
00:00:20 	Done (0 sequences added).
00:00:20 		Adding genomic sequences to exons: 
00:00:20 	Done (0 sequences added, 0 ignored).
00:00:20 		Reading sequence 'Contig4951', length: 6462
00:00:20 		Adding genomic sequences to genes: 
00:00:20 	Done (1 sequences added).
00:00:20 		Adding genomic sequences to exons: 
00:00:20 	Done (1 sequences added, 0 ignored).
00:00:20 		Reading sequence 'Contig5169', length: 18988
00:00:20 		Adding genomic sequences to genes: 
00:00:20 	Done (0 sequences added).
00:00:20 		Adding genomic sequences to exons: 
00:00:20 	Done (0 sequences added, 0 ignored).
00:00:20 		Reading sequence 'Contig5083', length: 4987
00:00:20 		Adding genomic sequences to genes: 
00:00:20 	Done (0 sequences added).
00:00:20 		Adding genomic sequences to exons: 
00:00:20 	Done (0 sequences added, 0 ignored).
00:00:20 		Reading sequence 'Contig3729', length: 15988
00:00:20 		Adding genomic sequences to genes: 
00:00:20 	Done (0 sequences added).
00:00:20 		Adding genomic sequences to exons: 
00:00:20 	Done (0 sequences added, 0 ignored).
00:00:20 		Reading sequence 'Contig4378', length: 10988
00:00:20 		Adding genomic sequences to genes: 
00:00:20 	Done (0 sequences added).
00:00:20 		Adding genomic sequences to exons: 
00:00:20 	Done (0 sequences added, 0 ignored).
00:00:20 		Reading sequence 'Contig5145', length: 5989
00:00:20 		Adding genomic sequences to genes: 
00:00:20 	Done (0 sequences added).
00:00:20 		Adding genomic sequences to exons: 
00:00:20 	Done (0 sequences added, 0 ignored).
00:00:20 		Reading sequence 'Contig4839', length: 5988
00:00:20 		Adding genomic sequences to genes: 
00:00:20 	Done (0 sequences added).
00:00:20 		Adding genomic sequences to exons: 
00:00:20 	Done (0 sequences added, 0 ignored).
00:00:20 		Reading sequence 'Contig5051', length: 4988
00:00:20 		Adding genomic sequences to genes: 
00:00:20 	Done (0 sequences added).
00:00:20 		Adding genomic sequences to exons: 
00:00:20 	Done (0 sequences added, 0 ignored).
00:00:20 		Reading sequence 'Contig4015', length: 12983
00:00:20 		Adding genomic sequences to genes: 
00:00:20 	Done (0 sequences added).
00:00:20 		Adding genomic sequences to exons: 
00:00:20 	Done (0 sequences added, 0 ignored).
00:00:20 		Reading sequence 'Contig4867', length: 5987
00:00:20 		Adding genomic sequences to genes: 
00:00:20 	Done (0 sequences added).
00:00:20 		Adding genomic sequences to exons: 
00:00:20 	Done (0 sequences added, 0 ignored).
00:00:20 		Reading sequence 'Contig5017', length: 5988
00:00:20 		Adding genomic sequences to genes: 
00:00:20 	Done (0 sequences added).
00:00:20 		Adding genomic sequences to exons: 
00:00:20 	Done (0 sequences added, 0 ignored).
00:00:20 		Reading sequence 'Contig4711', length: 6993
00:00:20 		Adding genomic sequences to genes: 
00:00:20 	Done (0 sequences added).
00:00:20 		Adding genomic sequences to exons: 
00:00:20 	Done (0 sequences added, 0 ignored).
00:00:20 		Reading sequence 'Contig4656', length: 7988
00:00:20 		Adding genomic sequences to genes: 
00:00:20 	Done (0 sequences added).
00:00:20 		Adding genomic sequences to exons: 
00:00:20 	Done (0 sequences added, 0 ignored).
00:00:20 		Reading sequence 'Contig4642', length: 7984
00:00:20 		Adding genomic sequences to genes: 
00:00:20 	Done (0 sequences added).
00:00:20 		Adding genomic sequences to exons: 
00:00:20 	Done (0 sequences added, 0 ignored).
00:00:20 		Reading sequence 'Contig4904', length: 5987
00:00:20 		Adding genomic sequences to genes: 
00:00:20 	Done (0 sequences added).
00:00:20 		Adding genomic sequences to exons: 
00:00:20 	Done (0 sequences added, 0 ignored).
00:00:20 		Reading sequence 'Contig3751', length: 16988
00:00:20 		Adding genomic sequences to genes: 
00:00:20 	Done (0 sequences added).
00:00:20 		Adding genomic sequences to exons: 
00:00:20 	Done (0 sequences added, 0 ignored).
00:00:20 		Reading sequence 'Contig4732', length: 6988
00:00:20 		Adding genomic sequences to genes: 
00:00:20 	Done (0 sequences added).
00:00:20 		Adding genomic sequences to exons: 
00:00:20 	Done (0 sequences added, 0 ignored).
00:00:20 		Reading sequence 'Contig2691', length: 40988
00:00:20 		Adding genomic sequences to genes: 
00:00:20 	Done (0 sequences added).
00:00:20 		Adding genomic sequences to exons: 
00:00:20 	Done (0 sequences added, 0 ignored).
00:00:20 		Reading sequence 'Contig4473', length: 8991
00:00:20 		Adding genomic sequences to genes: 
00:00:20 	Done (0 sequences added).
00:00:20 		Adding genomic sequences to exons: 
00:00:20 	Done (0 sequences added, 0 ignored).
00:00:20 		Reading sequence 'Contig4351', length: 11740
00:00:20 		Adding genomic sequences to genes: 
00:00:20 	Done (0 sequences added).
00:00:20 		Adding genomic sequences to exons: 
00:00:20 	Done (0 sequences added, 0 ignored).
00:00:20 		Reading sequence 'Contig3401', length: 22995
00:00:20 		Adding genomic sequences to genes: 
00:00:20 	Done (0 sequences added).
00:00:20 		Adding genomic sequences to exons: 
00:00:20 	Done (0 sequences added, 0 ignored).
00:00:20 		Reading sequence 'Contig4476', length: 8988
00:00:20 		Adding genomic sequences to genes: 
00:00:20 	Done (0 sequences added).
00:00:20 		Adding genomic sequences to exons: 
00:00:20 	Done (0 sequences added, 0 ignored).
00:00:20 		Reading sequence 'Contig4631', length: 7988
00:00:20 		Adding genomic sequences to genes: 
00:00:20 	Done (0 sequences added).
00:00:20 		Adding genomic sequences to exons: 
00:00:20 	Done (0 sequences added, 0 ignored).
00:00:20 		Reading sequence 'Contig4772', length: 5988
00:00:20 		Adding genomic sequences to genes: 
00:00:20 	Done (0 sequences added).
00:00:20 		Adding genomic sequences to exons: 
00:00:20 	Done (0 sequences added, 0 ignored).
00:00:20 		Reading sequence 'Contig4931', length: 13987
00:00:20 		Adding genomic sequences to genes: 
00:00:20 	Done (0 sequences added).
00:00:20 		Adding genomic sequences to exons: 
00:00:20 	Done (0 sequences added, 0 ignored).
00:00:20 		Reading sequence 'Contig4608', length: 8033
00:00:20 		Adding genomic sequences to genes: 
00:00:20 	Done (1 sequences added).
00:00:20 		Adding genomic sequences to exons: 
00:00:20 	Done (1 sequences added, 0 ignored).
00:00:20 		Reading sequence 'Contig4632', length: 7987
00:00:20 		Adding genomic sequences to genes: 
00:00:20 	Done (0 sequences added).
00:00:20 		Adding genomic sequences to exons: 
00:00:20 	Done (0 sequences added, 0 ignored).
00:00:20 		Reading sequence 'Contig4447', length: 8988
00:00:20 		Adding genomic sequences to genes: 
00:00:20 	Done (0 sequences added).
00:00:20 		Adding genomic sequences to exons: 
00:00:20 	Done (0 sequences added, 0 ignored).
00:00:20 		Reading sequence 'Contig5181', length: 10988
00:00:20 		Adding genomic sequences to genes: 
00:00:20 	Done (0 sequences added).
00:00:20 		Adding genomic sequences to exons: 
00:00:20 	Done (0 sequences added, 0 ignored).
00:00:20 		Reading sequence 'Contig4660', length: 7982
00:00:20 		Adding genomic sequences to genes: 
00:00:20 	Done (0 sequences added).
00:00:20 		Adding genomic sequences to exons: 
00:00:20 	Done (0 sequences added, 0 ignored).
00:00:20 		Reading sequence 'Contig5020', length: 5988
00:00:20 		Adding genomic sequences to genes: 
00:00:20 	Done (0 sequences added).
00:00:20 		Adding genomic sequences to exons: 
00:00:20 	Done (0 sequences added, 0 ignored).
00:00:20 		Reading sequence 'Contig4230', length: 9988
00:00:20 		Adding genomic sequences to genes: 
00:00:20 	Done (0 sequences added).
00:00:20 		Adding genomic sequences to exons: 
00:00:20 	Done (0 sequences added, 0 ignored).
00:00:20 		Reading sequence 'Contig4517', length: 8988
00:00:20 		Adding genomic sequences to genes: 
00:00:20 	Done (0 sequences added).
00:00:20 		Adding genomic sequences to exons: 
00:00:20 	Done (0 sequences added, 0 ignored).
00:00:20 		Reading sequence 'Contig5041', length: 4988
00:00:20 		Adding genomic sequences to genes: 
00:00:20 	Done (0 sequences added).
00:00:20 		Adding genomic sequences to exons: 
00:00:20 	Done (0 sequences added, 0 ignored).
00:00:20 		Reading sequence 'Contig4804', length: 6988
00:00:20 		Adding genomic sequences to genes: 
00:00:20 	Done (0 sequences added).
00:00:20 		Adding genomic sequences to exons: 
00:00:20 	Done (0 sequences added, 0 ignored).
00:00:20 		Reading sequence 'Contig4097', length: 11986
00:00:20 		Adding genomic sequences to genes: 
00:00:20 	Done (0 sequences added).
00:00:20 		Adding genomic sequences to exons: 
00:00:20 	Done (0 sequences added, 0 ignored).
00:00:20 		Reading sequence 'Contig4752', length: 6989
00:00:20 		Adding genomic sequences to genes: 
00:00:20 	Done (0 sequences added).
00:00:20 		Adding genomic sequences to exons: 
00:00:20 	Done (0 sequences added, 0 ignored).
00:00:20 		Reading sequence 'Contig4267', length: 9985
00:00:20 		Adding genomic sequences to genes: 
00:00:20 	Done (0 sequences added).
00:00:20 		Adding genomic sequences to exons: 
00:00:20 	Done (0 sequences added, 0 ignored).
00:00:20 		Reading sequence 'Contig4263', length: 9988
00:00:20 		Adding genomic sequences to genes: 
00:00:20 	Done (0 sequences added).
00:00:20 		Adding genomic sequences to exons: 
00:00:20 	Done (0 sequences added, 0 ignored).
00:00:20 		Reading sequence 'Contig4214', length: 10988
00:00:20 		Adding genomic sequences to genes: 
00:00:20 	Done (0 sequences added).
00:00:20 		Adding genomic sequences to exons: 
00:00:20 	Done (0 sequences added, 0 ignored).
00:00:20 		Reading sequence 'Contig4047', length: 16992
00:00:20 		Adding genomic sequences to genes: 
00:00:20 	Done (0 sequences added).
00:00:20 		Adding genomic sequences to exons: 
00:00:20 	Done (0 sequences added, 0 ignored).
00:00:20 		Reading sequence 'Contig2642', length: 41986
00:00:20 		Adding genomic sequences to genes: 
00:00:20 	Done (0 sequences added).
00:00:20 		Adding genomic sequences to exons: 
00:00:20 	Done (0 sequences added, 0 ignored).
00:00:20 		Reading sequence 'Contig4866', length: 6984
00:00:20 		Adding genomic sequences to genes: 
00:00:20 	Done (0 sequences added).
00:00:20 		Adding genomic sequences to exons: 
00:00:20 	Done (0 sequences added, 0 ignored).
00:00:20 		Reading sequence 'Contig4686', length: 10987
00:00:20 		Adding genomic sequences to genes: 
00:00:20 	Done (0 sequences added).
00:00:20 		Adding genomic sequences to exons: 
00:00:20 	Done (0 sequences added, 0 ignored).
00:00:20 		Reading sequence 'Contig4154', length: 10987
00:00:20 		Adding genomic sequences to genes: 
00:00:20 	Done (0 sequences added).
00:00:20 		Adding genomic sequences to exons: 
00:00:20 	Done (0 sequences added, 0 ignored).
00:00:20 		Reading sequence 'Contig4737', length: 6988
00:00:20 		Adding genomic sequences to genes: 
00:00:20 	Done (0 sequences added).
00:00:20 		Adding genomic sequences to exons: 
00:00:20 	Done (0 sequences added, 0 ignored).
00:00:20 		Reading sequence 'Contig4323', length: 9961
00:00:20 		Adding genomic sequences to genes: 
00:00:20 	Done (0 sequences added).
00:00:20 		Adding genomic sequences to exons: 
00:00:20 	Done (0 sequences added, 0 ignored).
00:00:20 		Reading sequence 'Contig4593', length: 7987
00:00:20 		Adding genomic sequences to genes: 
00:00:20 	Done (0 sequences added).
00:00:20 		Adding genomic sequences to exons: 
00:00:20 	Done (0 sequences added, 0 ignored).
00:00:20 		Reading sequence 'Contig4831', length: 5988
00:00:20 		Adding genomic sequences to genes: 
00:00:20 	Done (0 sequences added).
00:00:20 		Adding genomic sequences to exons: 
00:00:20 	Done (0 sequences added, 0 ignored).
00:00:20 		Reading sequence 'Contig4959', length: 4988
00:00:20 		Adding genomic sequences to genes: 
00:00:20 	Done (0 sequences added).
00:00:20 		Adding genomic sequences to exons: 
00:00:20 	Done (0 sequences added, 0 ignored).
00:00:20 		Reading sequence 'Contig4725', length: 6988
00:00:20 		Adding genomic sequences to genes: 
00:00:20 	Done (0 sequences added).
00:00:20 		Adding genomic sequences to exons: 
00:00:20 	Done (0 sequences added, 0 ignored).
00:00:20 		Reading sequence 'Contig4568', length: 7988
00:00:20 		Adding genomic sequences to genes: 
00:00:20 	Done (0 sequences added).
00:00:20 		Adding genomic sequences to exons: 
00:00:20 	Done (0 sequences added, 0 ignored).
00:00:20 		Reading sequence 'Contig4625', length: 7989
00:00:20 		Adding genomic sequences to genes: 
00:00:20 	Done (0 sequences added).
00:00:20 		Adding genomic sequences to exons: 
00:00:20 	Done (0 sequences added, 0 ignored).
00:00:20 		Reading sequence 'Contig4769', length: 6988
00:00:20 		Adding genomic sequences to genes: 
00:00:20 	Done (0 sequences added).
00:00:20 		Adding genomic sequences to exons: 
00:00:20 	Done (0 sequences added, 0 ignored).
00:00:20 		Reading sequence 'Contig4847', length: 6988
00:00:20 		Adding genomic sequences to genes: 
00:00:20 	Done (0 sequences added).
00:00:20 		Adding genomic sequences to exons: 
00:00:20 	Done (0 sequences added, 0 ignored).
00:00:20 		Reading sequence 'Contig4391', length: 15987
00:00:20 		Adding genomic sequences to genes: 
00:00:20 	Done (0 sequences added).
00:00:20 		Adding genomic sequences to exons: 
00:00:20 	Done (0 sequences added, 0 ignored).
00:00:20 		Reading sequence 'Contig5108', length: 5988
00:00:20 		Adding genomic sequences to genes: 
00:00:20 	Done (0 sequences added).
00:00:20 		Adding genomic sequences to exons: 
00:00:20 	Done (0 sequences added, 0 ignored).
00:00:20 		Reading sequence 'Contig3879', length: 13981
00:00:20 		Adding genomic sequences to genes: 
00:00:20 	Done (0 sequences added).
00:00:20 		Adding genomic sequences to exons: 
00:00:20 	Done (0 sequences added, 0 ignored).
00:00:20 		Reading sequence 'Contig4257', length: 11536
00:00:20 		Adding genomic sequences to genes: 
00:00:20 	Done (1 sequences added).
00:00:20 		Adding genomic sequences to exons: 
00:00:20 	Done (1 sequences added, 0 ignored).
00:00:20 		Reading sequence 'Contig4402', length: 8988
00:00:20 		Adding genomic sequences to genes: 
00:00:20 	Done (0 sequences added).
00:00:20 		Adding genomic sequences to exons: 
00:00:20 	Done (0 sequences added, 0 ignored).
00:00:20 		Reading sequence 'Contig4968', length: 16987
00:00:20 		Adding genomic sequences to genes: 
00:00:20 	Done (0 sequences added).
00:00:20 		Adding genomic sequences to exons: 
00:00:20 	Done (0 sequences added, 0 ignored).
00:00:20 		Reading sequence 'Contig3708', length: 16143
00:00:20 		Adding genomic sequences to genes: 
00:00:20 	Done (1 sequences added).
00:00:20 		Adding genomic sequences to exons: 
00:00:20 	Done (2 sequences added, 0 ignored).
00:00:20 		Reading sequence 'Contig4232', length: 11000
00:00:20 		Adding genomic sequences to genes: 
00:00:20 	Done (0 sequences added).
00:00:20 		Adding genomic sequences to exons: 
00:00:20 	Done (0 sequences added, 0 ignored).
00:00:20 		Reading sequence 'Contig4388', length: 8988
00:00:20 		Adding genomic sequences to genes: 
00:00:20 	Done (0 sequences added).
00:00:20 		Adding genomic sequences to exons: 
00:00:20 	Done (0 sequences added, 0 ignored).
00:00:20 		Reading sequence 'Contig4905', length: 5989
00:00:20 		Adding genomic sequences to genes: 
00:00:20 	Done (0 sequences added).
00:00:20 		Adding genomic sequences to exons: 
00:00:20 	Done (0 sequences added, 0 ignored).
00:00:20 		Reading sequence 'Contig4637', length: 6988
00:00:20 		Adding genomic sequences to genes: 
00:00:20 	Done (0 sequences added).
00:00:20 		Adding genomic sequences to exons: 
00:00:20 	Done (0 sequences added, 0 ignored).
00:00:20 		Reading sequence 'Contig4287', length: 9987
00:00:20 		Adding genomic sequences to genes: 
00:00:20 	Done (0 sequences added).
00:00:20 		Adding genomic sequences to exons: 
00:00:20 	Done (0 sequences added, 0 ignored).
00:00:20 		Reading sequence 'Contig4248', length: 15988
00:00:20 		Adding genomic sequences to genes: 
00:00:20 	Done (0 sequences added).
00:00:20 		Adding genomic sequences to exons: 
00:00:20 	Done (0 sequences added, 0 ignored).
00:00:20 		Reading sequence 'Contig3732', length: 15981
00:00:20 		Adding genomic sequences to genes: 
00:00:20 	Done (0 sequences added).
00:00:20 		Adding genomic sequences to exons: 
00:00:20 	Done (0 sequences added, 0 ignored).
00:00:20 		Reading sequence 'Contig5077', length: 4987
00:00:20 		Adding genomic sequences to genes: 
00:00:20 	Done (0 sequences added).
00:00:20 		Adding genomic sequences to exons: 
00:00:20 	Done (0 sequences added, 0 ignored).
00:00:20 		Reading sequence 'Contig5098', length: 6198
00:00:20 		Adding genomic sequences to genes: 
00:00:20 	Done (0 sequences added).
00:00:20 		Adding genomic sequences to exons: 
00:00:20 	Done (0 sequences added, 0 ignored).
00:00:20 		Reading sequence 'Contig4880', length: 6988
00:00:20 		Adding genomic sequences to genes: 
00:00:20 	Done (0 sequences added).
00:00:20 		Adding genomic sequences to exons: 
00:00:20 	Done (0 sequences added, 0 ignored).
00:00:20 		Reading sequence 'Contig4334', length: 8988
00:00:20 		Adding genomic sequences to genes: 
00:00:20 	Done (0 sequences added).
00:00:20 		Adding genomic sequences to exons: 
00:00:20 	Done (0 sequences added, 0 ignored).
00:00:20 		Reading sequence 'Contig4469', length: 8987
00:00:20 		Adding genomic sequences to genes: 
00:00:20 	Done (0 sequences added).
00:00:20 		Adding genomic sequences to exons: 
00:00:20 	Done (0 sequences added, 0 ignored).
00:00:20 		Reading sequence 'Contig4978', length: 6986
00:00:20 		Adding genomic sequences to genes: 
00:00:20 	Done (0 sequences added).
00:00:20 		Adding genomic sequences to exons: 
00:00:20 	Done (0 sequences added, 0 ignored).
00:00:20 		Reading sequence 'Contig4815', length: 4988
00:00:20 		Adding genomic sequences to genes: 
00:00:20 	Done (0 sequences added).
00:00:20 		Adding genomic sequences to exons: 
00:00:20 	Done (0 sequences added, 0 ignored).
00:00:20 		Reading sequence 'Contig4898', length: 5988
00:00:20 		Adding genomic sequences to genes: 
00:00:20 	Done (0 sequences added).
00:00:20 		Adding genomic sequences to exons: 
00:00:20 	Done (0 sequences added, 0 ignored).
00:00:20 		Reading sequence 'Contig4655', length: 6988
00:00:20 		Adding genomic sequences to genes: 
00:00:20 	Done (0 sequences added).
00:00:20 		Adding genomic sequences to exons: 
00:00:20 	Done (0 sequences added, 0 ignored).
00:00:20 		Reading sequence 'Contig5131', length: 5988
00:00:20 		Adding genomic sequences to genes: 
00:00:20 	Done (0 sequences added).
00:00:20 		Adding genomic sequences to exons: 
00:00:20 	Done (0 sequences added, 0 ignored).
00:00:20 		Reading sequence 'Contig4841', length: 5988
00:00:20 		Adding genomic sequences to genes: 
00:00:20 	Done (0 sequences added).
00:00:20 		Adding genomic sequences to exons: 
00:00:20 	Done (0 sequences added, 0 ignored).
00:00:20 		Reading sequence 'Contig5207', length: 8987
00:00:20 		Adding genomic sequences to genes: 
00:00:20 	Done (0 sequences added).
00:00:20 		Adding genomic sequences to exons: 
00:00:20 	Done (0 sequences added, 0 ignored).
00:00:20 		Reading sequence 'Contig3224', length: 25985
00:00:20 		Adding genomic sequences to genes: 
00:00:20 	Done (0 sequences added).
00:00:20 		Adding genomic sequences to exons: 
00:00:20 	Done (0 sequences added, 0 ignored).
00:00:20 		Reading sequence 'Contig4585', length: 7988
00:00:20 		Adding genomic sequences to genes: 
00:00:20 	Done (0 sequences added).
00:00:20 		Adding genomic sequences to exons: 
00:00:20 	Done (0 sequences added, 0 ignored).
00:00:20 		Reading sequence 'Contig5122', length: 5988
00:00:20 		Adding genomic sequences to genes: 
00:00:20 	Done (0 sequences added).
00:00:20 		Adding genomic sequences to exons: 
00:00:20 	Done (0 sequences added, 0 ignored).
00:00:20 		Reading sequence 'Contig4919', length: 6987
00:00:20 		Adding genomic sequences to genes: 
00:00:20 	Done (0 sequences added).
00:00:20 		Adding genomic sequences to exons: 
00:00:20 	Done (0 sequences added, 0 ignored).
00:00:20 		Reading sequence 'Contig4887', length: 6988
00:00:20 		Adding genomic sequences to genes: 
00:00:20 	Done (0 sequences added).
00:00:20 		Adding genomic sequences to exons: 
00:00:20 	Done (0 sequences added, 0 ignored).
00:00:20 		Reading sequence 'Contig4742', length: 12988
00:00:20 		Adding genomic sequences to genes: 
00:00:20 	Done (0 sequences added).
00:00:20 		Adding genomic sequences to exons: 
00:00:20 	Done (0 sequences added, 0 ignored).
00:00:20 		Reading sequence 'Contig4571', length: 6988
00:00:20 		Adding genomic sequences to genes: 
00:00:20 	Done (0 sequences added).
00:00:20 		Adding genomic sequences to exons: 
00:00:20 	Done (0 sequences added, 0 ignored).
00:00:20 		Reading sequence 'Contig4897', length: 6988
00:00:20 		Adding genomic sequences to genes: 
00:00:20 	Done (0 sequences added).
00:00:20 		Adding genomic sequences to exons: 
00:00:20 	Done (0 sequences added, 0 ignored).
00:00:20 		Reading sequence 'Contig4444', length: 8985
00:00:20 		Adding genomic sequences to genes: 
00:00:20 	Done (0 sequences added).
00:00:20 		Adding genomic sequences to exons: 
00:00:20 	Done (0 sequences added, 0 ignored).
00:00:20 		Reading sequence 'Contig4497', length: 8985
00:00:20 		Adding genomic sequences to genes: 
00:00:20 	Done (0 sequences added).
00:00:20 		Adding genomic sequences to exons: 
00:00:20 	Done (0 sequences added, 0 ignored).
00:00:20 		Reading sequence 'Contig4798', length: 5988
00:00:20 		Adding genomic sequences to genes: 
00:00:20 	Done (0 sequences added).
00:00:20 		Adding genomic sequences to exons: 
00:00:20 	Done (0 sequences added, 0 ignored).
00:00:20 		Reading sequence 'Contig5146', length: 4988
00:00:20 		Adding genomic sequences to genes: 
00:00:20 	Done (0 sequences added).
00:00:20 		Adding genomic sequences to exons: 
00:00:20 	Done (0 sequences added, 0 ignored).
00:00:20 		Reading sequence 'Contig5218', length: 17107
00:00:20 		Adding genomic sequences to genes: 
00:00:20 	Done (5 sequences added).
00:00:20 		Adding genomic sequences to exons: 
00:00:20 	Done (5 sequences added, 0 ignored).
00:00:20 		Reading sequence 'Contig4439', length: 8988
00:00:20 		Adding genomic sequences to genes: 
00:00:20 	Done (0 sequences added).
00:00:20 		Adding genomic sequences to exons: 
00:00:20 	Done (0 sequences added, 0 ignored).
00:00:20 		Reading sequence 'Contig4607', length: 7991
00:00:20 		Adding genomic sequences to genes: 
00:00:20 	Done (0 sequences added).
00:00:20 		Adding genomic sequences to exons: 
00:00:20 	Done (0 sequences added, 0 ignored).
00:00:20 		Reading sequence 'Contig4853', length: 6988
00:00:20 		Adding genomic sequences to genes: 
00:00:20 	Done (0 sequences added).
00:00:20 		Adding genomic sequences to exons: 
00:00:20 	Done (0 sequences added, 0 ignored).
00:00:20 		Reading sequence 'Contig5101', length: 5988
00:00:20 		Adding genomic sequences to genes: 
00:00:20 	Done (0 sequences added).
00:00:20 		Adding genomic sequences to exons: 
00:00:20 	Done (0 sequences added, 0 ignored).
00:00:20 		Reading sequence 'Contig4024', length: 11987
00:00:20 		Adding genomic sequences to genes: 
00:00:20 	Done (0 sequences added).
00:00:20 		Adding genomic sequences to exons: 
00:00:20 	Done (0 sequences added, 0 ignored).
00:00:20 		Reading sequence 'Contig4707', length: 6988
00:00:20 		Adding genomic sequences to genes: 
00:00:20 	Done (0 sequences added).
00:00:20 		Adding genomic sequences to exons: 
00:00:20 	Done (0 sequences added, 0 ignored).
00:00:20 		Reading sequence 'Contig4697', length: 7988
00:00:20 		Adding genomic sequences to genes: 
00:00:20 	Done (0 sequences added).
00:00:20 		Adding genomic sequences to exons: 
00:00:20 	Done (0 sequences added, 0 ignored).
00:00:20 		Reading sequence 'Contig4572', length: 7989
00:00:20 		Adding genomic sequences to genes: 
00:00:20 	Done (0 sequences added).
00:00:20 		Adding genomic sequences to exons: 
00:00:20 	Done (0 sequences added, 0 ignored).
00:00:20 		Reading sequence 'Contig4567', length: 7989
00:00:20 		Adding genomic sequences to genes: 
00:00:20 	Done (0 sequences added).
00:00:20 		Adding genomic sequences to exons: 
00:00:20 	Done (0 sequences added, 0 ignored).
00:00:20 		Reading sequence 'Contig3803', length: 14988
00:00:20 		Adding genomic sequences to genes: 
00:00:20 	Done (0 sequences added).
00:00:20 		Adding genomic sequences to exons: 
00:00:20 	Done (0 sequences added, 0 ignored).
00:00:20 		Reading sequence 'Contig3932', length: 6982
00:00:20 		Adding genomic sequences to genes: 
00:00:20 	Done (0 sequences added).
00:00:20 		Adding genomic sequences to exons: 
00:00:20 	Done (0 sequences added, 0 ignored).
00:00:20 		Reading sequence 'Contig4223', length: 9976
00:00:20 		Adding genomic sequences to genes: 
00:00:20 	Done (0 sequences added).
00:00:20 		Adding genomic sequences to exons: 
00:00:20 	Done (0 sequences added, 0 ignored).
00:00:20 		Reading sequence 'Contig4544', length: 7988
00:00:20 		Adding genomic sequences to genes: 
00:00:20 	Done (0 sequences added).
00:00:20 		Adding genomic sequences to exons: 
00:00:20 	Done (0 sequences added, 0 ignored).
00:00:20 		Reading sequence 'Contig4166', length: 10988
00:00:20 		Adding genomic sequences to genes: 
00:00:20 	Done (0 sequences added).
00:00:20 		Adding genomic sequences to exons: 
00:00:20 	Done (0 sequences added, 0 ignored).
00:00:20 		Reading sequence 'Contig4366', length: 8989
00:00:20 		Adding genomic sequences to genes: 
00:00:20 	Done (0 sequences added).
00:00:20 		Adding genomic sequences to exons: 
00:00:20 	Done (0 sequences added, 0 ignored).
00:00:20 		Reading sequence 'Contig4290', length: 9987
00:00:20 		Adding genomic sequences to genes: 
00:00:20 	Done (0 sequences added).
00:00:20 		Adding genomic sequences to exons: 
00:00:20 	Done (0 sequences added, 0 ignored).
00:00:20 		Reading sequence 'Contig3616', length: 22011
00:00:20 		Adding genomic sequences to genes: 
00:00:20 	Done (0 sequences added).
00:00:20 		Adding genomic sequences to exons: 
00:00:20 	Done (0 sequences added, 0 ignored).
00:00:20 		Reading sequence 'Contig5123', length: 4984
00:00:20 		Adding genomic sequences to genes: 
00:00:20 	Done (0 sequences added).
00:00:20 		Adding genomic sequences to exons: 
00:00:20 	Done (0 sequences added, 0 ignored).
00:00:20 		Reading sequence 'Contig4679', length: 7987
00:00:20 		Adding genomic sequences to genes: 
00:00:20 	Done (0 sequences added).
00:00:20 		Adding genomic sequences to exons: 
00:00:20 	Done (0 sequences added, 0 ignored).
00:00:20 		Reading sequence 'Contig3435', length: 21015
00:00:20 		Adding genomic sequences to genes: 
00:00:20 	Done (0 sequences added).
00:00:20 		Adding genomic sequences to exons: 
00:00:20 	Done (0 sequences added, 0 ignored).
00:00:20 		Reading sequence 'Contig4072', length: 11983
00:00:20 		Adding genomic sequences to genes: 
00:00:20 	Done (0 sequences added).
00:00:20 		Adding genomic sequences to exons: 
00:00:20 	Done (0 sequences added, 0 ignored).
00:00:20 		Reading sequence 'Contig3697', length: 15983
00:00:20 		Adding genomic sequences to genes: 
00:00:20 	Done (0 sequences added).
00:00:20 		Adding genomic sequences to exons: 
00:00:20 	Done (0 sequences added, 0 ignored).
00:00:20 		Reading sequence 'Contig4932', length: 5988
00:00:20 		Adding genomic sequences to genes: 
00:00:20 	Done (0 sequences added).
00:00:20 		Adding genomic sequences to exons: 
00:00:20 	Done (0 sequences added, 0 ignored).
00:00:20 		Reading sequence 'Contig4206', length: 10988
00:00:20 		Adding genomic sequences to genes: 
00:00:20 	Done (0 sequences added).
00:00:20 		Adding genomic sequences to exons: 
00:00:20 	Done (0 sequences added, 0 ignored).
00:00:20 		Reading sequence 'Contig3510', length: 20984
00:00:20 		Adding genomic sequences to genes: 
00:00:20 	Done (0 sequences added).
00:00:20 		Adding genomic sequences to exons: 
00:00:20 	Done (0 sequences added, 0 ignored).
00:00:20 		Reading sequence 'Contig4178', length: 10988
00:00:20 		Adding genomic sequences to genes: 
00:00:20 	Done (0 sequences added).
00:00:20 		Adding genomic sequences to exons: 
00:00:20 	Done (0 sequences added, 0 ignored).
00:00:20 		Reading sequence 'Contig3941', length: 13988
00:00:20 		Adding genomic sequences to genes: 
00:00:20 	Done (0 sequences added).
00:00:20 		Adding genomic sequences to exons: 
00:00:20 	Done (0 sequences added, 0 ignored).
00:00:20 		Reading sequence 'Contig4875', length: 5989
00:00:20 		Adding genomic sequences to genes: 
00:00:20 	Done (0 sequences added).
00:00:20 		Adding genomic sequences to exons: 
00:00:20 	Done (0 sequences added, 0 ignored).
00:00:20 		Reading sequence 'Contig4630', length: 7988
00:00:20 		Adding genomic sequences to genes: 
00:00:20 	Done (0 sequences added).
00:00:20 		Adding genomic sequences to exons: 
00:00:20 	Done (0 sequences added, 0 ignored).
00:00:20 		Reading sequence 'Contig4979', length: 5988
00:00:20 		Adding genomic sequences to genes: 
00:00:20 	Done (0 sequences added).
00:00:20 		Adding genomic sequences to exons: 
00:00:20 	Done (0 sequences added, 0 ignored).
00:00:20 		Reading sequence 'Contig4602', length: 7988
00:00:20 		Adding genomic sequences to genes: 
00:00:20 	Done (0 sequences added).
00:00:20 		Adding genomic sequences to exons: 
00:00:20 	Done (0 sequences added, 0 ignored).
00:00:20 		Reading sequence 'Contig3598', length: 18988
00:00:20 		Adding genomic sequences to genes: 
00:00:20 	Done (0 sequences added).
00:00:20 		Adding genomic sequences to exons: 
00:00:20 	Done (0 sequences added, 0 ignored).
00:00:20 		Reading sequence 'Contig3912', length: 13988
00:00:20 		Adding genomic sequences to genes: 
00:00:20 	Done (0 sequences added).
00:00:20 		Adding genomic sequences to exons: 
00:00:20 	Done (0 sequences added, 0 ignored).
00:00:20 		Reading sequence 'Contig3558', length: 27583
00:00:20 		Adding genomic sequences to genes: 
00:00:20 	Done (1 sequences added).
00:00:20 		Adding genomic sequences to exons: 
00:00:20 	Done (7 sequences added, 0 ignored).
00:00:20 		Reading sequence 'Contig3588', length: 18985
00:00:20 		Adding genomic sequences to genes: 
00:00:20 	Done (0 sequences added).
00:00:20 		Adding genomic sequences to exons: 
00:00:20 	Done (0 sequences added, 0 ignored).
00:00:20 		Reading sequence 'Contig4611', length: 6990
00:00:20 		Adding genomic sequences to genes: 
00:00:20 	Done (0 sequences added).
00:00:20 		Adding genomic sequences to exons: 
00:00:20 	Done (0 sequences added, 0 ignored).
00:00:20 		Reading sequence 'Contig4731', length: 7116
00:00:20 		Adding genomic sequences to genes: 
00:00:20 	Done (0 sequences added).
00:00:20 		Adding genomic sequences to exons: 
00:00:20 	Done (0 sequences added, 0 ignored).
00:00:20 		Reading sequence 'Contig4926', length: 5988
00:00:20 		Adding genomic sequences to genes: 
00:00:20 	Done (0 sequences added).
00:00:20 		Adding genomic sequences to exons: 
00:00:20 	Done (0 sequences added, 0 ignored).
00:00:20 		Reading sequence 'Contig4700', length: 7988
00:00:20 		Adding genomic sequences to genes: 
00:00:20 	Done (0 sequences added).
00:00:20 		Adding genomic sequences to exons: 
00:00:20 	Done (0 sequences added, 0 ignored).
00:00:20 		Reading sequence 'Contig4516', length: 7988
00:00:20 		Adding genomic sequences to genes: 
00:00:20 	Done (0 sequences added).
00:00:20 		Adding genomic sequences to exons: 
00:00:20 	Done (0 sequences added, 0 ignored).
00:00:20 		Reading sequence 'Contig4643', length: 7985
00:00:20 		Adding genomic sequences to genes: 
00:00:20 	Done (0 sequences added).
00:00:20 		Adding genomic sequences to exons: 
00:00:20 	Done (0 sequences added, 0 ignored).
00:00:20 		Reading sequence 'Contig3752', length: 15994
00:00:20 		Adding genomic sequences to genes: 
00:00:20 	Done (0 sequences added).
00:00:20 		Adding genomic sequences to exons: 
00:00:20 	Done (0 sequences added, 0 ignored).
00:00:20 		Reading sequence 'Contig5227', length: 11988
00:00:20 		Adding genomic sequences to genes: 
00:00:20 	Done (0 sequences added).
00:00:20 		Adding genomic sequences to exons: 
00:00:20 	Done (0 sequences added, 0 ignored).
00:00:20 		Reading sequence 'Contig4538', length: 6988
00:00:20 		Adding genomic sequences to genes: 
00:00:20 	Done (0 sequences added).
00:00:20 		Adding genomic sequences to exons: 
00:00:20 	Done (0 sequences added, 0 ignored).
00:00:20 	Total: 111124 sequences added, 0 sequences ignored.
00:00:20 Finishing up genome
00:00:20 Adjusting transcripts: 
00:00:20 Adjusting genes: 
00:00:20 Adjusting chromosomes lengths: 
00:00:20 Ranking exons: 
00:00:20 Create UTRs from CDS (if needed): 
00:00:20 Correcting exons based on frame information.
	
00:00:20 
00:00:20 Remove empty chromosomes: 
00:00:20 Marking as 'coding' from CDS information: 
00:00:20 Done: 0 transcripts marked
00:00:20 
00:00:20 #-----------------------------------------------
# Genome name                : 'Bmas'
# Genome version             : 'Bmas'
# Genome ID                  : 'Bmas[0]'
# Has protein coding info    : true
# Has Tr. Support Level info : true
# Genes                      : 22861
# Protein coding genes       : 22861
#-----------------------------------------------
# Transcripts                : 22861
# Avg. transcripts per gene  : 1.00
# TSL transcripts            : 0
#-----------------------------------------------
# Checked transcripts        : 
#               AA sequences :      0 ( 0.00% )
#              DNA sequences :      0 ( 0.00% )
#-----------------------------------------------
# Protein coding transcripts : 22861
#              Length errors :      0 ( 0.00% )
#  STOP codons in CDS errors :      0 ( 0.00% )
#         START codon errors :   2939 ( 12.86% )
#        STOP codon warnings :   1023 ( 4.47% )
#              UTR sequences :      0 ( 0.00% )
#               Total Errors :   2939 ( 12.86% )
# WARNING                    : No protein coding transcript has UTR
#-----------------------------------------------
# Cds                        : 111124
# Exons                      : 111124
# Exons with sequence        : 111124
# Exons without sequence     : 0
# Avg. exons per transcript  : 4.86
# WARNING                    : No mitochondrion chromosome found
#-----------------------------------------------
# Number of chromosomes      : 885
# Chromosomes                : Format 'chromo_name size codon_table'
#		'scaffold1'	84930515	Standard
#		'scaffold2'	56708189	Standard
#		'scaffold3'	55665139	Standard
#		'scaffold4'	53895534	Standard
#		'scaffold5'	53633373	Standard
#		'scaffold6'	52559209	Standard
#		'scaffold7'	52515067	Standard
#		'scaffold8'	51801790	Standard
#		'scaffold9'	49791573	Standard
#		'scaffold10'	49116582	Standard
#		'scaffold11'	46644841	Standard
#		'scaffold12'	46145620	Standard
#		'scaffold13'	46025341	Standard
#		'scaffold14'	45922387	Standard
#		'scaffold15'	45110588	Standard
#		'Contig1453'	149332	Standard
#		'Contig4255'	60337	Standard
#		'Contig2353'	59791	Standard
#		'Contig2874'	54487	Standard
#		'Contig3269'	42265	Standard
#		'Contig2642'	41986	Standard
#		'Contig3022'	41123	Standard
#		'Contig2691'	40988	Standard
#		'Contig2761'	40610	Standard
#		'Contig3136'	38988	Standard
#		'Contig5215'	34988	Standard
#		'Contig2865'	34985	Standard
#		'Contig3267'	34092	Standard
#		'Contig2800'	33986	Standard
#		'Contig2802'	32170	Standard
#		'Contig3040'	30988	Standard
#		'Contig3025'	30972	Standard
#		'Contig3656'	30966	Standard
#		'Contig3066'	29983	Standard
#		'Contig3108'	29765	Standard
#		'Contig4610'	28990	Standard
#		'Contig2976'	28981	Standard
#		'Contig4893'	28909	Standard
#		'Contig3292'	28801	Standard
#		'Contig3558'	27583	Standard
#		'Contig4266'	26985	Standard
#		'Contig3759'	26977	Standard
#		'Contig3217'	25986	Standard
#		'Contig3224'	25985	Standard
#		'Contig3295'	25937	Standard
#		'Contig3632'	25854	Standard
#		'Contig3554'	25690	Standard
#		'Contig4183'	25280	Standard
#		'Contig4849'	24988	Standard
#		'Contig4592'	24987	Standard
#		'Contig3489'	24289	Standard
#		'Contig4437'	24199	Standard
#		'Contig3325'	23988	Standard
#		'Contig3334'	23988	Standard
#		'Contig3342'	23988	Standard
#		'Contig4415'	23987	Standard
#		'Contig5205'	23984	Standard
#		'Contig5189'	23186	Standard
#		'Contig3401'	22995	Standard
#		'Contig3293'	22988	Standard
#		'Contig3369'	22988	Standard
#		'Contig3616'	22011	Standard
#		'Contig3368'	21988	Standard
#		'Contig3415'	21988	Standard
#		'Contig3339'	21986	Standard
#		'Contig5213'	21983	Standard
#		'Contig3367'	21971	Standard
#		'Contig3484'	21906	Standard
#		'Contig3428'	21563	Standard
#		'Contig3435'	21015	Standard
#		'Contig3495'	21011	Standard
#		'Contig4389'	20988	Standard
#		'Contig5216'	20988	Standard
#		'Contig5183'	20986	Standard
#		'Contig3510'	20984	Standard
#		'Contig3584'	20584	Standard
#		'Contig3522'	20442	Standard
#		'Contig4264'	20398	Standard
#		'Contig3498'	19989	Standard
#		'Contig3894'	19987	Standard
#		'Contig3576'	19983	Standard
#		'Contig3572'	19974	Standard
#		'Contig3924'	18993	Standard
#		'Contig3638'	18992	Standard
#		'Contig3543'	18989	Standard
#		'Contig3520'	18988	Standard
#		'Contig3590'	18988	Standard
#		'Contig3598'	18988	Standard
#		'Contig3604'	18988	Standard
#		'Contig3712'	18988	Standard
#		'Contig5162'	18988	Standard
#		'Contig5169'	18988	Standard
#		'Contig4349'	18987	Standard
#		'Contig5173'	18986	Standard
#		'Contig3588'	18985	Standard
#		'Contig3600'	18985	Standard
#		'Contig3618'	18985	Standard
#		'Contig3603'	18979	Standard
#		'Contig3639'	17991	Standard
#		'Contig3774'	17991	Standard
#		'Contig3643'	17988	Standard
#		'Contig3672'	17988	Standard
#		'Contig4930'	17988	Standard
#		'Contig3585'	17987	Standard
#		'Contig5003'	17987	Standard
#		'Contig3624'	17984	Standard
#		'Contig3630'	17984	Standard
#		'Contig4304'	17983	Standard
#		'Contig3666'	17979	Standard
#		'Contig3682'	17979	Standard
#		'Contig3614'	17978	Standard
#		'Contig3926'	17137	Standard
#		'Contig5218'	17107	Standard
#		'Contig4047'	16992	Standard
#		'Contig3700'	16989	Standard
#		'Contig3635'	16988	Standard
#		'Contig3705'	16988	Standard
#		'Contig3748'	16988	Standard
#		'Contig3751'	16988	Standard
#		'Contig4059'	16988	Standard
#		'Contig3667'	16987	Standard
#		'Contig3691'	16987	Standard
#		'Contig3723'	16987	Standard
#		'Contig4968'	16987	Standard
#		'Contig3726'	16986	Standard
#		'Contig5165'	16984	Standard
#		'Contig3671'	16976	Standard
#		'Contig3675'	16969	Standard
#		'Contig3933'	16355	Standard
#		'Contig3708'	16143	Standard
#		'Contig3503'	16022	Standard
#		'Contig3752'	15994	Standard
#		'Contig3769'	15991	Standard
#		'Contig3729'	15988	Standard
#		'Contig3740'	15988	Standard
#		'Contig3750'	15988	Standard
#		'Contig3764'	15988	Standard
#		'Contig3783'	15988	Standard
#		'Contig3813'	15988	Standard
#		'Contig4248'	15988	Standard
#		'Contig5222'	15988	Standard
#		'Contig3781'	15987	Standard
#		'Contig4391'	15987	Standard
#		'Contig3762'	15984	Standard
#		'Contig3697'	15983	Standard
#		'Contig3741'	15983	Standard
#		'Contig3732'	15981	Standard
#		'Contig4689'	15981	Standard
#		'Contig3793'	15766	Standard
#		'Contig4064'	15109	Standard
#		'Contig3860'	15005	Standard
#		'Contig3859'	14999	Standard
#		'Contig3767'	14993	Standard
#		'Contig4624'	14992	Standard
#		'Contig3821'	14989	Standard
#		'Contig3803'	14988	Standard
#		'Contig3856'	14988	Standard
#		'Contig3919'	14988	Standard
#		'Contig5170'	14988	Standard
#		'Contig3846'	14986	Standard
#		'Contig3852'	14986	Standard
#		'Contig5160'	14986	Standard
#		'Contig5159'	14984	Standard
#		'Contig3816'	14983	Standard
#		'Contig4712'	14981	Standard
#		'Contig3820'	14974	Standard
#		'Contig3782'	14958	Standard
#		'Contig4012'	14921	Standard
#		'Contig4164'	14431	Standard
#		'Contig3963'	14131	Standard
#		'Contig3988'	14104	Standard
#		'Contig3935'	13997	Standard
#		'Contig3907'	13993	Standard
#		'Contig3910'	13992	Standard
#		'Contig3874'	13988	Standard
#		'Contig3886'	13988	Standard
#		'Contig3891'	13988	Standard
#		'Contig3900'	13988	Standard
#		'Contig3901'	13988	Standard
#		'Contig3906'	13988	Standard
#		'Contig3912'	13988	Standard
#		'Contig3934'	13988	Standard
#		'Contig3941'	13988	Standard
#		'Contig3957'	13988	Standard
#		'Contig4006'	13988	Standard
#		'Contig4060'	13988	Standard
#		'Contig4005'	13987	Standard
#		'Contig4931'	13987	Standard
#		'Contig5179'	13986	Standard
#		'Contig3913'	13984	Standard
#		'Contig3958'	13984	Standard
#		'Contig3868'	13982	Standard
#		'Contig3944'	13982	Standard
#		'Contig3879'	13981	Standard
#		'Contig3895'	13981	Standard
#		'Contig3964'	13981	Standard
#		'Contig3880'	13980	Standard
#		'Contig3888'	13977	Standard
#		'Contig3982'	13964	Standard
#		'Contig3890'	13961	Standard
#		'Contig4102'	13380	Standard
#		'Contig4002'	13006	Standard
#		'Contig4078'	12989	Standard
#		'Contig3873'	12988	Standard
#		'Contig3997'	12988	Standard
#		'Contig4016'	12988	Standard
#		'Contig4039'	12988	Standard
#		'Contig4040'	12988	Standard
#		'Contig4041'	12988	Standard
#		'Contig4050'	12988	Standard
#		'Contig4125'	12988	Standard
#		'Contig4268'	12988	Standard
#		'Contig4742'	12988	Standard
#		'Contig5204'	12988	Standard
#		'Contig3992'	12987	Standard
#		'Contig4020'	12987	Standard
#		'Contig3967'	12986	Standard
#		'Contig3974'	12985	Standard
#		'Contig4004'	12984	Standard
#		'Contig4019'	12984	Standard
#		'Contig4015'	12983	Standard
#		'Contig3800'	12981	Standard
#		'Contig4013'	12979	Standard
#		'Contig4705'	12962	Standard
#		'Contig3984'	12935	Standard
#		'Contig4023'	12876	Standard
#		'Contig4044'	12683	Standard
#		'Contig4056'	12167	Standard
#		'Contig3898'	11996	Standard
#		'Contig4112'	11992	Standard
#		'Contig4156'	11992	Standard
#		'Contig4001'	11988	Standard
#		'Contig4028'	11988	Standard
#		'Contig4032'	11988	Standard
#		'Contig4052'	11988	Standard
#		'Contig4053'	11988	Standard
#		'Contig4082'	11988	Standard
#		'Contig4101'	11988	Standard
#		'Contig4103'	11988	Standard
#		'Contig4118'	11988	Standard
#		'Contig4128'	11988	Standard
#		'Contig4139'	11988	Standard
#		'Contig4162'	11988	Standard
#		'Contig4922'	11988	Standard
#		'Contig5046'	11988	Standard
#		'Contig5227'	11988	Standard
#		'Contig4024'	11987	Standard
#		'Contig4076'	11987	Standard
#		'Contig4129'	11987	Standard
#		'Contig4140'	11987	Standard
#		'Contig3960'	11986	Standard
#		'Contig4046'	11986	Standard
#		'Contig4097'	11986	Standard
#		'Contig3959'	11985	Standard
#		'Contig3985'	11985	Standard
#		'Contig4066'	11985	Standard
#		'Contig4177'	11985	Standard
#		'Contig4089'	11984	Standard
#		'Contig4072'	11983	Standard
#		'Contig4114'	11983	Standard
#		'Contig4092'	11981	Standard
#		'Contig4034'	11977	Standard
#		'Contig4122'	11976	Standard
#		'Contig4084'	11972	Standard
#		'Contig4872'	11859	Standard
#		'Contig4351'	11740	Standard
#		'Contig4257'	11536	Standard
#		'Contig4581'	11466	Standard
#		'Contig4243'	11215	Standard
#		'Contig4187'	11059	Standard
#		'Contig4169'	11051	Standard
#		'Contig4192'	11000	Standard
#		'Contig4232'	11000	Standard
#		'Contig4210'	10994	Standard
#		'Contig4196'	10991	Standard
#		'Contig4217'	10991	Standard
#		'Contig4191'	10990	Standard
#		'Contig4043'	10989	Standard
#		'Contig4226'	10989	Standard
#		'Contig4227'	10989	Standard
#		'Contig4150'	10988	Standard
#		'Contig4160'	10988	Standard
#		'Contig4166'	10988	Standard
#		'Contig4178'	10988	Standard
#		'Contig4184'	10988	Standard
#		'Contig4194'	10988	Standard
#		'Contig4197'	10988	Standard
#		'Contig4206'	10988	Standard
#		'Contig4214'	10988	Standard
#		'Contig4218'	10988	Standard
#		'Contig4258'	10988	Standard
#		'Contig4378'	10988	Standard
#		'Contig4739'	10988	Standard
#		'Contig5181'	10988	Standard
#		'Contig4154'	10987	Standard
#		'Contig4159'	10987	Standard
#		'Contig4186'	10987	Standard
#		'Contig4686'	10987	Standard
#		'Contig4115'	10986	Standard
#		'Contig4175'	10986	Standard
#		'Contig4195'	10986	Standard
#		'Contig4173'	10985	Standard
#		'Contig4239'	10985	Standard
#		'Contig4326'	10985	Standard
#		'Contig4193'	10984	Standard
#		'Contig4216'	10984	Standard
#		'Contig4371'	10982	Standard
#		'Contig4124'	10981	Standard
#		'Contig4211'	10974	Standard
#		'Contig4224'	10949	Standard
#		'Contig4235'	10924	Standard
#		'Contig4360'	10544	Standard
#		'Contig4142'	10418	Standard
#		'Contig4262'	9999	Standard
#		'Contig4168'	9997	Standard
#		'Contig4201'	9993	Standard
#		'Contig4337'	9992	Standard
#		'Contig4382'	9992	Standard
#		'Contig4285'	9991	Standard
#		'Contig4313'	9990	Standard
#		'Contig4153'	9989	Standard
#		'Contig4222'	9989	Standard
#		'Contig4281'	9989	Standard
#		'Contig4310'	9989	Standard
#		'Contig4220'	9988	Standard
#		'Contig4230'	9988	Standard
#		'Contig4234'	9988	Standard
#		'Contig4240'	9988	Standard
#		'Contig4247'	9988	Standard
#		'Contig4249'	9988	Standard
#		'Contig4263'	9988	Standard
#		'Contig4265'	9988	Standard
#		'Contig4269'	9988	Standard
#		'Contig4278'	9988	Standard
#		'Contig4303'	9988	Standard
#		'Contig4307'	9988	Standard
#		'Contig4317'	9988	Standard
#		'Contig4348'	9988	Standard
#		'Contig4354'	9988	Standard
#		'Contig4372'	9988	Standard
#		'Contig4383'	9988	Standard
#		'Contig5163'	9988	Standard
#		'Contig5212'	9988	Standard
#		'Contig4260'	9987	Standard
#		'Contig4271'	9987	Standard
#		'Contig4287'	9987	Standard
#		'Contig4290'	9987	Standard
#		'Contig4292'	9987	Standard
#		'Contig4322'	9987	Standard
#		'Contig4215'	9986	Standard
#		'Contig4245'	9986	Standard
#		'Contig4267'	9985	Standard
#		'Contig4293'	9985	Standard
#		'Contig4276'	9984	Standard
#		'Contig4343'	9984	Standard
#		'Contig4252'	9983	Standard
#		'Contig4340'	9983	Standard
#		'Contig4347'	9983	Standard
#		'Contig4833'	9980	Standard
#		'Contig4079'	9979	Standard
#		'Contig4223'	9976	Standard
#		'Contig4301'	9976	Standard
#		'Contig4323'	9961	Standard
#		'Contig4291'	9959	Standard
#		'Contig4296'	9946	Standard
#		'Contig4254'	9588	Standard
#		'Contig5229'	9503	Standard
#		'Contig4356'	9061	Standard
#		'Contig5143'	9043	Standard
#		'Contig4489'	9026	Standard
#		'Contig5157'	9003	Standard
#		'Contig4312'	8998	Standard
#		'Contig4315'	8992	Standard
#		'Contig4320'	8992	Standard
#		'Contig4473'	8991	Standard
#		'Contig4386'	8990	Standard
#		'Contig4362'	8989	Standard
#		'Contig4366'	8989	Standard
#		'Contig4393'	8989	Standard
#		'Contig4419'	8989	Standard
#		'Contig4428'	8989	Standard
#		'Contig4434'	8989	Standard
#		'Contig4445'	8989	Standard
#		'Contig4502'	8989	Standard
#		'Contig4275'	8988	Standard
#		'Contig4277'	8988	Standard
#		'Contig4300'	8988	Standard
#		'Contig4328'	8988	Standard
#		'Contig4334'	8988	Standard
#		'Contig4342'	8988	Standard
#		'Contig4344'	8988	Standard
#		'Contig4365'	8988	Standard
#		'Contig4387'	8988	Standard
#		'Contig4388'	8988	Standard
#		'Contig4399'	8988	Standard
#		'Contig4402'	8988	Standard
#		'Contig4416'	8988	Standard
#		'Contig4421'	8988	Standard
#		'Contig4436'	8988	Standard
#		'Contig4439'	8988	Standard
#		'Contig4441'	8988	Standard
#		'Contig4446'	8988	Standard
#		'Contig4447'	8988	Standard
#		'Contig4449'	8988	Standard
#		'Contig4460'	8988	Standard
#		'Contig4465'	8988	Standard
#		'Contig4467'	8988	Standard
#		'Contig4471'	8988	Standard
#		'Contig4476'	8988	Standard
#		'Contig4480'	8988	Standard
#		'Contig4494'	8988	Standard
#		'Contig4505'	8988	Standard
#		'Contig4517'	8988	Standard
#		'Contig4555'	8988	Standard
#		'Contig4564'	8988	Standard
#		'Contig5175'	8988	Standard
#		'Contig4327'	8987	Standard
#		'Contig4339'	8987	Standard
#		'Contig4390'	8987	Standard
#		'Contig4469'	8987	Standard
#		'Contig4488'	8987	Standard
#		'Contig5207'	8987	Standard
#		'Contig4376'	8986	Standard
#		'Contig4396'	8986	Standard
#		'Contig4406'	8985	Standard
#		'Contig4407'	8985	Standard
#		'Contig4444'	8985	Standard
#		'Contig4472'	8985	Standard
#		'Contig4497'	8985	Standard
#		'Contig4454'	8984	Standard
#		'Contig4487'	8984	Standard
#		'Contig4410'	8983	Standard
#		'Contig4453'	8983	Standard
#		'Contig4474'	8983	Standard
#		'Contig4426'	8982	Standard
#		'Contig3969'	8977	Standard
#		'Contig4384'	8972	Standard
#		'Contig4499'	8967	Standard
#		'Contig4417'	8757	Standard
#		'Contig4518'	8596	Standard
#		'Contig4483'	8141	Standard
#		'Contig4608'	8033	Standard
#		'Contig4509'	7991	Standard
#		'Contig4607'	7991	Standard
#		'Contig4521'	7990	Standard
#		'Contig4605'	7990	Standard
#		'Contig4500'	7989	Standard
#		'Contig4567'	7989	Standard
#		'Contig4572'	7989	Standard
#		'Contig4578'	7989	Standard
#		'Contig4623'	7989	Standard
#		'Contig4625'	7989	Standard
#		'Contig4671'	7989	Standard
#		'Contig4308'	7988	Standard
#		'Contig4369'	7988	Standard
#		'Contig4431'	7988	Standard
#		'Contig4452'	7988	Standard
#		'Contig4456'	7988	Standard
#		'Contig4461'	7988	Standard
#		'Contig4462'	7988	Standard
#		'Contig4478'	7988	Standard
#		'Contig4482'	7988	Standard
#		'Contig4491'	7988	Standard
#		'Contig4493'	7988	Standard
#		'Contig4498'	7988	Standard
#		'Contig4506'	7988	Standard
#		'Contig4510'	7988	Standard
#		'Contig4516'	7988	Standard
#		'Contig4527'	7988	Standard
#		'Contig4534'	7988	Standard
#		'Contig4536'	7988	Standard
#		'Contig4541'	7988	Standard
#		'Contig4544'	7988	Standard
#		'Contig4546'	7988	Standard
#		'Contig4548'	7988	Standard
#		'Contig4550'	7988	Standard
#		'Contig4551'	7988	Standard
#		'Contig4556'	7988	Standard
#		'Contig4568'	7988	Standard
#		'Contig4574'	7988	Standard
#		'Contig4580'	7988	Standard
#		'Contig4585'	7988	Standard
#		'Contig4588'	7988	Standard
#		'Contig4589'	7988	Standard
#		'Contig4596'	7988	Standard
#		'Contig4602'	7988	Standard
#		'Contig4604'	7988	Standard
#		'Contig4606'	7988	Standard
#		'Contig4609'	7988	Standard
#		'Contig4617'	7988	Standard
#		'Contig4618'	7988	Standard
#		'Contig4629'	7988	Standard
#		'Contig4630'	7988	Standard
#		'Contig4631'	7988	Standard
#		'Contig4636'	7988	Standard
#		'Contig4656'	7988	Standard
#		'Contig4691'	7988	Standard
#		'Contig4697'	7988	Standard
#		'Contig4700'	7988	Standard
#		'Contig4878'	7988	Standard
#		'Contig4395'	7987	Standard
#		'Contig4515'	7987	Standard
#		'Contig4520'	7987	Standard
#		'Contig4524'	7987	Standard
#		'Contig4543'	7987	Standard
#		'Contig4559'	7987	Standard
#		'Contig4579'	7987	Standard
#		'Contig4593'	7987	Standard
#		'Contig4594'	7987	Standard
#		'Contig4603'	7987	Standard
#		'Contig4632'	7987	Standard
#		'Contig4644'	7987	Standard
#		'Contig4654'	7987	Standard
#		'Contig4679'	7987	Standard
#		'Contig4688'	7987	Standard
#		'Contig4627'	7986	Standard
#		'Contig4698'	7986	Standard
#		'Contig4530'	7985	Standard
#		'Contig4643'	7985	Standard
#		'Contig4694'	7985	Standard
#		'Contig4405'	7984	Standard
#		'Contig4440'	7984	Standard
#		'Contig4522'	7984	Standard
#		'Contig4562'	7984	Standard
#		'Contig4615'	7984	Standard
#		'Contig4626'	7984	Standard
#		'Contig4642'	7984	Standard
#		'Contig4662'	7984	Standard
#		'Contig4687'	7983	Standard
#		'Contig4660'	7982	Standard
#		'Contig4569'	7981	Standard
#		'Contig4507'	7980	Standard
#		'Contig4690'	7980	Standard
#		'Contig4547'	7979	Standard
#		'Contig4616'	7774	Standard
#		'Contig4526'	7583	Standard
#		'Contig4836'	7257	Standard
#		'Contig4731'	7116	Standard
#		'Contig4599'	7005	Standard
#		'Contig4870'	6995	Standard
#		'Contig4910'	6995	Standard
#		'Contig4711'	6993	Standard
#		'Contig4647'	6992	Standard
#		'Contig4651'	6992	Standard
#		'Contig4611'	6990	Standard
#		'Contig4528'	6989	Standard
#		'Contig4645'	6989	Standard
#		'Contig4665'	6989	Standard
#		'Contig4740'	6989	Standard
#		'Contig4752'	6989	Standard
#		'Contig4886'	6989	Standard
#		'Contig4538'	6988	Standard
#		'Contig4539'	6988	Standard
#		'Contig4571'	6988	Standard
#		'Contig4577'	6988	Standard
#		'Contig4597'	6988	Standard
#		'Contig4601'	6988	Standard
#		'Contig4621'	6988	Standard
#		'Contig4633'	6988	Standard
#		'Contig4635'	6988	Standard
#		'Contig4637'	6988	Standard
#		'Contig4640'	6988	Standard
#		'Contig4648'	6988	Standard
#		'Contig4650'	6988	Standard
#		'Contig4652'	6988	Standard
#		'Contig4655'	6988	Standard
#		'Contig4658'	6988	Standard
#		'Contig4663'	6988	Standard
#		'Contig4664'	6988	Standard
#		'Contig4668'	6988	Standard
#		'Contig4669'	6988	Standard
#		'Contig4670'	6988	Standard
#		'Contig4677'	6988	Standard
#		'Contig4678'	6988	Standard
#		'Contig4681'	6988	Standard
#		'Contig4682'	6988	Standard
#		'Contig4692'	6988	Standard
#		'Contig4701'	6988	Standard
#		'Contig4707'	6988	Standard
#		'Contig4710'	6988	Standard
#		'Contig4714'	6988	Standard
#		'Contig4718'	6988	Standard
#		'Contig4721'	6988	Standard
#		'Contig4722'	6988	Standard
#		'Contig4725'	6988	Standard
#		'Contig4728'	6988	Standard
#		'Contig4732'	6988	Standard
#		'Contig4733'	6988	Standard
#		'Contig4737'	6988	Standard
#		'Contig4741'	6988	Standard
#		'Contig4748'	6988	Standard
#		'Contig4749'	6988	Standard
#		'Contig4755'	6988	Standard
#		'Contig4758'	6988	Standard
#		'Contig4763'	6988	Standard
#		'Contig4769'	6988	Standard
#		'Contig4770'	6988	Standard
#		'Contig4776'	6988	Standard
#		'Contig4778'	6988	Standard
#		'Contig4781'	6988	Standard
#		'Contig4791'	6988	Standard
#		'Contig4796'	6988	Standard
#		'Contig4797'	6988	Standard
#		'Contig4802'	6988	Standard
#		'Contig4804'	6988	Standard
#		'Contig4812'	6988	Standard
#		'Contig4814'	6988	Standard
#		'Contig4818'	6988	Standard
#		'Contig4823'	6988	Standard
#		'Contig4826'	6988	Standard
#		'Contig4828'	6988	Standard
#		'Contig4832'	6988	Standard
#		'Contig4838'	6988	Standard
#		'Contig4840'	6988	Standard
#		'Contig4843'	6988	Standard
#		'Contig4845'	6988	Standard
#		'Contig4847'	6988	Standard
#		'Contig4851'	6988	Standard
#		'Contig4853'	6988	Standard
#		'Contig4854'	6988	Standard
#		'Contig4874'	6988	Standard
#		'Contig4880'	6988	Standard
#		'Contig4881'	6988	Standard
#		'Contig4884'	6988	Standard
#		'Contig4887'	6988	Standard
#		'Contig4897'	6988	Standard
#		'Contig4899'	6988	Standard
#		'Contig4913'	6988	Standard
#		'Contig4915'	6988	Standard
#		'Contig4916'	6988	Standard
#		'Contig4937'	6988	Standard
#		'Contig4960'	6988	Standard
#		'Contig4971'	6988	Standard
#		'Contig5184'	6988	Standard
#		'Contig5187'	6988	Standard
#		'Contig4591'	6987	Standard
#		'Contig4600'	6987	Standard
#		'Contig4620'	6987	Standard
#		'Contig4653'	6987	Standard
#		'Contig4666'	6987	Standard
#		'Contig4683'	6987	Standard
#		'Contig4703'	6987	Standard
#		'Contig4706'	6987	Standard
#		'Contig4726'	6987	Standard
#		'Contig4735'	6987	Standard
#		'Contig4747'	6987	Standard
#		'Contig4759'	6987	Standard
#		'Contig4767'	6987	Standard
#		'Contig4799'	6987	Standard
#		'Contig4800'	6987	Standard
#		'Contig4820'	6987	Standard
#		'Contig4890'	6987	Standard
#		'Contig4919'	6987	Standard
#		'Contig4702'	6986	Standard
#		'Contig4729'	6986	Standard
#		'Contig4745'	6986	Standard
#		'Contig4978'	6986	Standard
#		'Contig4535'	6985	Standard
#		'Contig4576'	6985	Standard
#		'Contig4716'	6985	Standard
#		'Contig4719'	6985	Standard
#		'Contig4231'	6984	Standard
#		'Contig4684'	6984	Standard
#		'Contig4765'	6984	Standard
#		'Contig4821'	6984	Standard
#		'Contig4866'	6984	Standard
#		'Contig4612'	6983	Standard
#		'Contig4766'	6983	Standard
#		'Contig4773'	6983	Standard
#		'Contig3932'	6982	Standard
#		'Contig4695'	6982	Standard
#		'Contig4871'	6982	Standard
#		'Contig4560'	6975	Standard
#		'Contig4788'	6969	Standard
#		'Contig4751'	6964	Standard
#		'Contig4813'	6956	Standard
#		'Contig5011'	6691	Standard
#		'Contig4951'	6462	Standard
#		'Contig5098'	6198	Standard
#		'Contig5079'	6068	Standard
#		'Contig4834'	6064	Standard
#		'Contig4946'	6004	Standard
#		'Contig4954'	5993	Standard
#		'Contig4835'	5990	Standard
#		'Contig4943'	5990	Standard
#		'Contig4787'	5989	Standard
#		'Contig4875'	5989	Standard
#		'Contig4896'	5989	Standard
#		'Contig4903'	5989	Standard
#		'Contig4905'	5989	Standard
#		'Contig4934'	5989	Standard
#		'Contig5010'	5989	Standard
#		'Contig5024'	5989	Standard
#		'Contig5145'	5989	Standard
#		'Contig4641'	5988	Standard
#		'Contig4753'	5988	Standard
#		'Contig4756'	5988	Standard
#		'Contig4761'	5988	Standard
#		'Contig4772'	5988	Standard
#		'Contig4780'	5988	Standard
#		'Contig4798'	5988	Standard
#		'Contig4810'	5988	Standard
#		'Contig4830'	5988	Standard
#		'Contig4831'	5988	Standard
#		'Contig4839'	5988	Standard
#		'Contig4841'	5988	Standard
#		'Contig4844'	5988	Standard
#		'Contig4848'	5988	Standard
#		'Contig4859'	5988	Standard
#		'Contig4861'	5988	Standard
#		'Contig4862'	5988	Standard
#		'Contig4876'	5988	Standard
#		'Contig4879'	5988	Standard
#		'Contig4888'	5988	Standard
#		'Contig4891'	5988	Standard
#		'Contig4898'	5988	Standard
#		'Contig4902'	5988	Standard
#		'Contig4906'	5988	Standard
#		'Contig4908'	5988	Standard
#		'Contig4917'	5988	Standard
#		'Contig4918'	5988	Standard
#		'Contig4926'	5988	Standard
#		'Contig4929'	5988	Standard
#		'Contig4932'	5988	Standard
#		'Contig4936'	5988	Standard
#		'Contig4940'	5988	Standard
#		'Contig4945'	5988	Standard
#		'Contig4957'	5988	Standard
#		'Contig4961'	5988	Standard
#		'Contig4963'	5988	Standard
#		'Contig4964'	5988	Standard
#		'Contig4967'	5988	Standard
#		'Contig4970'	5988	Standard
#		'Contig4974'	5988	Standard
#		'Contig4979'	5988	Standard
#		'Contig4980'	5988	Standard
#		'Contig4983'	5988	Standard
#		'Contig4988'	5988	Standard
#		'Contig4990'	5988	Standard
#		'Contig4999'	5988	Standard
#		'Contig5002'	5988	Standard
#		'Contig5004'	5988	Standard
#		'Contig5007'	5988	Standard
#		'Contig5017'	5988	Standard
#		'Contig5020'	5988	Standard
#		'Contig5021'	5988	Standard
#		'Contig5023'	5988	Standard
#		'Contig5026'	5988	Standard
#		'Contig5029'	5988	Standard
#		'Contig5035'	5988	Standard
#		'Contig5036'	5988	Standard
#		'Contig5037'	5988	Standard
#		'Contig5038'	5988	Standard
#		'Contig5042'	5988	Standard
#		'Contig5045'	5988	Standard
#		'Contig5047'	5988	Standard
#		'Contig5048'	5988	Standard
#		'Contig5049'	5988	Standard
#		'Contig5055'	5988	Standard
#		'Contig5065'	5988	Standard
#		'Contig5069'	5988	Standard
#		'Contig5070'	5988	Standard
#		'Contig5078'	5988	Standard
#		'Contig5081'	5988	Standard
#		'Contig5086'	5988	Standard
#		'Contig5090'	5988	Standard
#		'Contig5091'	5988	Standard
#		'Contig5092'	5988	Standard
#		'Contig5095'	5988	Standard
#		'Contig5097'	5988	Standard
#		'Contig5099'	5988	Standard
#		'Contig5101'	5988	Standard
#		'Contig5105'	5988	Standard
#		'Contig5108'	5988	Standard
#		'Contig5110'	5988	Standard
#		'Contig5111'	5988	Standard
#		'Contig5113'	5988	Standard
#		'Contig5115'	5988	Standard
#		'Contig5117'	5988	Standard
#		'Contig5118'	5988	Standard
#		'Contig5120'	5988	Standard
#		'Contig5122'	5988	Standard
#		'Contig5124'	5988	Standard
#		'Contig5127'	5988	Standard
#		'Contig5128'	5988	Standard
#		'Contig5131'	5988	Standard
#		'Contig5132'	5988	Standard
#		'Contig5135'	5988	Standard
#		'Contig5136'	5988	Standard
#		'Contig5148'	5988	Standard
#		'Contig5152'	5988	Standard
#		'Contig5154'	5988	Standard
#		'Contig4708'	5987	Standard
#		'Contig4805'	5987	Standard
#		'Contig4857'	5987	Standard
#		'Contig4867'	5987	Standard
#		'Contig4895'	5987	Standard
#		'Contig4904'	5987	Standard
#		'Contig4914'	5987	Standard
#		'Contig4921'	5987	Standard
#		'Contig4923'	5987	Standard
#		'Contig4944'	5987	Standard
#		'Contig4948'	5987	Standard
#		'Contig4949'	5987	Standard
#		'Contig4958'	5987	Standard
#		'Contig4984'	5987	Standard
#		'Contig5000'	5987	Standard
#		'Contig5028'	5987	Standard
#		'Contig5033'	5987	Standard
#		'Contig5034'	5987	Standard
#		'Contig5125'	5987	Standard
#		'Contig5155'	5987	Standard
#		'Contig4927'	5986	Standard
#		'Contig4981'	5986	Standard
#		'Contig4995'	5986	Standard
#		'Contig5001'	5986	Standard
#		'Contig4822'	5985	Standard
#		'Contig4991'	5985	Standard
#		'Contig5027'	5985	Standard
#		'Contig5068'	5985	Standard
#		'Contig5153'	5985	Standard
#		'Contig5074'	5984	Standard
#		'Contig4955'	5983	Standard
#		'Contig4953'	5982	Standard
#		'Contig4734'	5980	Standard
#		'Contig5013'	5976	Standard
#		'Contig5019'	5902	Standard
#		'Contig4807'	5364	Standard
#		'Contig4985'	5064	Standard
#		'Contig5116'	5053	Standard
#		'Contig5025'	5048	Standard
#		'Contig5104'	5039	Standard
#		'Contig5005'	5010	Standard
#		'Contig4901'	4989	Standard
#		'Contig4956'	4989	Standard
#		'Contig5137'	4989	Standard
#		'Contig4385'	4988	Standard
#		'Contig4549'	4988	Standard
#		'Contig4815'	4988	Standard
#		'Contig4855'	4988	Standard
#		'Contig4912'	4988	Standard
#		'Contig4959'	4988	Standard
#		'Contig4976'	4988	Standard
#		'Contig4982'	4988	Standard
#		'Contig4996'	4988	Standard
#		'Contig4997'	4988	Standard
#		'Contig4998'	4988	Standard
#		'Contig5009'	4988	Standard
#		'Contig5018'	4988	Standard
#		'Contig5041'	4988	Standard
#		'Contig5051'	4988	Standard
#		'Contig5057'	4988	Standard
#		'Contig5059'	4988	Standard
#		'Contig5061'	4988	Standard
#		'Contig5063'	4988	Standard
#		'Contig5067'	4988	Standard
#		'Contig5072'	4988	Standard
#		'Contig5073'	4988	Standard
#		'Contig5076'	4988	Standard
#		'Contig5082'	4988	Standard
#		'Contig5084'	4988	Standard
#		'Contig5085'	4988	Standard
#		'Contig5089'	4988	Standard
#		'Contig5094'	4988	Standard
#		'Contig5103'	4988	Standard
#		'Contig5112'	4988	Standard
#		'Contig5114'	4988	Standard
#		'Contig5121'	4988	Standard
#		'Contig5126'	4988	Standard
#		'Contig5139'	4988	Standard
#		'Contig5144'	4988	Standard
#		'Contig5146'	4988	Standard
#		'Contig5064'	4987	Standard
#		'Contig5077'	4987	Standard
#		'Contig5083'	4987	Standard
#		'Contig5093'	4987	Standard
#		'Contig5119'	4987	Standard
#		'Contig5149'	4987	Standard
#		'Contig4989'	4986	Standard
#		'Contig4852'	4984	Standard
#		'Contig5106'	4984	Standard
#		'Contig5123'	4984	Standard
#		'Contig5142'	4980	Standard
#		'Contig4794'	3987	Standard
#		'Contig5056'	3985	Standard
#-----------------------------------------------

00:00:21 Caracterizing exons by splicing (stage 1) : 
....................................................................................................
	100000	...........
00:00:21 Caracterizing exons by splicing (stage 2) : 
....................................................................................................
	100000	...........00:00:21 done.
00:00:21 [Optional] Rare amino acid annotations
WARNING_FILE_NOT_FOUND: Rare Amino Acid analysis: Cannot read protein sequence file '/home/tmichel/software/snpEff/./data/Bmas/protein.fa', nothing done.
00:00:21 Saving database
00:00:27 Saving sequences for chromosome 'scaffold1' to file '/home/tmichel/software/snpEff/./data/Bmas/sequence.scaffold1.bin'
00:00:29 Saving sequences for chromosome 'scaffold10' to file '/home/tmichel/software/snpEff/./data/Bmas/sequence.scaffold10.bin'
00:00:30 Saving sequences for chromosome 'scaffold11' to file '/home/tmichel/software/snpEff/./data/Bmas/sequence.scaffold11.bin'
00:00:30 Saving sequences for chromosome 'scaffold12' to file '/home/tmichel/software/snpEff/./data/Bmas/sequence.scaffold12.bin'
00:00:31 Saving sequences for chromosome 'scaffold13' to file '/home/tmichel/software/snpEff/./data/Bmas/sequence.scaffold13.bin'
00:00:31 Saving sequences for chromosome 'scaffold14' to file '/home/tmichel/software/snpEff/./data/Bmas/sequence.scaffold14.bin'
00:00:33 Saving sequences for chromosome 'scaffold15' to file '/home/tmichel/software/snpEff/./data/Bmas/sequence.scaffold15.bin'
00:00:33 Saving sequences for chromosome 'scaffold2' to file '/home/tmichel/software/snpEff/./data/Bmas/sequence.scaffold2.bin'
00:00:34 Saving sequences for chromosome 'scaffold3' to file '/home/tmichel/software/snpEff/./data/Bmas/sequence.scaffold3.bin'
00:00:35 Saving sequences for chromosome 'scaffold4' to file '/home/tmichel/software/snpEff/./data/Bmas/sequence.scaffold4.bin'
00:00:36 Saving sequences for chromosome 'scaffold5' to file '/home/tmichel/software/snpEff/./data/Bmas/sequence.scaffold5.bin'
00:00:37 Saving sequences for chromosome 'scaffold6' to file '/home/tmichel/software/snpEff/./data/Bmas/sequence.scaffold6.bin'
00:00:37 Saving sequences for chromosome 'scaffold7' to file '/home/tmichel/software/snpEff/./data/Bmas/sequence.scaffold7.bin'
00:00:38 Saving sequences for chromosome 'scaffold8' to file '/home/tmichel/software/snpEff/./data/Bmas/sequence.scaffold8.bin'
00:00:39 Saving sequences for chromosome 'scaffold9' to file '/home/tmichel/software/snpEff/./data/Bmas/sequence.scaffold9.bin'
00:00:39 Saving sequences for small chromosmes to file '/home/tmichel/software/snpEff/./data/Bmas/sequence.bin'
00:00:39 [Optional] Reading regulation elements: GFF
WARNING_FILE_NOT_FOUND: Cannot read optional regulation file '/home/tmichel/software/snpEff/./data/Bmas/regulation.gff', nothing done.
00:00:39 [Optional] Reading regulation elements: BED 
00:00:39 Cannot find optional regulation dir '/home/tmichel/software/snpEff/./data/Bmas/regulation.bed/', nothing done.
00:00:39 [Optional] Reading motifs: GFF
WARNING_FILE_NOT_FOUND: Cannot open PWMs file /home/tmichel/software/snpEff/./data/Bmas/pwms.bin. Nothing done
00:00:39 Done
00:00:40 Logging
00:00:41 Checking for updates...
00:00:43 Done.
