# The following table is formatted as tab separated values. 
#GeneName	GeneId	TranscriptId	BioType	variants_impact_HIGH	variants_impact_LOW	variants_impact_MODERATE	variants_impact_MODIFIER	variants_effect_conservative_inframe_deletion	variants_effect_conservative_inframe_insertion	variants_effect_disruptive_inframe_deletion	variants_effect_disruptive_inframe_insertion	variants_effect_downstream_gene_variant	variants_effect_exon_loss_variant	variants_effect_frameshift_variant	variants_effect_initiator_codon_variant	variants_effect_intron_variant	variants_effect_missense_variant	variants_effect_splice_acceptor_variant	variants_effect_splice_donor_variant	variants_effect_splice_region_variant	variants_effect_start_lost	variants_effect_start_retained_variant	variants_effect_stop_gained	variants_effect_stop_lost	variants_effect_stop_retained_variant	variants_effect_synonymous_variant	variants_effect_upstream_gene_variant
Bma000192.3	null.152	Bma000192.3	protein_coding	231	500	797	692	9	44	17	13	446	0	153	0	300	726	10	14	53	0	0	63	2	2	468	0
Bma000193.1	null.153	Bma000193.1	protein_coding	0	0	0	2218	0	0	0	0	2218	0	0	0	0	0	0	0	0	0	0	0	0	0	0	0
Bma000203.1	null.165	Bma000203.1	protein_coding	24	33	49	775	2	2	0	0	0	0	16	0	518	46	2	1	17	5	1	10	0	0	24	268
Bma000207.1	null.169	Bma000207.1	protein_coding	0	0	0	1492	0	0	0	0	0	0	0	0	0	0	0	0	0	0	0	0	0	0	0	1492
Bma000208.1	null.170	Bma000208.1	protein_coding	203	321	301	672	4	26	5	9	214	0	163	0	520	271	9	2	78	0	0	52	9	2	268	0
Bma000218.1	null.180	Bma000218.1	protein_coding	16	113	89	468	1	2	1	0	0	0	9	0	498	85	0	2	29	0	0	6	0	0	85	0
Bma000219.1	null.181	Bma000219.1	protein_coding	0	0	0	1165	0	0	0	0	1165	0	0	0	0	0	0	0	0	0	0	0	0	0	0	0
Bma000220.2	null.182	Bma000220.2	protein_coding	170	164	254	577	11	13	14	24	0	0	143	0	631	200	16	2	63	0	0	25	0	0	128	0
Bma000221.1	null.183	Bma000221.1	protein_coding	0	0	0	876	0	0	0	0	0	0	0	0	0	0	0	0	0	0	0	0	0	0	0	876
Bma000223.1	null.186	Bma000223.1	protein_coding	57	270	445	222	3	1	4	6	222	0	39	0	0	433	0	0	1	0	0	17	1	0	270	0
Bma000224.1	null.187	Bma000224.1	protein_coding	0	0	0	360	0	0	0	0	360	0	0	0	0	0	0	0	0	0	0	0	0	0	0	0
Bma000242.1	null.206	Bma000242.1	protein_coding	0	0	0	1295	0	0	0	0	1295	0	0	0	0	0	0	0	0	0	0	0	0	0	0	0
Bma000243.1	null.207	Bma000243.1	protein_coding	134	223	244	694	5	24	10	11	140	0	96	0	629	206	10	6	81	0	0	39	0	0	164	0
Bma000271.1	null.237	Bma000271.1	protein_coding	0	0	0	2082	0	0	0	0	2082	0	0	0	0	0	0	0	0	0	0	0	0	0	0	0
Bma000272.2	null.238	Bma000272.2	protein_coding	231	451	473	930	3	42	15	15	155	0	161	0	885	421	20	3	134	0	0	100	4	0	364	0
Bma000284.1	null.249	Bma000284.1	protein_coding	0	0	0	1700	0	0	0	0	1700	0	0	0	0	0	0	0	0	0	0	0	0	0	0	0
Bma000285.1	null.250	Bma000285.1	protein_coding	79	155	182	2164	1	8	4	0	736	0	56	0	579	173	5	3	39	0	0	27	1	0	132	880
Bma000286.1	null.251	Bma000286.1	protein_coding	0	0	0	2290	0	0	0	0	1711	0	0	0	0	0	0	0	0	0	0	0	0	0	0	579
Bma000287.1	null.252	Bma000287.1	protein_coding	237	176	252	1048	16	16	16	24	0	0	185	0	648	203	25	10	81	0	0	49	0	0	137	474
Bma000299.4	null.264	Bma000299.4	protein_coding	64	105	102	711	5	5	4	3	0	0	33	0	754	89	9	12	58	0	0	15	0	0	73	10
Bma000300.1	null.265	Bma000300.1	protein_coding	0	0	0	872	0	0	0	0	872	0	0	0	0	0	0	0	0	0	0	0	0	0	0	0
Bma000301.1	null.266	Bma000301.1	protein_coding	0	0	0	1640	0	0	0	0	1640	0	0	0	0	0	0	0	0	0	0	0	0	0	0	0
Bma000302.1	null.267	Bma000302.1	protein_coding	185	178	213	4016	11	6	1	31	2952	0	146	0	1128	179	6	9	78	0	0	52	0	0	129	0
Bma000303.1	null.268	Bma000303.1	protein_coding	402	591	772	2390	17	41	19	16	1495	0	322	0	741	695	15	19	127	4	0	84	3	0	520	259
Bma000323.1	null.287	Bma000323.1	protein_coding	8	94	131	0	0	1	1	4	0	0	6	0	0	125	0	0	0	0	0	3	0	0	94	0
Bma000328.1	null.292	Bma000328.1	protein_coding	75	365	421	0	6	2	7	5	0	0	43	0	0	401	0	0	0	0	0	34	0	0	365	0
Bma000329.1	null.293	Bma000329.1	protein_coding	0	0	0	2067	0	0	0	0	1206	0	0	0	0	0	0	0	0	0	0	0	0	0	0	861
Bma000330.1	null.294	Bma000330.1	protein_coding	273	366	603	1603	11	26	12	6	203	0	223	0	1153	554	4	7	32	0	1	53	0	0	344	279
Bma000331.2	null.295	Bma000331.2	protein_coding	49	122	100	1631	2	3	1	0	747	0	29	0	900	96	0	8	20	0	0	17	0	0	114	0
Bma000332.1	null.297	Bma000332.1	protein_coding	134	394	554	0	17	13	15	12	0	0	102	0	0	503	0	0	0	0	0	37	0	0	394	0
Bma000333.1	null.298	Bma000333.1	protein_coding	0	0	0	258	0	0	0	0	258	0	0	0	0	0	0	0	0	0	0	0	0	0	0	0
Bma000335.1	null.301	Bma000335.1	protein_coding	33	97	125	354	1	2	2	5	176	0	20	0	207	115	1	4	34	0	0	9	1	1	72	0
Bma000336.1	null.302	Bma000336.1	protein_coding	5	26	35	543	0	0	2	1	0	0	2	0	4	32	0	0	6	1	1	3	0	0	21	543
Bma000353.1	null.317	Bma000353.1	protein_coding	0	0	0	775	0	0	0	0	775	0	0	0	0	0	0	0	0	0	0	0	0	0	0	0
Bma000354.1	null.318	Bma000354.1	protein_coding	87	111	134	443	3	17	3	0	0	0	70	0	473	114	4	3	51	0	0	27	0	0	88	0
Bma000355.1	null.319	Bma000355.1	protein_coding	0	0	0	775	0	0	0	0	0	0	0	0	0	0	0	0	0	0	0	0	0	0	0	775
Bma000381.1	null.341	Bma000381.1	protein_coding	0	0	0	660	0	0	0	0	0	0	0	0	0	0	0	0	0	0	0	0	0	0	0	660
Bma000382.1	null.342	Bma000382.1	protein_coding	25	22	50	565	2	7	4	0	282	0	19	0	288	41	2	0	9	0	0	7	2	1	18	0
Bma000383.1	null.343	Bma000383.1	protein_coding	0	0	0	660	0	0	0	0	660	0	0	0	0	0	0	0	0	0	0	0	0	0	0	0
Bma000386.1	null.346	Bma000386.1	protein_coding	302	288	406	1091	18	42	20	7	0	0	237	0	1176	342	17	10	101	0	0	67	0	0	230	0
Bma000413.2	null.376	Bma000413.2	protein_coding	107	194	158	456	1	6	4	8	0	0	80	0	501	146	10	3	54	0	0	31	0	0	162	0
Bma000434.1	null.398	Bma000434.1	protein_coding	0	0	0	413	0	0	0	0	0	0	0	0	0	0	0	0	0	0	0	0	0	0	0	413
Bma000435.1	null.399	Bma000435.1	protein_coding	31	118	99	165	3	1	5	3	0	0	17	0	178	91	0	7	12	0	0	13	0	0	112	0
Bma000444.1	null.407	Bma000444.1	protein_coding	0	0	0	1392	0	0	0	0	1392	0	0	0	0	0	0	0	0	0	0	0	0	0	0	0
Bma000445.1	null.408	Bma000445.1	protein_coding	84	109	147	1052	3	12	5	4	229	0	60	0	849	131	7	3	34	0	0	26	1	0	93	0
Bma000454.3	null.415	Bma000454.3	protein_coding	111	222	164	1207	5	17	10	0	334	0	69	0	916	145	13	5	41	0	0	41	0	0	197	0
Bma000473.1	null.436	Bma000473.1	protein_coding	0	0	0	618	0	0	0	0	0	0	0	0	0	0	0	0	0	0	0	0	0	0	0	618
Bma000474.1	null.437	Bma000474.1	protein_coding	12	60	33	513	0	1	0	0	0	0	5	0	523	32	3	0	13	0	0	7	0	0	53	0
Bma000475.1	null.438	Bma000475.1	protein_coding	0	0	0	512	0	0	0	0	0	0	0	0	0	0	0	0	0	0	0	0	0	0	0	512
Bma000480.1	null.443	Bma000480.1	protein_coding	253	261	370	1282	6	38	11	10	0	0	182	0	1409	322	29	28	125	0	0	56	0	0	191	0
Bma000481.1	null.444	Bma000481.1	protein_coding	0	0	0	2166	0	0	0	0	0	0	0	0	0	0	0	0	0	0	0	0	0	0	0	2166
Bma000495.1	null.457	Bma000495.1	protein_coding	0	0	0	1423	0	0	0	0	1423	0	0	0	0	0	0	0	0	0	0	0	0	0	0	0
Bma000496.1	null.458	Bma000496.1	protein_coding	0	0	0	1423	0	0	0	0	0	0	0	0	0	0	0	0	0	0	0	0	0	0	0	1423
Bma000497.2	null.459	Bma000497.2	protein_coding	43	114	153	1113	0	6	0	2	356	0	23	0	796	151	3	3	42	0	0	21	0	0	81	0
Bma000516.1	null.474	Bma000516.1	protein_coding	0	0	0	862	0	0	0	0	0	0	0	0	0	0	0	0	0	0	0	0	0	0	0	862
Bma000517.1	null.475	Bma000517.1	protein_coding	66	468	328	0	2	1	0	3	0	0	39	0	0	322	0	0	0	0	0	30	0	0	468	0
Bma000518.1	null.476	Bma000518.1	protein_coding	0	0	0	862	0	0	0	0	862	0	0	0	0	0	0	0	0	0	0	0	0	0	0	0
Bma000540.1	null.496	Bma000540.1	protein_coding	16	27	60	65	0	3	0	0	0	0	12	0	66	57	0	0	4	0	0	7	0	0	26	0
Bma000541.1	null.497	Bma000541.1	protein_coding	0	0	0	168	0	0	0	0	0	0	0	0	0	0	0	0	0	0	0	0	0	0	0	168
Bma000565.1	null.521	Bma000565.1	protein_coding	0	0	0	723	0	0	0	0	0	0	0	0	0	0	0	0	0	0	0	0	0	0	0	723
Bma000566.1	null.522	Bma000566.1	protein_coding	81	175	249	218	3	8	3	2	0	0	52	0	256	235	5	7	34	0	0	25	0	0	149	0
Bma000599.1	null.552	Bma000599.1	protein_coding	96	230	201	69	2	8	5	4	0	0	77	0	84	185	2	2	19	0	0	21	0	0	219	0
Bma000602.1	null.555	Bma000602.1	protein_coding	0	0	0	962	0	0	0	0	962	0	0	0	0	0	0	0	0	0	0	0	0	0	0	0
Bma000603.1	null.556	Bma000603.1	protein_coding	113	243	257	349	6	6	8	9	0	0	86	1	50	234	0	5	11	2	0	38	0	0	236	310
Bma000604.1	null.557	Bma000604.1	protein_coding	0	0	0	962	0	0	0	0	0	0	0	0	0	0	0	0	0	0	0	0	0	0	0	962
Bma000621.1	null.573	Bma000621.1	protein_coding	12	133	177	297	2	1	3	0	0	0	10	0	317	171	1	0	20	0	0	2	0	0	114	0
Bma000684.2	null.635	Bma000684.2	protein_coding	40	213	231	185	6	2	0	2	0	0	15	0	191	222	4	0	7	0	0	23	0	0	211	0
Bma000730.1	null.672	Bma000730.1	protein_coding	133	149	153	663	4	38	5	8	0	0	98	0	695	112	8	5	55	0	0	57	0	0	130	0
Bma000748.1	null.690	Bma000748.1	protein_coding	137	223	226	288	3	14	5	7	0	0	101	0	333	207	16	4	46	0	0	39	0	0	198	0
Bma000803.1	null.728	Bma000803.1	protein_coding	0	0	0	627	0	0	0	0	0	0	0	0	0	0	0	0	0	0	0	0	0	0	0	627
Bma000804.2	null.730	Bma000804.2	protein_coding	192	285	449	476	6	32	12	12	201	1	148	0	312	401	5	3	45	0	0	62	1	0	255	0
Bma000814.1	null.739	Bma000814.1	protein_coding	0	0	0	1440	0	0	0	0	1440	0	0	0	0	0	0	0	0	0	0	0	0	0	0	0
Bma000815.1	null.740	Bma000815.1	protein_coding	0	0	0	1440	0	0	0	0	0	0	0	0	0	0	0	0	0	0	0	0	0	0	0	1440
Bma000816.1	null.741	Bma000816.1	protein_coding	98	250	350	744	1	4	4	2	309	0	58	0	462	341	3	3	32	0	0	36	5	0	229	0
Bma000839.1	null.765	Bma000839.1	protein_coding	39	84	105	615	4	1	2	4	277	0	23	0	359	96	4	1	33	0	0	11	6	2	66	0
Bma000840.1	null.766	Bma000840.1	protein_coding	0	0	0	841	0	0	0	0	0	0	0	0	0	0	0	0	0	0	0	0	0	0	0	841
Bma000842.1	null.768	Bma000842.1	protein_coding	0	0	0	828	0	0	0	0	828	0	0	0	0	0	0	0	0	0	0	0	0	0	0	0
Bma000843.1	null.769	Bma000843.1	protein_coding	103	94	142	491	4	17	14	3	436	0	81	0	69	114	2	1	23	0	0	22	8	0	83	0
Bma000849.1	null.773	Bma000849.1	protein_coding	165	403	341	1266	11	36	13	10	0	0	113	0	1132	294	9	8	52	1	0	72	0	0	373	181
Bma000850.1	null.774	Bma000850.1	protein_coding	0	0	0	2175	0	0	0	0	0	0	0	0	0	0	0	0	0	0	0	0	0	0	0	2175
Bma000851.1	null.775	Bma000851.1	protein_coding	0	0	0	1608	0	0	0	0	1079	0	0	0	0	0	0	0	0	0	0	0	0	0	0	529
Bma000852.1	null.776	Bma000852.1	protein_coding	93	65	77	524	5	8	3	3	0	0	75	0	575	66	11	3	55	0	0	16	0	0	28	0
Bma000904.1	null.824	Bma000904.1	protein_coding	256	486	520	457	28	16	23	23	171	0	213	0	319	438	10	3	41	0	0	40	6	1	465	0
Bma000905.1	null.825	Bma000905.1	protein_coding	0	0	0	749	0	0	0	0	749	0	0	0	0	0	0	0	0	0	0	0	0	0	0	0
Bma000937.1	null.857	Bma000937.1	protein_coding	89	301	162	135	2	5	1	11	0	0	65	0	157	147	8	3	16	0	0	22	0	0	290	0
Bma000938.1	null.858	Bma000938.1	protein_coding	0	0	0	687	0	0	0	0	0	0	0	0	0	0	0	0	0	0	0	0	0	0	0	687
Bma000963.1	null.878	Bma000963.1	protein_coding	0	0	0	578	0	0	0	0	578	0	0	0	0	0	0	0	0	0	0	0	0	0	0	0
Bma000964.1	null.879	Bma000964.1	protein_coding	13	151	229	186	1	1	1	0	41	0	7	0	0	226	0	0	1	2	0	5	0	0	151	145
Bma000972.1	null.885	Bma000972.1	protein_coding	0	0	0	1070	0	0	0	0	0	0	0	0	0	0	0	0	0	0	0	0	0	0	0	1070
Bma000973.1	null.886	Bma000973.1	protein_coding	0	0	0	1643	0	0	0	0	0	0	0	0	0	0	0	0	0	0	0	0	0	0	0	1643
Bma000974.1	null.887	Bma000974.1	protein_coding	259	301	432	653	9	30	15	20	0	0	205	0	476	370	13	13	95	0	0	49	0	0	238	266
Bma000975.1	null.888	Bma000975.1	protein_coding	0	0	0	1643	0	0	0	0	0	0	0	0	0	0	0	0	0	0	0	0	0	0	0	1643
Bma000987.1	null.896	Bma000987.1	protein_coding	0	0	0	1244	0	0	0	0	1244	0	0	0	0	0	0	0	0	0	0	0	0	0	0	0
Bma000988.2	null.897	Bma000988.2	protein_coding	155	153	171	765	5	31	3	11	0	0	113	0	671	144	6	10	73	0	1	64	0	0	116	146
Bma000990.1	null.899	Bma000990.1	protein_coding	0	0	0	934	0	0	0	0	0	0	0	0	0	0	0	0	0	0	0	0	0	0	0	934
Bma000991.1	null.900	Bma000991.1	protein_coding	148	90	170	526	8	23	13	12	0	0	114	0	571	124	8	10	43	0	0	41	0	0	63	0
Bma000992.1	null.901	Bma000992.1	protein_coding	0	0	0	119	0	0	0	0	119	0	0	0	0	0	0	0	0	0	0	0	0	0	0	0
Bma001002.1	null.909	Bma001002.1	protein_coding	0	0	0	373	0	0	0	0	0	0	0	0	0	0	0	0	0	0	0	0	0	0	0	373
Bma001003.1	null.910	Bma001003.1	protein_coding	27	45	71	230	2	2	2	1	0	0	19	0	239	65	1	2	8	0	0	10	0	0	39	0
Bma001083.1	null.992	Bma001083.1	protein_coding	73	31	50	97	5	7	7	5	0	0	61	0	108	29	0	8	17	1	0	9	0	0	27	1
Bma001084.1	null.993	Bma001084.1	protein_coding	0	0	0	250	0	0	0	0	0	0	0	0	0	0	0	0	0	0	0	0	0	0	0	250
Bma001095.1	null.1003	Bma001095.1	protein_coding	59	231	225	640	1	5	1	7	86	0	29	0	557	215	1	0	17	0	0	33	2	3	226	0
Bma001096.1	null.1004	Bma001096.1	protein_coding	0	0	0	998	0	0	0	0	0	0	0	0	0	0	0	0	0	0	0	0	0	0	0	998
Bma001137.1	null.1038	Bma001137.1	protein_coding	0	0	0	612	0	0	0	0	612	0	0	0	0	0	0	0	0	0	0	0	0	0	0	0
Bma001138.1	null.1039	Bma001138.1	protein_coding	0	0	0	612	0	0	0	0	612	0	0	0	0	0	0	0	0	0	0	0	0	0	0	0
Bma001139.1	null.1040	Bma001139.1	protein_coding	59	77	74	402	4	4	2	1	0	0	36	0	454	65	4	16	52	0	0	13	0	0	45	0
Bma001192.1	null.1096	Bma001192.1	protein_coding	88	469	331	67	2	13	2	2	0	0	42	0	97	317	4	5	34	0	0	49	0	0	448	0
Bma001216.1	null.1122	Bma001216.1	protein_coding	0	0	0	862	0	0	0	0	862	0	0	0	0	0	0	0	0	0	0	0	0	0	0	0
Bma001217.1	null.1124	Bma001217.1	protein_coding	0	0	0	862	0	0	0	0	862	0	0	0	0	0	0	0	0	0	0	0	0	0	0	0
Bma001296.1	null.1187	Bma001296.1	protein_coding	89	56	108	498	7	13	7	5	241	0	60	0	277	86	10	2	20	0	0	26	3	2	46	0
Bma001297.1	null.1188	Bma001297.1	protein_coding	0	0	0	749	0	0	0	0	749	0	0	0	0	0	0	0	0	0	0	0	0	0	0	0
Bma001298.1	null.1189	Bma001298.1	protein_coding	0	0	0	253	0	0	0	0	253	0	0	0	0	0	0	0	0	0	0	0	0	0	0	0
Bma001306.1	null.1195	Bma001306.1	protein_coding	0	0	0	1914	0	0	0	0	0	0	0	0	0	0	0	0	0	0	0	0	0	0	0	1914
Bma001307.1	null.1196	Bma001307.1	protein_coding	228	400	563	725	22	7	23	1	255	0	198	0	0	512	0	0	9	4	1	25	8	1	398	470
Bma001402.1	null.1271	Bma001402.1	protein_coding	23	133	135	49	1	1	2	5	0	0	16	1	0	126	0	0	0	0	0	7	0	0	132	49
Bma001407.2	null.1276	Bma001407.2	protein_coding	0	0	0	1857	0	0	0	0	1857	0	0	0	0	0	0	0	0	0	0	0	0	0	0	0
Bma001408.1	null.1277	Bma001408.1	protein_coding	137	587	747	386	14	17	7	6	376	0	77	0	33	707	3	1	24	0	0	56	2	0	568	0
Bma001409.1	null.1278	Bma001409.1	protein_coding	43	104	102	652	3	1	3	2	1	0	22	0	709	96	12	6	63	0	0	7	0	0	64	0
Bma001410.1	null.1279	Bma001410.1	protein_coding	0	0	0	901	0	0	0	0	901	0	0	0	0	0	0	0	0	0	0	0	0	0	0	0
Bma001482.1	null.1329	Bma001482.1	protein_coding	15	58	58	1739	0	0	1	1	1054	0	6	0	703	57	0	8	12	0	0	1	0	0	48	0
Bma001483.1	null.1330	Bma001483.1	protein_coding	80	496	429	212	4	0	7	7	49	0	55	0	0	412	0	0	0	0	0	26	0	0	496	163
Bma001492.1	null.1336	Bma001492.1	protein_coding	0	0	0	1937	0	0	0	0	0	0	0	0	0	0	0	0	0	0	0	0	0	0	0	1937
Bma001493.1	null.1338	Bma001493.1	protein_coding	61	52	65	2625	1	8	1	3	2539	0	49	0	103	58	2	3	26	0	0	17	4	0	40	0
Bma001547.1	null.1373	Bma001547.1	protein_coding	0	0	0	163	0	0	0	0	163	0	0	0	0	0	0	0	0	0	0	0	0	0	0	0
Bma001548.1	null.1374	Bma001548.1	protein_coding	24	27	19	93	0	6	0	2	0	0	17	0	102	15	2	0	14	0	0	12	0	0	20	0
Bma001576.1	null.1391	Bma001576.1	protein_coding	0	0	0	1144	0	0	0	0	0	0	0	0	1144	0	0	0	0	0	0	0	0	0	0	0
Bma001628.1	null.1438	Bma001628.1	protein_coding	0	0	0	1238	0	0	0	0	1238	0	0	0	0	0	0	0	0	0	0	0	0	0	0	0
Bma001629.1	null.1439	Bma001629.1	protein_coding	152	182	254	650	7	3	7	16	288	0	98	0	417	231	5	13	67	0	0	58	1	2	143	0
Bma001637.1	null.1448	Bma001637.1	protein_coding	67	326	339	295	5	12	6	4	0	0	37	0	310	315	5	3	21	0	0	25	0	0	319	0
Bma001648.1	null.1459	Bma001648.1	protein_coding	0	0	0	1015	0	0	0	0	0	0	0	0	0	0	0	0	0	0	0	0	0	0	0	1015
Bma001649.1	null.1460	Bma001649.1	protein_coding	96	138	154	627	1	16	1	5	380	0	73	0	276	142	3	0	49	0	0	39	2	4	108	0
Bma001659.1	null.1468	Bma001659.1	protein_coding	275	570	674	1042	15	26	33	36	158	0	200	0	932	581	13	5	70	0	0	73	5	2	538	0
Bma001660.2	null.1469	Bma001660.2	protein_coding	0	0	0	2560	0	0	0	0	2560	0	0	0	0	0	0	0	0	0	0	0	0	0	0	0
Bma001673.1	null.1477	Bma001673.1	protein_coding	46	133	227	244	1	9	4	0	244	0	23	0	0	214	0	0	8	0	0	22	5	2	131	0
Bma001689.1	null.1487	Bma001689.1	protein_coding	329	430	445	571	6	39	19	37	0	0	240	0	673	376	15	25	121	0	0	115	0	0	368	0
Bma001690.1	null.1488	Bma001690.1	protein_coding	0	0	0	1735	0	0	0	0	0	0	0	0	0	0	0	0	0	0	0	0	0	0	0	1735
Bma001747.2	null.1529	Bma001747.2	protein_coding	115	197	241	1434	4	13	12	2	102	0	70	0	1399	219	16	11	76	0	0	39	5	2	155	0
Bma001795.1	null.1557	Bma001795.1	protein_coding	250	466	539	741	12	34	11	9	0	0	192	1	736	483	8	10	53	1	1	61	0	0	435	52
Bma001802.1	null.1560	Bma001802.1	protein_coding	29	83	70	132	0	2	1	7	0	0	20	0	165	62	3	1	43	0	0	9	0	0	54	0
Bma001870.1	null.1603	Bma001870.1	protein_coding	16	15	15	723	0	0	1	2	723	0	16	0	0	12	0	0	5	0	0	1	1	0	15	0
Bma001891.1	null.1617	Bma001891.1	protein_coding	115	251	277	431	2	9	8	6	0	0	86	0	454	257	1	8	27	0	0	39	0	0	237	0
Bma002093.1	null.1737	Bma002093.1	protein_coding	29	76	99	269	2	0	3	4	0	0	16	0	290	91	11	0	19	0	0	7	0	0	66	0
Bma002363.1	null.1878	Bma002363.1	protein_coding	251	292	399	876	9	51	7	11	0	0	169	0	847	348	13	31	127	1	0	80	0	0	226	139
Bma002608.1	null.2008	Bma002608.1	protein_coding	125	368	706	2228	4	3	8	3	1823	0	89	0	0	688	0	0	0	0	0	41	0	0	368	405
Bma002609.1	null.2009	Bma002609.1	protein_coding	126	425	810	2071	6	8	7	0	1932	0	96	0	157	793	0	0	31	0	0	26	9	2	405	0
Bma002617.1	null.2014	Bma002617.1	protein_coding	58	91	81	37	0	9	1	0	0	0	41	0	57	73	6	1	15	0	0	15	0	0	78	0
Bma002620.1	null.2016	Bma002620.1	protein_coding	0	0	0	392	0	0	0	0	0	0	0	0	0	0	0	0	0	0	0	0	0	0	0	392
Bma002621.1	null.2017	Bma002621.1	protein_coding	39	50	41	262	2	3	2	1	0	0	30	0	273	36	0	5	13	0	0	15	0	0	44	0
Bma002653.1	null.2041	Bma002653.1	protein_coding	0	0	0	845	0	0	0	0	0	0	0	0	0	0	0	0	0	0	0	0	0	0	0	845
Bma002654.1	null.2042	Bma002654.1	protein_coding	0	0	0	845	0	0	0	0	845	0	0	0	0	0	0	0	0	0	0	0	0	0	0	0
Bma002655.1	null.2043	Bma002655.1	protein_coding	82	425	250	88	6	1	8	1	0	0	55	0	89	235	0	8	12	0	0	21	0	0	415	17
Bma002671.1	null.2051	Bma002671.1	protein_coding	17	68	68	231	0	3	0	2	165	0	6	0	87	67	2	3	20	0	0	7	1	1	51	0
Bma002673.2	null.2053	Bma002673.2	protein_coding	0	0	0	305	0	0	0	0	0	0	0	0	0	0	0	0	0	0	0	0	0	0	0	305
Bma002674.1	null.2054	Bma002674.1	protein_coding	0	0	0	305	0	0	0	0	305	0	0	0	0	0	0	0	0	0	0	0	0	0	0	0
Bma002714.1	null.2081	Bma002714.1	protein_coding	1	14	15	444	0	0	0	0	444	0	1	0	0	15	0	0	1	0	0	0	1	0	14	0
Bma002718.1	null.2083	Bma002718.1	protein_coding	0	0	0	1013	0	0	0	0	1013	0	0	0	0	0	0	0	0	0	0	0	0	0	0	0
Bma002719.1	null.2084	Bma002719.1	protein_coding	106	215	290	402	2	16	5	6	0	0	70	0	457	268	9	9	53	0	0	34	0	0	178	0
Bma002736.1	null.2091	Bma002736.1	protein_coding	53	157	234	372	4	10	3	3	0	0	31	0	374	218	1	0	10	0	0	22	0	0	156	0
Bma002738.1	null.2092	Bma002738.1	protein_coding	27	280	127	223	0	3	0	0	223	0	20	0	0	125	0	0	0	0	0	8	0	0	280	0
Bma002739.1	null.2093	Bma002739.1	protein_coding	0	0	0	657	0	0	0	0	657	0	0	0	0	0	0	0	0	0	0	0	0	0	0	0
Bma002761.1	null.2107	Bma002761.1	protein_coding	0	0	0	978	0	0	0	0	978	0	0	0	0	0	0	0	0	0	0	0	0	0	0	0
Bma002762.1	null.2108	Bma002762.1	protein_coding	101	79	93	707	4	3	4	4	690	0	83	0	34	80	6	0	29	0	0	10	5	3	65	0
Bma002764.1	null.2109	Bma002764.1	protein_coding	87	161	167	960	5	8	6	5	0	0	68	1	951	146	5	11	50	0	1	19	0	0	128	56
Bma002765.2	null.2110	Bma002765.2	protein_coding	0	0	0	1375	0	0	0	0	1375	0	0	0	0	0	0	0	0	0	0	0	0	0	0	0
Bma002766.1	null.2111	Bma002766.1	protein_coding	10	16	16	575	0	1	1	1	506	0	6	0	76	14	3	0	6	0	0	2	0	1	11	0
Bma002771.1	null.2113	Bma002771.1	protein_coding	0	0	0	562	0	0	0	0	0	0	0	0	0	0	0	0	0	0	0	0	0	0	0	562
Bma002772.1	null.2114	Bma002772.1	protein_coding	37	78	57	390	5	0	7	2	0	0	28	0	428	45	5	6	40	0	0	3	0	0	51	0
Bma002776.1	null.2118	Bma002776.1	protein_coding	225	128	220	501	23	10	20	24	0	0	195	0	517	159	5	3	19	0	0	52	0	0	120	0
Bma002787.1	null.2129	Bma002787.1	protein_coding	0	0	0	279	0	0	0	0	0	0	0	0	0	0	0	0	0	0	0	0	0	0	0	279
Bma002825.1	null.2156	Bma002825.1	protein_coding	97	371	441	516	2	15	7	1	354	0	51	0	177	418	3	2	14	0	0	44	1	1	360	0
Bma002878.1	null.2198	Bma002878.1	protein_coding	0	0	0	1807	0	0	0	0	0	0	0	0	0	0	0	0	0	0	0	0	0	0	0	1807
Bma002879.1	null.2199	Bma002879.1	protein_coding	0	0	0	1776	0	0	0	0	1776	0	0	0	0	0	0	0	0	0	0	0	0	0	0	0
Bma002887.3	null.2205	Bma002887.3	protein_coding	0	0	0	502	0	0	0	0	0	0	0	0	0	0	0	0	0	0	0	0	0	0	0	502
Bma002888.1	null.2206	Bma002888.1	protein_coding	27	130	139	206	3	3	3	2	67	0	16	0	155	128	9	0	9	0	0	3	0	0	123	0
Bma002889.1	null.2207	Bma002889.1	protein_coding	0	0	0	502	0	0	0	0	502	0	0	0	0	0	0	0	0	0	0	0	0	0	0	0
Bma003014.1	null.2298	Bma003014.1	protein_coding	50	66	54	949	1	4	1	2	0	0	33	0	933	51	0	6	20	0	1	18	0	0	58	29
Bma003047.1	null.2331	Bma003047.1	protein_coding	79	84	86	467	1	2	2	9	0	0	58	0	434	74	5	10	45	1	1	20	0	0	52	79
Bma003048.1	null.2333	Bma003048.1	protein_coding	0	0	0	3327	0	0	0	0	0	0	0	0	0	0	0	0	0	0	0	0	0	0	0	3327
Bma003049.1	null.2334	Bma003049.1	protein_coding	269	744	1156	1160	20	36	18	19	1000	0	191	0	104	1071	3	0	20	5	1	80	4	0	734	68
Bma003050.1	null.2335	Bma003050.1	protein_coding	40	102	92	700	0	7	1	1	0	0	21	1	601	90	0	3	21	3	0	19	0	0	90	113
Bma003051.1	null.2336	Bma003051.1	protein_coding	56	42	56	1319	1	7	2	5	841	0	42	0	492	45	5	1	24	0	0	17	4	0	34	0
Bma003052.1	null.2337	Bma003052.1	protein_coding	0	0	0	104	0	0	0	0	0	0	0	0	0	0	0	0	0	0	0	0	0	0	0	104
Bma003098.1	null.2376	Bma003098.1	protein_coding	28	137	136	175	1	4	0	2	0	0	13	0	56	129	1	2	16	0	0	13	0	0	132	127
Bma003110.1	null.2385	Bma003110.1	protein_coding	56	265	174	302	5	1	1	2	0	0	47	0	293	165	0	0	13	0	0	12	0	0	259	15
Bma003111.1	null.2386	Bma003111.1	protein_coding	0	0	0	1408	0	0	0	0	782	0	0	0	0	0	0	0	0	0	0	0	0	0	0	626
Bma003112.1	null.2387	Bma003112.1	protein_coding	102	147	180	202	3	12	1	16	0	0	62	0	227	168	3	8	26	0	0	51	0	0	128	5
Bma003116.1	null.2390	Bma003116.1	protein_coding	26	24	28	2275	0	0	1	3	2275	0	17	0	0	27	0	0	4	0	0	7	4	0	24	0
Bma003120.1	null.2394	Bma003120.1	protein_coding	195	345	474	2584	13	11	15	27	2332	0	162	0	290	416	7	5	38	0	0	28	3	0	319	0
Bma003121.1	null.2395	Bma003121.1	protein_coding	232	238	272	2856	11	31	13	18	2158	0	181	0	766	221	10	8	85	0	0	67	1	0	188	0
Bma003123.1	null.2397	Bma003123.1	protein_coding	30	144	105	708	1	2	2	0	708	0	18	0	0	100	0	0	3	0	0	12	2	1	143	0
Bma003233.1	null.2492	Bma003233.1	protein_coding	125	304	403	622	5	24	5	22	0	0	85	0	423	356	1	4	15	0	0	46	0	0	299	209
Bma003246.1	null.2505	Bma003246.1	protein_coding	174	193	237	1025	7	16	5	21	509	0	130	0	564	208	9	4	52	0	0	75	1	1	157	0
Bma003247.2	null.2506	Bma003247.2	protein_coding	0	0	0	1629	0	0	0	0	1629	0	0	0	0	0	0	0	0	0	0	0	0	0	0	0
Bma003264.2	null.2522	Bma003264.2	protein_coding	0	0	0	1426	0	0	0	0	0	0	0	0	0	0	0	0	0	0	0	0	0	0	0	1426
Bma003265.1	null.2523	Bma003265.1	protein_coding	175	195	307	749	5	32	2	12	168	0	115	0	624	283	5	9	44	0	0	81	1	2	164	0
Bma003284.1	null.2542	Bma003284.1	protein_coding	27	64	70	793	0	3	5	2	0	0	21	0	733	60	0	3	21	1	0	4	0	0	50	77
Bma003285.1	null.2543	Bma003285.1	protein_coding	0	0	0	954	0	0	0	0	0	0	0	0	0	0	0	0	0	0	0	0	0	0	0	954
Bma003362.1	null.2614	Bma003362.1	protein_coding	0	0	0	264	0	0	0	0	264	0	0	0	0	0	0	0	0	0	0	0	0	0	0	0
Bma003363.1	null.2615	Bma003363.1	protein_coding	116	163	186	1399	2	12	5	4	0	0	98	0	1429	168	0	9	39	0	0	20	0	0	142	0
Bma003364.1	null.2616	Bma003364.1	protein_coding	0	0	0	1864	0	0	0	0	0	0	0	0	0	0	0	0	0	0	0	0	0	0	0	1864
Bma003372.1	null.2624	Bma003372.1	protein_coding	0	0	0	1882	0	0	0	0	1882	0	0	0	0	0	0	0	0	0	0	0	0	0	0	0
Bma003373.2	null.2625	Bma003373.2	protein_coding	249	511	485	637	3	18	7	33	266	0	148	0	441	447	6	9	88	0	0	121	2	0	456	0
Bma003374.1	null.2626	Bma003374.1	protein_coding	0	0	0	1882	0	0	0	0	1882	0	0	0	0	0	0	0	0	0	0	0	0	0	0	0
Bma003421.1	null.2671	Bma003421.1	protein_coding	0	0	0	741	0	0	0	0	741	0	0	0	0	0	0	0	0	0	0	0	0	0	0	0
Bma003422.1	null.2672	Bma003422.1	protein_coding	110	174	204	253	8	12	10	2	62	0	89	0	187	180	3	3	44	6	0	21	1	0	153	31
Bma003423.1	null.2673	Bma003423.1	protein_coding	0	0	0	741	0	0	0	0	0	0	0	0	0	0	0	0	0	0	0	0	0	0	0	741
Bma003450.1	null.2698	Bma003450.1	protein_coding	141	162	243	1302	8	7	9	13	0	0	119	0	954	215	2	0	12	1	1	34	0	0	152	359
Bma003457.1	null.2705	Bma003457.1	protein_coding	80	123	170	2544	11	2	14	10	1867	0	54	0	713	139	8	6	47	0	0	12	6	0	101	0
Bma003458.1	null.2706	Bma003458.1	protein_coding	246	462	480	1727	9	11	13	25	0	0	178	0	557	433	14	12	87	0	0	77	0	0	408	1250
Bma003459.1	null.2707	Bma003459.1	protein_coding	0	0	0	1665	0	0	0	0	1665	0	0	0	0	0	0	0	0	0	0	0	0	0	0	0
Bma003479.1	null.2723	Bma003479.1	protein_coding	0	0	0	909	0	0	0	0	909	0	0	0	0	0	0	0	0	0	0	0	0	0	0	0
Bma003480.1	null.2724	Bma003480.1	protein_coding	70	232	348	260	9	0	5	4	137	0	36	2	0	331	0	0	0	2	0	33	0	0	230	123
Bma003497.1	null.2742	Bma003497.1	protein_coding	176	149	212	403	6	22	3	9	0	0	139	0	384	187	6	4	43	1	1	46	0	0	129	48
Bma003513.1	null.2758	Bma003513.1	protein_coding	0	0	0	890	0	0	0	0	0	0	0	0	0	0	0	0	0	0	0	0	0	0	0	890
Bma003514.1	null.2759	Bma003514.1	protein_coding	0	0	0	1638	0	0	0	0	748	0	0	0	0	0	0	0	0	0	0	0	0	0	0	890
Bma003515.1	null.2760	Bma003515.1	protein_coding	46	93	128	1371	1	7	1	9	0	0	42	0	504	112	1	0	40	0	0	14	0	0	71	890
Bma003516.1	null.2761	Bma003516.1	protein_coding	0	0	0	748	0	0	0	0	0	0	0	0	0	0	0	0	0	0	0	0	0	0	0	748
Bma003572.1	null.2819	Bma003572.1	protein_coding	202	229	389	907	8	8	13	21	149	0	157	0	816	352	11	7	70	0	0	46	5	2	187	0
Bma003573.1	null.2820	Bma003573.1	protein_coding	0	0	0	1727	0	0	0	0	1727	0	0	0	0	0	0	0	0	0	0	0	0	0	0	0
Bma003578.1	null.2826	Bma003578.1	protein_coding	107	559	651	315	6	8	7	10	153	0	57	1	0	626	0	0	9	3	0	45	6	3	555	162
Bma003579.1	null.2827	Bma003579.1	protein_coding	0	0	0	1630	0	0	0	0	1630	0	0	0	0	0	0	0	0	0	0	0	0	0	0	0
Bma003676.1	null.2920	Bma003676.1	protein_coding	0	0	0	1381	0	0	0	0	0	0	0	0	0	0	0	0	0	0	0	0	0	0	0	1381
Bma003677.1	null.2921	Bma003677.1	protein_coding	63	279	304	735	5	1	8	6	0	0	55	0	0	285	0	0	0	0	0	14	0	0	279	735
Bma003687.1	null.2931	Bma003687.1	protein_coding	0	0	0	395	0	0	0	0	0	0	0	0	0	0	0	0	0	0	0	0	0	0	0	395
Bma003688.1	null.2932	Bma003688.1	protein_coding	36	168	168	23	4	0	11	5	0	0	32	0	0	149	0	0	0	0	0	4	0	0	168	23
Bma003699.1	null.2944	Bma003699.1	protein_coding	0	0	0	1123	0	0	0	0	0	0	0	0	0	0	0	0	0	0	0	0	0	0	0	1123
Bma003700.1	null.2945	Bma003700.1	protein_coding	194	278	347	1823	8	24	9	4	568	0	136	0	1365	310	21	13	122	0	0	47	0	0	202	0
Bma003715.1	null.2958	Bma003715.1	protein_coding	0	0	0	1012	0	0	0	0	1012	0	0	0	0	0	0	0	0	0	0	0	0	0	0	0
Bma003716.1	null.2959	Bma003716.1	protein_coding	118	152	160	582	6	16	10	7	0	0	89	0	423	130	4	9	33	1	0	38	0	0	127	197
Bma003757.1	null.2996	Bma003757.1	protein_coding	32	23	26	1814	2	2	4	2	224	0	23	0	1596	19	2	0	14	0	0	6	5	1	18	0
Bma003758.1	null.2997	Bma003758.1	protein_coding	0	0	0	1894	0	0	0	0	1894	0	0	0	0	0	0	0	0	0	0	0	0	0	0	0
Bma003794.1	null.3030	Bma003794.1	protein_coding	0	0	0	1907	0	0	0	0	1907	0	0	0	0	0	0	0	0	0	0	0	0	0	0	0
Bma003795.1	null.3031	Bma003795.1	protein_coding	230	591	608	478	11	27	16	15	0	0	170	0	555	551	10	10	101	0	0	68	0	0	526	8
Bma003796.2	null.3032	Bma003796.2	protein_coding	0	0	0	1907	0	0	0	0	1907	0	0	0	0	0	0	0	0	0	0	0	0	0	0	0
Bma003802.1	null.3036	Bma003802.1	protein_coding	0	0	0	1115	0	0	0	0	0	0	0	0	0	0	0	0	0	0	0	0	0	0	0	1115
Bma003803.1	null.3037	Bma003803.1	protein_coding	128	153	162	672	10	13	7	3	10	0	89	0	745	139	13	17	87	0	0	35	0	1	99	0
Bma003804.1	null.3038	Bma003804.1	protein_coding	0	0	0	1115	0	0	0	0	0	0	0	0	0	0	0	0	0	0	0	0	0	0	0	1115
Bma003871.1	null.3102	Bma003871.1	protein_coding	143	205	278	2068	6	13	16	10	937	0	104	0	1193	243	13	7	80	0	0	40	5	2	161	0
Bma003872.1	null.3103	Bma003872.1	protein_coding	20	11	13	2654	0	1	3	2	238	0	13	0	251	9	5	0	21	0	0	6	5	0	5	2176
Bma003873.1	null.3104	Bma003873.1	protein_coding	0	0	0	1080	0	0	0	0	1080	0	0	0	0	0	0	0	0	0	0	0	0	0	0	0
Bma003875.2	null.3106	Bma003875.2	protein_coding	22	49	40	1111	1	1	0	0	0	0	16	0	1136	38	1	3	25	0	0	4	0	0	28	0
Bma003878.2	null.3109	Bma003878.2	protein_coding	0	0	0	1309	0	0	0	0	1309	0	0	0	0	0	0	0	0	0	0	0	0	0	0	0
Bma003879.1	null.3110	Bma003879.1	protein_coding	100	264	283	2187	2	15	5	2	0	0	75	0	183	264	2	5	39	0	0	32	0	0	236	2039
Bma003880.1	null.3111	Bma003880.1	protein_coding	86	154	186	2408	2	15	4	6	1089	0	55	0	1382	165	9	6	76	0	0	20	1	1	105	0
Bma003964.2	null.3187	Bma003964.2	protein_coding	0	0	0	1099	0	0	0	0	0	0	0	0	1099	0	0	0	0	0	0	0	0	0	0	0
Bma003997.1	null.3218	Bma003997.1	protein_coding	165	335	383	1078	7	10	10	17	378	0	117	0	755	350	10	8	73	0	0	46	2	2	296	0
Bma003998.1	null.3219	Bma003998.1	protein_coding	0	0	0	1672	0	0	0	0	1672	0	0	0	0	0	0	0	0	0	0	0	0	0	0	0
Bma004011.1	null.3230	Bma004011.1	protein_coding	0	0	0	955	0	0	0	0	955	0	0	0	0	0	0	0	0	0	0	0	0	0	0	0
Bma004012.1	null.3231	Bma004012.1	protein_coding	84	306	350	218	5	6	4	1	218	0	53	0	0	337	0	0	12	0	0	30	11	1	305	0
Bma004013.1	null.3232	Bma004013.1	protein_coding	0	0	0	955	0	0	0	0	0	0	0	0	0	0	0	0	0	0	0	0	0	0	0	955
Bma004136.1	null.3328	Bma004136.1	protein_coding	75	192	181	672	3	7	1	1	142	0	46	0	579	173	11	3	55	0	0	21	0	0	157	0
Bma004170.1	null.3346	Bma004170.1	protein_coding	0	0	0	340	0	0	0	0	340	0	0	0	0	0	0	0	0	0	0	0	0	0	0	0
Bma004171.1	null.3347	Bma004171.1	protein_coding	68	83	99	90	2	9	2	2	0	0	50	0	100	89	3	0	15	0	0	22	0	0	76	0
Bma004172.2	null.3348	Bma004172.2	protein_coding	0	0	0	340	0	0	0	0	0	0	0	0	0	0	0	0	0	0	0	0	0	0	0	340
Bma004198.1	null.3371	Bma004198.1	protein_coding	0	0	0	1238	0	0	0	0	1238	0	0	0	0	0	0	0	0	0	0	0	0	0	0	0
Bma004199.1	null.3372	Bma004199.1	protein_coding	47	228	394	586	0	1	0	1	0	0	21	1	0	393	0	0	0	2	1	25	0	0	226	586
Bma004254.1	null.3416	Bma004254.1	protein_coding	273	650	994	562	19	35	37	30	264	0	225	0	338	887	10	4	36	0	0	55	0	0	624	0
Bma004283.1	null.3441	Bma004283.1	protein_coding	139	175	166	980	7	14	3	22	296	1	90	0	773	145	12	16	97	0	0	52	1	2	111	0
Bma004284.1	null.3442	Bma004284.1	protein_coding	0	0	0	1460	0	0	0	0	0	0	0	0	0	0	0	0	0	0	0	0	0	0	0	1460
Bma004376.2	null.3515	Bma004376.2	protein_coding	184	224	178	1043	7	17	7	8	0	0	131	0	1133	149	22	10	95	0	0	40	0	0	166	0
Bma004442.1	null.3561	Bma004442.1	protein_coding	27	173	102	693	0	4	0	0	0	0	11	0	706	100	2	4	12	0	0	11	0	0	166	0
Bma004480.2	null.3588	Bma004480.2	protein_coding	185	562	697	3087	6	23	7	10	580	0	121	0	2560	656	10	6	59	0	0	55	1	1	524	0
Bma004490.1	null.3593	Bma004490.1	protein_coding	65	507	392	162	3	5	1	9	116	0	42	0	0	375	0	0	3	0	0	25	3	0	507	46
Bma004491.1	null.3594	Bma004491.1	protein_coding	0	0	0	1125	0	0	0	0	1125	0	0	0	0	0	0	0	0	0	0	0	0	0	0	0
Bma004651.1	null.3718	Bma004651.1	protein_coding	0	0	0	1443	0	0	0	0	1443	0	0	0	0	0	0	0	0	0	0	0	0	0	0	0
Bma004773.1	null.3797	Bma004773.1	protein_coding	76	86	113	922	2	20	3	3	0	0	48	0	965	97	8	8	42	0	0	32	0	0	59	0
Bma004774.1	null.3798	Bma004774.1	protein_coding	0	0	0	1197	0	0	0	0	1197	0	0	0	0	0	0	0	0	0	0	0	0	0	0	0
Bma004801.1	null.3812	Bma004801.1	protein_coding	150	398	558	490	3	29	10	14	0	0	104	0	479	514	1	6	24	0	0	57	0	0	386	30
Bma005045.1	null.3950	Bma005045.1	protein_coding	42	108	104	825	0	5	1	1	0	0	27	0	691	102	3	4	29	0	0	17	0	0	91	158
Bma005048.1	null.3952	Bma005048.1	protein_coding	37	65	98	813	0	2	2	3	0	0	21	0	831	95	2	2	26	0	0	17	0	0	51	0
Bma005146.1	null.3999	Bma005146.1	protein_coding	0	0	0	972	0	0	0	0	0	0	0	0	0	0	0	0	0	0	0	0	0	0	0	972
Bma005147.1	null.4000	Bma005147.1	protein_coding	1	0	0	971	0	0	0	0	0	0	1	0	971	0	0	0	1	0	0	0	0	0	0	0
Bma005308.1	null.4091	Bma005308.1	protein_coding	16	150	227	444	1	0	0	1	0	0	9	1	403	225	0	0	14	0	0	8	0	0	135	55
Bma005324.1	null.4101	Bma005324.1	protein_coding	37	108	69	107	0	13	0	4	0	0	22	0	135	55	8	1	25	0	0	15	0	0	89	0
Bma005435.1	null.4182	Bma005435.1	protein_coding	0	0	0	52	0	0	0	0	52	0	0	0	0	0	0	0	0	0	0	0	0	0	0	0
Bma005436.1	null.4183	Bma005436.1	protein_coding	146	207	257	276	7	11	5	32	0	0	105	0	330	223	6	13	57	0	0	53	0	0	172	0
Bma005437.1	null.4184	Bma005437.1	protein_coding	0	0	0	886	0	0	0	0	0	0	0	0	0	0	0	0	0	0	0	0	0	0	0	886
Bma005438.1	null.4185	Bma005438.1	protein_coding	0	0	0	834	0	0	0	0	834	0	0	0	0	0	0	0	0	0	0	0	0	0	0	0
Bma005473.2	null.4207	Bma005473.2	protein_coding	0	0	0	45	0	0	0	0	0	0	0	0	0	0	0	0	0	0	0	0	0	0	0	45
Bma005474.1	null.4208	Bma005474.1	protein_coding	0	0	0	1251	0	0	0	0	0	0	0	0	0	0	0	0	0	0	0	0	0	0	0	1251
Bma005475.1	null.4209	Bma005475.1	protein_coding	137	178	255	681	2	29	6	2	251	0	97	0	480	233	6	4	62	0	0	55	3	1	137	0
Bma005482.1	null.4216	Bma005482.1	protein_coding	63	75	117	1157	3	4	2	5	0	0	46	0	1199	105	7	5	46	0	0	10	0	0	45	0
Bma005510.1	null.4245	Bma005510.1	protein_coding	0	0	0	1428	0	0	0	0	1428	0	0	0	0	0	0	0	0	0	0	0	0	0	0	0
Bma005511.1	null.4246	Bma005511.1	protein_coding	122	132	130	1131	7	23	4	7	0	0	93	0	1087	101	7	10	65	0	0	34	0	0	89	104
Bma005512.1	null.4247	Bma005512.1	protein_coding	0	0	0	1515	0	0	0	0	0	0	0	0	0	0	0	0	0	0	0	0	0	0	0	1515
Bma005520.1	null.4254	Bma005520.1	protein_coding	0	0	0	1007	0	0	0	0	1007	0	0	0	0	0	0	0	0	0	0	0	0	0	0	0
Bma005521.1	null.4255	Bma005521.1	protein_coding	98	252	328	912	8	12	12	17	0	0	83	0	938	280	3	3	31	0	0	11	0	0	232	0
Bma005565.1	null.4298	Bma005565.1	protein_coding	0	0	0	918	0	0	0	0	0	0	0	0	0	0	0	0	0	0	0	0	0	0	0	918
Bma005566.1	null.4299	Bma005566.1	protein_coding	132	217	193	876	2	14	9	10	0	0	85	0	790	169	10	15	85	0	0	52	0	0	160	168
Bma005567.1	null.4300	Bma005567.1	protein_coding	0	0	0	1418	0	0	0	0	1418	0	0	0	0	0	0	0	0	0	0	0	0	0	0	0
Bma005650.1	null.4386	Bma005650.1	protein_coding	6	15	18	1995	0	0	0	0	1995	0	2	0	0	18	0	0	3	0	0	2	2	1	14	0
Bma005651.1	null.4387	Bma005651.1	protein_coding	0	0	0	2034	0	0	0	0	2034	0	0	0	0	0	0	0	0	0	0	0	0	0	0	0
Bma005660.1	null.4395	Bma005660.1	protein_coding	0	0	0	2938	0	0	0	0	2938	0	0	0	0	0	0	0	0	0	0	0	0	0	0	0
Bma005661.1	null.4396	Bma005661.1	protein_coding	426	752	992	769	16	37	33	13	216	0	343	0	425	913	8	13	107	5	0	87	4	1	685	215
Bma005662.1	null.4397	Bma005662.1	protein_coding	80	474	404	141	6	1	3	6	0	0	49	0	0	389	0	0	0	9	0	31	0	0	474	141
Bma005663.1	null.4398	Bma005663.1	protein_coding	0	0	0	1090	0	0	0	0	0	0	0	0	0	0	0	0	0	0	0	0	0	0	0	1090
Bma005682.1	null.4416	Bma005682.1	protein_coding	0	0	0	1249	0	0	0	0	0	0	0	0	0	0	0	0	0	0	0	0	0	0	0	1249
Bma005683.1	null.4417	Bma005683.1	protein_coding	0	0	0	1249	0	0	0	0	1249	0	0	0	0	0	0	0	0	0	0	0	0	0	0	0
Bma005688.1	null.4423	Bma005688.1	protein_coding	0	0	0	797	0	0	0	0	0	0	0	0	0	0	0	0	0	0	0	0	0	0	0	797
Bma005689.1	null.4424	Bma005689.1	protein_coding	0	0	0	797	0	0	0	0	0	0	0	0	0	0	0	0	0	0	0	0	0	0	0	797
Bma005699.1	null.4438	Bma005699.1	protein_coding	0	0	0	813	0	0	0	0	0	0	0	0	0	0	0	0	0	0	0	0	0	0	0	813
Bma005700.1	null.4439	Bma005700.1	protein_coding	99	203	233	278	4	9	6	17	189	0	70	1	0	208	0	0	2	2	1	30	2	0	201	89
Bma005701.1	null.4440	Bma005701.1	protein_coding	0	0	0	813	0	0	0	0	0	0	0	0	0	0	0	0	0	0	0	0	0	0	0	813
Bma005702.1	null.4441	Bma005702.1	protein_coding	87	349	520	675	4	1	4	5	631	0	62	1	0	507	0	0	1	1	1	25	1	0	347	44
Bma005703.1	null.4443	Bma005703.1	protein_coding	82	248	281	1706	3	1	2	4	0	0	48	2	0	272	0	0	0	1	1	37	0	0	245	1706
Bma005715.1	null.4457	Bma005715.1	protein_coding	102	191	300	1124	6	4	8	13	815	0	69	0	349	274	8	5	45	0	0	26	4	2	162	0
Bma005716.1	null.4458	Bma005716.1	protein_coding	0	0	0	1716	0	0	0	0	1716	0	0	0	0	0	0	0	0	0	0	0	0	0	0	0
Bma005786.1	null.4527	Bma005786.1	protein_coding	0	0	0	1468	0	0	0	0	0	0	0	0	0	0	0	0	0	0	0	0	0	0	0	1468
Bma005799.1	null.4544	Bma005799.1	protein_coding	0	0	0	1232	0	0	0	0	1232	0	0	0	0	0	0	0	0	0	0	0	0	0	0	0
Bma005800.1	null.4545	Bma005800.1	protein_coding	76	248	218	690	3	4	6	0	0	0	51	0	681	208	4	3	37	0	0	22	0	0	222	42
Bma005801.1	null.4546	Bma005801.1	protein_coding	0	0	0	1232	0	0	0	0	1232	0	0	0	0	0	0	0	0	0	0	0	0	0	0	0
Bma005802.1	null.4547	Bma005802.1	protein_coding	68	284	339	190	4	13	7	7	190	0	52	0	0	309	0	0	2	0	0	19	2	0	284	0
Bma005803.1	null.4548	Bma005803.1	protein_coding	0	0	0	880	0	0	0	0	880	0	0	0	0	0	0	0	0	0	0	0	0	0	0	0
Bma005831.1	null.4573	Bma005831.1	protein_coding	0	0	0	811	0	0	0	0	0	0	0	0	0	0	0	0	0	0	0	0	0	0	0	811
Bma005869.1	null.4615	Bma005869.1	protein_coding	0	0	0	402	0	0	0	0	0	0	0	0	0	0	0	0	0	0	0	0	0	0	0	402
Bma005870.1	null.4616	Bma005870.1	protein_coding	75	145	182	0	2	8	2	2	0	0	63	0	0	169	0	0	0	0	0	17	0	0	145	0
Bma005902.2	null.4639	Bma005902.2	protein_coding	130	186	210	611	4	14	1	9	0	0	82	0	681	197	11	9	81	0	0	39	0	0	136	0
Bma005927.1	null.4656	Bma005927.1	protein_coding	0	0	0	529	0	0	0	0	0	0	0	0	0	0	0	0	0	0	0	0	0	0	0	529
Bma005928.1	null.4657	Bma005928.1	protein_coding	50	83	99	297	1	4	4	1	0	0	40	0	325	91	1	4	31	0	0	9	0	0	60	0
Bma005962.1	null.4683	Bma005962.1	protein_coding	54	233	179	164	1	11	2	4	0	0	35	0	194	163	7	2	29	0	0	19	0	0	212	0
Bma005972.1	null.4694	Bma005972.1	protein_coding	333	523	598	1477	15	45	17	26	402	0	255	0	1199	524	13	11	143	0	0	106	4	1	422	0
Bma005975.1	null.4697	Bma005975.1	protein_coding	252	753	600	1175	13	42	17	5	0	0	182	1	1071	542	12	7	79	5	2	94	0	0	704	169
Bma005976.1	null.4698	Bma005976.1	protein_coding	11	37	52	2680	1	1	0	0	20	0	5	0	0	50	0	0	1	0	0	6	1	0	37	2660
Bma005977.1	null.4699	Bma005977.1	protein_coding	0	0	0	660	0	0	0	0	660	0	0	0	0	0	0	0	0	0	0	0	0	0	0	0
Bma005979.1	null.4701	Bma005979.1	protein_coding	0	0	0	486	0	0	0	0	0	0	0	0	0	0	0	0	0	0	0	0	0	0	0	486
Bma005980.2	null.4702	Bma005980.2	protein_coding	41	147	198	100	0	1	1	1	0	0	20	0	143	196	7	2	48	0	0	16	0	0	113	0
Bma005981.1	null.4703	Bma005981.1	protein_coding	0	0	0	82	0	0	0	0	0	0	0	0	0	0	0	0	0	0	0	0	0	0	0	82
Bma006001.1	null.4718	Bma006001.1	protein_coding	0	0	0	669	0	0	0	0	0	0	0	0	0	0	0	0	0	0	0	0	0	0	0	669
Bma006002.1	null.4720	Bma006002.1	protein_coding	0	0	0	2116	0	0	0	0	0	0	0	0	0	0	0	0	0	0	0	0	0	0	0	2116
Bma006034.1	null.4744	Bma006034.1	protein_coding	0	0	0	460	0	0	0	0	0	0	0	0	0	0	0	0	0	0	0	0	0	0	0	460
Bma006035.1	null.4745	Bma006035.1	protein_coding	213	727	1079	555	6	28	15	1	0	0	123	0	607	1047	1	10	56	0	0	103	0	0	686	0
Bma006066.1	null.4771	Bma006066.1	protein_coding	381	964	701	1048	20	44	35	11	0	0	304	0	1084	616	9	3	40	0	0	107	0	0	940	0
Bma006123.1	null.4807	Bma006123.1	protein_coding	54	161	181	611	3	3	1	4	0	0	31	0	658	174	7	9	46	0	0	11	0	0	130	0
Bma006125.1	null.4809	Bma006125.1	protein_coding	292	330	423	1698	17	13	12	35	197	0	213	0	1037	370	11	19	127	0	0	102	1	4	255	565
Bma006126.1	null.4810	Bma006126.1	protein_coding	0	0	0	2178	0	0	0	0	2178	0	0	0	0	0	0	0	0	0	0	0	0	0	0	0
Bma006156.1	null.4823	Bma006156.1	protein_coding	9	29	24	2592	0	0	0	2	0	0	4	0	2614	22	0	5	21	0	0	0	0	0	12	0
Bma006163.1	null.4829	Bma006163.1	protein_coding	0	0	0	243	0	0	0	0	243	0	0	0	0	0	0	0	0	0	0	0	0	0	0	0
Bma006164.2	null.4830	Bma006164.2	protein_coding	150	149	190	1448	6	11	11	19	0	0	118	0	1489	158	1	5	55	0	0	53	0	0	114	0
Bma006201.1	null.4851	Bma006201.1	protein_coding	64	148	144	586	2	10	3	3	61	0	43	0	576	132	11	1	56	0	0	16	0	1	108	0
Bma006240.1	null.4875	Bma006240.1	protein_coding	126	123	187	887	3	10	3	22	498	0	86	0	432	163	7	5	57	0	0	51	3	1	91	0
Bma006241.1	null.4876	Bma006241.1	protein_coding	106	163	214	1784	8	4	4	12	483	0	79	0	1343	191	10	5	47	0	0	26	2	0	136	0
Bma006288.1	null.4901	Bma006288.1	protein_coding	102	109	119	718	4	9	5	15	2	0	62	0	765	96	12	7	45	0	0	30	1	0	79	0
Bma006413.1	null.4987	Bma006413.1	protein_coding	51	81	93	639	4	5	4	4	0	0	32	0	29	83	0	4	6	0	0	21	0	0	79	616
Bma006428.1	null.4995	Bma006428.1	protein_coding	30	108	154	347	1	1	1	2	0	0	22	0	360	149	1	3	12	0	0	6	0	0	99	0
Bma006642.1	null.5107	Bma006642.1	protein_coding	92	351	335	0	4	10	8	5	0	0	70	0	0	310	0	0	0	0	0	30	0	0	351	0
Bma006764.1	null.5165	Bma006764.1	protein_coding	103	127	134	382	0	7	3	18	0	0	65	0	382	116	10	8	40	4	0	33	0	0	97	48
Bma006845.1	null.5214	Bma006845.1	protein_coding	0	0	0	845	0	0	0	0	0	0	0	0	0	0	0	0	0	0	0	0	0	0	0	845
Bma006862.1	null.5224	Bma006862.1	protein_coding	34	203	162	711	0	0	2	2	52	0	25	0	684	159	2	1	29	0	0	6	0	0	181	0
Bma006890.1	null.5241	Bma006890.1	protein_coding	145	213	255	1334	10	12	9	15	0	0	90	0	1412	223	14	16	73	0	0	45	0	0	165	0
Bma006891.1	null.5242	Bma006891.1	protein_coding	0	0	0	1327	0	0	0	0	0	0	0	0	0	0	0	0	0	0	0	0	0	0	0	1327
Bma006895.1	null.5246	Bma006895.1	protein_coding	0	0	0	899	0	0	0	0	899	0	0	0	0	0	0	0	0	0	0	0	0	0	0	0
Bma006896.1	null.5247	Bma006896.1	protein_coding	0	0	0	1621	0	0	0	0	1621	0	0	0	0	0	0	0	0	0	0	0	0	0	0	0
Bma006897.1	null.5248	Bma006897.1	protein_coding	149	438	831	204	9	35	8	3	96	0	100	0	0	790	0	0	8	2	1	46	6	0	437	108
Bma006898.1	null.5249	Bma006898.1	protein_coding	0	0	0	1621	0	0	0	0	0	0	0	0	0	0	0	0	0	0	0	0	0	0	0	1621
Bma006900.1	null.5251	Bma006900.1	protein_coding	48	116	223	157	3	1	3	6	0	0	38	0	179	213	1	3	23	0	0	20	0	0	98	0
Bma006906.1	null.5258	Bma006906.1	protein_coding	0	0	0	3165	0	0	0	0	3165	0	0	0	0	0	0	0	0	0	0	0	0	0	0	0
Bma006907.1	null.5259	Bma006907.1	protein_coding	183	258	249	2514	10	28	10	7	725	0	135	0	1852	214	14	9	66	0	0	44	1	0	218	0
Bma006908.2	null.5260	Bma006908.2	protein_coding	0	0	0	402	0	0	0	0	402	0	0	0	0	0	0	0	0	0	0	0	0	0	0	0
Bma006909.1	null.5261	Bma006909.1	protein_coding	60	155	187	0	6	5	6	2	0	0	46	0	0	168	0	0	0	0	0	15	0	0	155	0
Bma006910.1	null.5262	Bma006910.1	protein_coding	187	370	376	1666	11	25	6	6	0	0	129	0	1753	338	13	20	98	0	0	48	0	0	314	2
Bma006981.2	null.5335	Bma006981.2	protein_coding	0	0	0	1586	0	0	0	0	0	0	0	0	0	0	0	0	0	0	0	0	0	0	0	1586
Bma006982.1	null.5336	Bma006982.1	protein_coding	146	368	473	599	4	22	4	2	53	0	99	0	521	448	5	1	38	0	0	48	2	0	350	49
Bma007103.1	null.5441	Bma007103.1	protein_coding	132	284	314	1203	11	8	12	15	219	0	82	0	1036	282	11	2	64	0	0	59	2	1	244	0
Bma007104.1	null.5442	Bma007104.1	protein_coding	0	0	0	1933	0	0	0	0	1933	0	0	0	0	0	0	0	0	0	0	0	0	0	0	0
Bma007106.1	null.5443	Bma007106.1	protein_coding	92	400	626	946	11	2	3	7	0	0	42	0	772	605	0	1	15	1	0	53	0	0	388	187
Bma007107.1	null.5444	Bma007107.1	protein_coding	0	0	0	813	0	0	0	0	0	0	0	0	0	0	0	0	0	0	0	0	0	0	0	813
Bma007116.1	null.5453	Bma007116.1	protein_coding	98	180	228	1012	4	9	12	8	0	1	51	0	386	210	15	9	55	2	0	34	0	0	146	683
Bma007130.2	null.5465	Bma007130.2	protein_coding	0	0	0	2232	0	0	0	0	2232	0	0	0	0	0	0	0	0	0	0	0	0	0	0	0
Bma007131.1	null.5466	Bma007131.1	protein_coding	68	185	212	1767	2	4	7	9	0	0	44	0	1236	192	2	7	30	0	0	18	0	0	166	559
Bma007143.1	null.5477	Bma007143.1	protein_coding	28	97	82	336	3	1	3	4	0	0	21	0	352	73	0	2	15	0	0	5	0	0	83	0
Bma007542.1	null.5721	Bma007542.1	protein_coding	59	103	78	1522	2	3	2	9	0	0	39	0	1327	69	0	12	35	0	0	25	0	0	85	225
Bma007583.1	null.5735	Bma007583.1	protein_coding	4	19	13	303	1	1	0	0	303	0	3	0	0	11	0	0	0	0	0	1	0	0	19	0
Bma007651.1	null.5760	Bma007651.1	protein_coding	68	89	88	706	2	5	0	3	127	0	46	0	618	83	11	3	44	0	0	24	1	1	63	0
Bma007740.1	null.5804	Bma007740.1	protein_coding	60	716	674	947	4	0	8	6	822	0	52	0	0	657	0	0	2	1	0	11	2	0	716	125
Bma007741.1	null.5805	Bma007741.1	protein_coding	15	61	94	2226	1	1	0	0	2173	0	9	0	68	93	1	1	17	0	0	5	0	0	48	0
Bma007761.1	null.5818	Bma007761.1	protein_coding	89	395	379	600	11	2	8	7	431	0	42	0	178	353	2	1	18	0	0	46	5	0	389	0
Bma007762.1	null.5819	Bma007762.1	protein_coding	0	0	0	1457	0	0	0	0	1457	0	0	0	0	0	0	0	0	0	0	0	0	0	0	0
Bma007866.1	null.5903	Bma007866.1	protein_coding	29	79	67	492	2	1	1	1	0	0	24	0	407	63	1	3	27	0	0	3	0	0	60	108
Bma007886.1	null.5912	Bma007886.1	protein_coding	67	47	89	528	2	12	2	2	0	0	57	0	317	79	0	0	10	2	3	28	0	0	37	218
Bma007887.2	null.5913	Bma007887.2	protein_coding	181	227	191	1007	8	6	5	23	555	0	128	0	549	167	16	12	106	0	0	50	3	0	158	0
Bma007930.1	null.5940	Bma007930.1	protein_coding	106	456	593	438	15	5	11	26	0	0	70	0	0	541	0	0	0	0	1	41	0	0	455	438
Bma008019.1	null.5998	Bma008019.1	protein_coding	149	222	304	87	7	23	14	12	0	0	101	0	112	258	2	9	29	0	0	49	0	0	208	0
Bma008080.1	null.6026	Bma008080.1	protein_coding	221	668	880	951	8	19	14	5	0	0	138	0	1019	848	8	10	68	0	0	84	0	0	618	0
Bma008167.1	null.6075	Bma008167.1	protein_coding	0	0	0	2239	0	0	0	0	2239	0	0	0	0	0	0	0	0	0	0	0	0	0	0	0
Bma008168.1	null.6076	Bma008168.1	protein_coding	137	936	578	929	3	11	6	11	0	0	101	0	494	557	1	6	24	0	0	48	0	0	921	457
Bma008169.1	null.6077	Bma008169.1	protein_coding	0	0	0	2194	0	0	0	0	2194	0	0	0	0	0	0	0	0	0	0	0	0	0	0	0
Bma008170.1	null.6078	Bma008170.1	protein_coding	0	0	0	272	0	0	0	0	0	0	0	0	0	0	0	0	0	0	0	0	0	0	0	272
Bma008177.1	null.6085	Bma008177.1	protein_coding	0	0	0	302	0	0	0	0	302	0	0	0	0	0	0	0	0	0	0	0	0	0	0	0
Bma008178.2	null.6086	Bma008178.2	protein_coding	141	191	176	710	3	6	5	24	0	0	101	0	777	151	13	4	77	0	0	49	0	0	141	0
Bma008209.1	null.6109	Bma008209.1	protein_coding	0	0	0	1689	0	0	0	0	1689	0	0	0	0	0	0	0	0	0	0	0	0	0	0	0
Bma008210.1	null.6110	Bma008210.1	protein_coding	141	372	417	759	2	11	12	8	0	0	96	0	438	395	4	2	24	0	1	55	0	0	352	346
Bma008240.2	null.6135	Bma008240.2	protein_coding	341	345	372	1198	9	16	13	44	547	0	268	0	771	311	17	17	137	0	0	99	1	0	259	0
Bma008241.1	null.6136	Bma008241.1	protein_coding	0	0	0	2256	0	0	0	0	0	0	0	0	0	0	0	0	0	0	0	0	0	0	0	2256
Bma008297.1	null.6181	Bma008297.1	protein_coding	180	314	369	1163	8	9	7	10	631	0	108	0	612	348	13	14	91	0	0	69	2	0	261	0
Bma008298.1	null.6182	Bma008298.1	protein_coding	0	0	0	2026	0	0	0	0	2026	0	0	0	0	0	0	0	0	0	0	0	0	0	0	0
Bma008302.1	null.6186	Bma008302.1	protein_coding	19	57	65	178	1	11	2	4	0	0	13	0	0	49	0	0	0	1	0	6	0	0	57	178
Bma008303.2	null.6187	Bma008303.2	protein_coding	0	0	0	1533	0	0	0	0	1533	0	0	0	0	0	0	0	0	0	0	0	0	0	0	0
Bma008304.1	null.6188	Bma008304.1	protein_coding	0	0	0	161	0	0	0	0	0	0	0	0	0	0	0	0	0	0	0	0	0	0	0	161
Bma008324.1	null.6206	Bma008324.1	protein_coding	0	0	0	236	0	0	0	0	236	0	0	0	0	0	0	0	0	0	0	0	0	0	0	0
Bma008325.1	null.6207	Bma008325.1	protein_coding	22	99	79	36	0	0	2	2	0	0	9	0	65	75	4	6	30	0	0	4	0	0	80	0
Bma008327.1	null.6209	Bma008327.1	protein_coding	109	197	289	708	9	6	9	11	154	0	90	0	570	256	1	1	29	0	0	33	6	1	182	0
Bma008328.1	null.6210	Bma008328.1	protein_coding	0	0	0	1303	0	0	0	0	0	0	0	0	0	0	0	0	0	0	0	0	0	0	0	1303
Bma008381.1	null.6259	Bma008381.1	protein_coding	241	222	318	726	12	13	10	15	0	0	210	0	756	272	0	4	31	0	0	36	0	0	196	0
Bma008382.1	null.6260	Bma008382.1	protein_coding	0	0	0	1507	0	0	0	0	0	0	0	0	0	0	0	0	0	0	0	0	0	0	0	1507
Bma008387.1	null.6267	Bma008387.1	protein_coding	0	0	0	2676	0	0	0	0	2676	0	0	0	0	0	0	0	0	0	0	0	0	0	0	0
Bma008388.1	null.6268	Bma008388.1	protein_coding	165	460	604	1450	9	10	13	2	591	0	94	0	859	578	5	5	26	7	0	65	2	0	444	26
Bma008389.1	null.6269	Bma008389.1	protein_coding	0	0	0	1888	0	0	0	0	0	0	0	0	0	0	0	0	0	0	0	0	0	0	0	1888
Bma008430.1	null.6310	Bma008430.1	protein_coding	234	602	983	306	27	9	26	16	306	0	152	0	0	914	0	0	4	0	0	86	2	2	600	0
Bma008431.1	null.6311	Bma008431.1	protein_coding	0	0	0	679	0	0	0	0	0	0	0	0	0	0	0	0	0	0	0	0	0	0	0	679
Bma008432.1	null.6312	Bma008432.1	protein_coding	0	0	0	557	0	0	0	0	0	0	0	0	0	0	0	0	0	0	0	0	0	0	0	557
Bma008433.1	null.6314	Bma008433.1	protein_coding	0	0	0	557	0	0	0	0	0	0	0	0	0	0	0	0	0	0	0	0	0	0	0	557
Bma008440.1	null.6322	Bma008440.1	protein_coding	0	0	0	1844	0	0	0	0	0	0	0	0	0	0	0	0	0	0	0	0	0	0	0	1844
Bma008441.1	null.6323	Bma008441.1	protein_coding	244	202	295	1104	9	14	23	43	0	0	194	0	997	224	10	7	72	0	0	68	0	0	153	173
Bma008496.1	null.6370	Bma008496.1	protein_coding	73	123	115	482	2	1	1	13	0	1	51	0	547	101	11	7	67	0	0	13	0	0	76	0
Bma008538.1	null.6407	Bma008538.1	protein_coding	0	0	0	24	0	0	0	0	24	0	0	0	0	0	0	0	0	0	0	0	0	0	0	0
Bma008539.1	null.6408	Bma008539.1	protein_coding	0	0	0	373	0	0	0	0	373	0	0	0	0	0	0	0	0	0	0	0	0	0	0	0
Bma008540.1	null.6409	Bma008540.1	protein_coding	23	85	167	98	2	4	5	2	0	0	20	0	0	155	0	0	0	0	0	3	0	0	85	98
Bma008550.1	null.6417	Bma008550.1	protein_coding	10	23	20	472	0	3	1	0	0	0	6	0	81	17	0	3	18	0	1	2	0	0	11	405
Bma008551.1	null.6418	Bma008551.1	protein_coding	0	0	0	91	0	0	0	0	0	0	0	0	0	0	0	0	0	0	0	0	0	0	0	91
Bma008648.1	null.6510	Bma008648.1	protein_coding	0	0	0	935	0	0	0	0	935	0	0	0	0	0	0	0	0	0	0	0	0	0	0	0
Bma008649.1	null.6511	Bma008649.1	protein_coding	75	202	171	487	2	9	5	3	58	0	50	0	462	157	7	2	41	0	0	27	0	0	178	0
Bma008650.1	null.6512	Bma008650.1	protein_coding	0	0	0	935	0	0	0	0	0	0	0	0	0	0	0	0	0	0	0	0	0	0	0	935
Bma008665.1	null.6525	Bma008665.1	protein_coding	0	0	0	858	0	0	0	0	0	0	0	0	0	0	0	0	0	0	0	0	0	0	0	858
Bma008666.1	null.6526	Bma008666.1	protein_coding	103	149	200	406	2	22	2	8	87	0	76	0	351	177	5	4	37	0	0	50	1	0	126	0
Bma008667.1	null.6527	Bma008667.1	protein_coding	0	0	0	858	0	0	0	0	0	0	0	0	0	0	0	0	0	0	0	0	0	0	0	858
Bma008704.1	null.6545	Bma008704.1	protein_coding	50	94	156	657	0	4	0	6	518	0	25	0	161	153	3	7	32	0	0	27	1	1	81	0
Bma008705.1	null.6546	Bma008705.1	protein_coding	0	0	0	957	0	0	0	0	0	0	0	0	0	0	0	0	0	0	0	0	0	0	0	957
Bma008753.1	null.6589	Bma008753.1	protein_coding	0	0	0	1295	0	0	0	0	1295	0	0	0	0	0	0	0	0	0	0	0	0	0	0	0
Bma008766.1	null.6603	Bma008766.1	protein_coding	0	0	0	510	0	0	0	0	0	0	0	0	0	0	0	0	0	0	0	0	0	0	0	510
Bma008767.1	null.6604	Bma008767.1	protein_coding	325	280	330	1423	23	38	21	10	0	0	260	0	1563	262	20	26	153	0	0	58	0	0	186	0
Bma008768.1	null.6605	Bma008768.1	protein_coding	0	0	0	1058	0	0	0	0	0	0	0	0	0	0	0	0	0	0	0	0	0	0	0	1058
Bma008772.1	null.6609	Bma008772.1	protein_coding	211	225	279	1613	10	13	9	19	732	0	168	0	965	242	4	19	93	0	0	61	0	0	164	0
Bma008773.1	null.6610	Bma008773.1	protein_coding	64	307	313	376	2	1	5	5	0	0	53	0	61	300	0	2	11	0	0	10	0	0	296	328
Bma008774.1	null.6611	Bma008774.1	protein_coding	0	0	0	732	0	0	0	0	732	0	0	0	0	0	0	0	0	0	0	0	0	0	0	0
Bma008780.1	null.6617	Bma008780.1	protein_coding	353	494	611	1991	26	18	25	57	312	0	265	0	1782	515	17	9	132	0	0	133	2	0	417	0
Bma008781.1	null.6618	Bma008781.1	protein_coding	0	0	0	3261	0	0	0	0	3261	0	0	0	0	0	0	0	0	0	0	0	0	0	0	0
Bma008790.1	null.6626	Bma008790.1	protein_coding	84	192	196	572	2	4	1	18	0	0	51	0	627	182	5	7	62	0	0	42	0	0	149	0
Bma008803.1	null.6638	Bma008803.1	protein_coding	26	77	63	1022	0	0	3	4	0	0	20	0	1042	56	3	0	21	0	0	8	0	0	60	0
Bma008804.2	null.6639	Bma008804.2	protein_coding	0	0	0	1077	0	0	0	0	1077	0	0	0	0	0	0	0	0	0	0	0	0	0	0	0
Bma008833.1	null.6671	Bma008833.1	protein_coding	71	179	187	671	2	7	3	6	0	0	47	0	707	177	4	1	43	0	0	41	0	0	148	0
Bma008844.1	null.6682	Bma008844.1	protein_coding	0	0	0	593	0	0	0	0	593	0	0	0	0	0	0	0	0	0	0	0	0	0	0	0
Bma008845.2	null.6683	Bma008845.2	protein_coding	73	135	171	214	1	11	2	7	55	0	58	0	186	156	0	2	29	0	0	27	0	2	108	0
Bma008908.1	null.6751	Bma008908.1	protein_coding	0	0	0	510	0	0	0	0	0	0	0	0	0	0	0	0	0	0	0	0	0	0	0	510
Bma008909.1	null.6752	Bma008909.1	protein_coding	33	117	119	241	2	0	1	1	0	0	22	1	0	115	0	0	0	3	1	13	0	0	115	241
Bma009121.1	null.6915	Bma009121.1	protein_coding	0	0	0	1577	0	0	0	0	0	0	0	0	0	0	0	0	0	0	0	0	0	0	0	1577
Bma009122.1	null.6916	Bma009122.1	protein_coding	223	345	511	498	11	37	16	10	22	0	162	0	529	449	12	9	65	0	0	58	0	1	312	0
Bma009243.1	null.7004	Bma009243.1	protein_coding	195	390	397	1802	18	17	15	11	0	0	131	0	1960	347	27	24	168	0	0	29	0	0	283	0
Bma009292.1	null.7037	Bma009292.1	protein_coding	0	0	0	1499	0	0	0	0	1499	0	0	0	0	0	0	0	0	0	0	0	0	0	0	0
Bma009293.1	null.7038	Bma009293.1	protein_coding	19	98	95	1287	0	0	1	0	0	0	11	0	1156	94	0	1	8	0	0	7	0	0	93	137
Bma009432.1	null.7122	Bma009432.1	protein_coding	0	0	0	1273	0	0	0	0	1273	0	0	0	0	0	0	0	0	0	0	0	0	0	0	0
Bma009433.1	null.7123	Bma009433.1	protein_coding	155	115	114	889	7	9	7	18	0	0	120	0	968	90	12	14	109	0	0	58	0	0	62	0
Bma009434.1	null.7124	Bma009434.1	protein_coding	0	0	0	1192	0	0	0	0	0	0	0	0	0	0	0	0	0	0	0	0	0	0	0	1192
Bma009578.1	null.7214	Bma009578.1	protein_coding	26	23	26	594	4	2	0	1	0	1	9	0	611	23	6	4	19	0	0	13	0	0	15	0
Bma009584.1	null.7215	Bma009584.1	protein_coding	105	93	89	1184	12	8	10	7	197	0	70	0	1059	69	24	8	93	0	0	25	5	0	53	0
Bma009670.1	null.7269	Bma009670.1	protein_coding	100	108	159	514	7	7	11	5	0	0	66	0	559	138	13	5	41	0	0	25	0	0	81	0
Bma009897.1	null.7375	Bma009897.1	protein_coding	20	34	22	322	0	2	0	0	241	0	15	0	105	20	0	2	30	0	0	3	2	2	10	0
Bma009972.2	null.7427	Bma009972.2	protein_coding	123	221	302	642	1	20	7	24	0	0	80	0	701	264	7	7	63	0	0	47	0	0	176	0
Bma010128.1	null.7536	Bma010128.1	protein_coding	62	207	330	169	0	0	0	5	0	0	40	0	193	326	5	2	21	0	0	26	0	0	190	0
Bma010198.1	null.7605	Bma010198.1	protein_coding	185	172	183	553	7	9	9	21	0	0	138	0	615	154	5	11	64	0	0	75	0	0	126	0
Bma010199.1	null.7606	Bma010199.1	protein_coding	0	0	0	1093	0	0	0	0	0	0	0	0	0	0	0	0	0	0	0	0	0	0	0	1093
Bma010211.1	null.7614	Bma010211.1	protein_coding	0	0	0	607	0	0	0	0	607	0	0	0	0	0	0	0	0	0	0	0	0	0	0	0
Bma010212.1	null.7615	Bma010212.1	protein_coding	6	18	12	581	0	0	0	1	0	0	1	0	596	11	0	5	11	0	0	0	0	0	8	0
Bma010218.1	null.7621	Bma010218.1	protein_coding	0	0	0	1081	0	0	0	0	1081	0	0	0	0	0	0	0	0	0	0	0	0	0	0	0
Bma010219.1	null.7622	Bma010219.1	protein_coding	99	303	432	247	4	6	13	7	1	0	63	0	0	407	0	0	0	1	0	39	0	0	303	246
Bma010220.1	null.7623	Bma010220.1	protein_coding	0	0	0	1078	0	0	0	0	0	0	0	0	0	0	0	0	0	0	0	0	0	0	0	1078
Bma010438.1	null.7812	Bma010438.1	protein_coding	52	94	82	294	2	2	0	3	0	0	39	0	57	78	3	1	9	1	2	18	0	0	85	248
Bma010458.1	null.7830	Bma010458.1	protein_coding	0	0	0	1684	0	0	0	0	0	0	0	0	0	0	0	0	0	0	0	0	0	0	0	1684
Bma010460.1	null.7832	Bma010460.1	protein_coding	44	47	56	968	1	4	0	3	0	0	30	0	409	53	0	2	5	2	0	30	0	0	45	563
Bma010471.1	null.7848	Bma010471.1	protein_coding	58	100	102	1797	3	1	4	3	1571	0	41	0	266	92	2	10	42	0	0	10	6	1	71	0
Bma010472.2	null.7849	Bma010472.2	protein_coding	74	103	85	1792	3	4	7	11	0	0	56	1	759	67	5	3	48	2	1	16	0	0	69	1073
Bma010475.1	null.7852	Bma010475.1	protein_coding	0	0	0	626	0	0	0	0	626	0	0	0	0	0	0	0	0	0	0	0	0	0	0	0
Bma010476.1	null.7853	Bma010476.1	protein_coding	0	0	0	724	0	0	0	0	0	0	0	0	0	0	0	0	0	0	0	0	0	0	0	724
Bma010568.1	null.7942	Bma010568.1	protein_coding	0	0	0	482	0	0	0	0	0	0	0	0	0	0	0	0	0	0	0	0	0	0	0	482
Bma010569.1	null.7943	Bma010569.1	protein_coding	0	0	0	2335	0	0	0	0	2335	0	0	0	0	0	0	0	0	0	0	0	0	0	0	0
Bma010570.1	null.7944	Bma010570.1	protein_coding	212	769	806	548	4	37	4	11	37	0	123	0	588	775	4	13	96	0	0	116	2	2	707	0
Bma010590.1	null.7960	Bma010590.1	protein_coding	67	46	55	625	2	11	7	1	0	0	51	0	640	38	0	8	14	0	0	13	0	0	39	0
Bma010649.1	null.8019	Bma010649.1	protein_coding	0	0	0	1646	0	0	0	0	1646	0	0	0	0	0	0	0	0	0	0	0	0	0	0	0
Bma010650.1	null.8020	Bma010650.1	protein_coding	90	316	453	1353	6	4	10	6	566	0	42	0	707	433	2	7	22	1	0	48	0	0	298	107
Bma010651.1	null.8021	Bma010651.1	protein_coding	18	206	128	903	0	5	1	1	881	0	18	0	26	121	0	0	12	0	0	2	0	0	202	0
Bma010666.1	null.8034	Bma010666.1	protein_coding	44	202	301	367	7	2	5	2	367	0	34	0	0	285	0	0	3	0	0	10	1	2	200	0
Bma010668.1	null.8036	Bma010668.1	protein_coding	37	17	18	892	2	8	2	2	0	0	28	0	321	11	0	2	8	5	0	12	0	0	13	577
Bma010669.1	null.8037	Bma010669.1	protein_coding	0	0	0	961	0	0	0	0	0	0	0	0	0	0	0	0	0	0	0	0	0	0	0	961
Bma010728.1	null.8086	Bma010728.1	protein_coding	159	244	232	1002	4	8	5	6	0	0	112	0	721	216	17	17	106	2	0	30	0	0	176	383
Bma010781.1	null.8142	Bma010781.1	protein_coding	56	263	207	410	1	1	4	5	148	0	31	0	278	197	2	4	20	0	0	24	1	1	252	0
Bma010782.1	null.8143	Bma010782.1	protein_coding	0	0	0	936	0	0	0	0	936	0	0	0	0	0	0	0	0	0	0	0	0	0	0	0
Bma010830.1	null.8183	Bma010830.1	protein_coding	209	200	285	1130	7	36	5	8	397	1	148	0	814	246	10	13	100	0	0	78	1	0	141	0
Bma010831.1	null.8184	Bma010831.1	protein_coding	0	0	0	737	0	0	0	0	737	0	0	0	0	0	0	0	0	0	0	0	0	0	0	0
Bma010837.1	null.8190	Bma010837.1	protein_coding	0	0	0	490	0	0	0	0	0	0	0	0	0	0	0	0	0	0	0	0	0	0	0	490
Bma010838.1	null.8191	Bma010838.1	protein_coding	0	0	0	880	0	0	0	0	0	0	0	0	0	0	0	0	0	0	0	0	0	0	0	880
Bma010839.1	null.8192	Bma010839.1	protein_coding	87	70	128	598	10	9	3	2	314	0	69	0	298	109	5	1	24	0	0	17	5	1	61	0
Bma010878.1	null.8228	Bma010878.1	protein_coding	0	0	0	1715	0	0	0	0	0	0	0	0	0	0	0	0	0	0	0	0	0	0	0	1715
Bma010879.2	null.8229	Bma010879.2	protein_coding	208	321	439	751	9	12	9	5	97	0	167	0	737	407	7	9	104	0	0	42	8	3	251	0
Bma010896.2	null.8247	Bma010896.2	protein_coding	0	0	0	1303	0	0	0	0	0	0	0	0	0	0	0	0	0	0	0	0	0	0	0	1303
Bma010897.1	null.8248	Bma010897.1	protein_coding	0	0	0	1305	0	0	0	0	0	0	0	0	0	0	0	0	0	0	0	0	0	0	0	1305
Bma010904.1	null.8255	Bma010904.1	protein_coding	0	0	0	263	0	0	0	0	0	0	0	0	0	0	0	0	0	0	0	0	0	0	0	263
Bma010905.1	null.8256	Bma010905.1	protein_coding	76	66	80	288	5	10	7	2	0	0	55	0	142	67	2	14	28	2	0	18	0	0	54	174
Bma010907.1	null.8257	Bma010907.1	protein_coding	9	50	42	630	1	0	0	0	0	0	3	0	643	41	1	2	11	0	0	3	0	0	40	0
Bma010961.1	null.8312	Bma010961.1	protein_coding	0	0	0	944	0	0	0	0	944	0	0	0	0	0	0	0	0	0	0	0	0	0	0	0
Bma010962.1	null.8313	Bma010962.1	protein_coding	0	0	0	944	0	0	0	0	944	0	0	0	0	0	0	0	0	0	0	0	0	0	0	0
Bma010963.1	null.8316	Bma010963.1	protein_coding	184	322	371	1243	7	22	3	3	0	0	124	0	1317	346	12	9	83	0	0	66	0	0	269	0
Bma010977.1	null.8329	Bma010977.1	protein_coding	171	178	271	551	8	10	7	17	0	0	129	0	567	234	11	12	63	0	0	40	0	0	141	44
Bma010990.1	null.8341	Bma010990.1	protein_coding	0	0	0	3105	0	0	0	0	0	0	0	0	0	0	0	0	0	0	0	0	0	0	0	3105
Bma010991.1	null.8342	Bma010991.1	protein_coding	0	0	0	2156	0	0	0	0	0	0	0	0	0	0	0	0	0	0	0	0	0	0	0	2156
Bma010992.1	null.8343	Bma010992.1	protein_coding	0	0	0	1046	0	0	0	0	1046	0	0	0	0	0	0	0	0	0	0	0	0	0	0	0
Bma011037.1	null.8381	Bma011037.1	protein_coding	0	0	0	684	0	0	0	0	684	0	0	0	0	0	0	0	0	0	0	0	0	0	0	0
Bma011038.1	null.8382	Bma011038.1	protein_coding	39	83	109	453	2	1	4	6	0	0	32	0	478	98	2	1	37	0	0	8	0	0	61	0
Bma011044.1	null.8386	Bma011044.1	protein_coding	0	0	0	1100	0	0	0	0	1100	0	0	0	0	0	0	0	0	0	0	0	0	0	0	0
Bma011045.1	null.8387	Bma011045.1	protein_coding	156	199	235	861	8	18	8	10	336	0	118	0	580	207	9	7	64	0	0	56	0	0	160	0
Bma011067.1	null.8406	Bma011067.1	protein_coding	0	0	0	1153	0	0	0	0	1153	0	0	0	0	0	0	0	0	0	0	0	0	0	0	0
Bma011068.1	null.8407	Bma011068.1	protein_coding	166	580	693	917	8	28	10	5	0	0	102	0	921	647	3	11	38	1	1	60	0	0	560	29
Bma011069.2	null.8408	Bma011069.2	protein_coding	0	0	0	1922	0	0	0	0	0	0	0	0	0	0	0	0	0	0	0	0	0	0	0	1922
Bma011098.1	null.8434	Bma011098.1	protein_coding	74	110	110	876	10	4	7	5	228	0	47	0	691	91	8	4	56	0	0	24	4	1	78	0
Bma011110.2	null.8443	Bma011110.2	protein_coding	35	85	102	157	0	6	1	0	0	0	20	0	190	97	2	6	41	0	0	12	0	0	60	0
Bma011197.1	null.8511	Bma011197.1	protein_coding	1	10	20	244	0	0	0	0	0	0	0	0	0	20	0	0	0	0	0	1	0	0	10	244
Bma011198.1	null.8512	Bma011198.1	protein_coding	0	0	0	275	0	0	0	0	275	0	0	0	0	0	0	0	0	0	0	0	0	0	0	0
Bma011236.1	null.8547	Bma011236.1	protein_coding	109	147	127	739	5	23	2	8	0	0	67	0	788	107	10	8	50	0	0	41	0	0	116	0
Bma011237.1	null.8548	Bma011237.1	protein_coding	0	0	0	1529	0	0	0	0	0	0	0	0	0	0	0	0	0	0	0	0	0	0	0	1529
Bma011238.1	null.8549	Bma011238.1	protein_coding	95	120	139	1177	3	17	0	6	228	0	64	0	993	126	11	5	59	0	0	31	4	1	91	0
Bma011272.1	null.8578	Bma011272.1	protein_coding	0	0	0	1380	0	0	0	0	1380	0	0	0	0	0	0	0	0	0	0	0	0	0	0	0
Bma011273.1	null.8579	Bma011273.1	protein_coding	98	93	101	1132	4	4	5	19	0	0	83	0	805	76	2	2	25	0	0	37	0	0	74	350
Bma011285.1	null.8591	Bma011285.1	protein_coding	127	502	842	295	12	11	10	16	215	0	87	0	0	796	0	0	0	2	0	42	0	0	502	80
Bma011286.1	null.8592	Bma011286.1	protein_coding	0	0	0	1766	0	0	0	0	1766	0	0	0	0	0	0	0	0	0	0	0	0	0	0	0
Bma011324.1	null.8626	Bma011324.1	protein_coding	0	0	0	1121	0	0	0	0	0	0	0	0	0	0	0	0	0	0	0	0	0	0	0	1121
Bma011325.2	null.8627	Bma011325.2	protein_coding	36	32	41	1012	7	1	6	3	0	0	31	0	971	25	1	5	13	0	0	2	0	0	23	56
Bma011347.1	null.8645	Bma011347.1	protein_coding	0	0	0	674	0	0	0	0	0	0	0	0	0	0	0	0	0	0	0	0	0	0	0	674
Bma011348.1	null.8646	Bma011348.1	protein_coding	18	65	44	547	1	2	0	1	0	0	12	0	548	40	1	1	18	0	0	6	0	0	51	15
Bma011379.1	null.8677	Bma011379.1	protein_coding	0	0	0	1257	0	0	0	0	0	0	0	0	1257	0	0	0	0	0	0	0	0	0	0	0
Bma011393.1	null.8690	Bma011393.1	protein_coding	44	304	251	720	1	3	1	0	0	0	19	0	736	249	0	4	14	0	0	23	0	0	292	0
Bma011394.1	null.8691	Bma011394.1	protein_coding	260	284	309	3153	15	14	8	30	702	0	182	0	1239	259	21	21	114	0	0	68	6	0	219	1319
Bma011396.1	null.8692	Bma011396.1	protein_coding	0	0	0	122	0	0	0	0	122	0	0	0	0	0	0	0	0	0	0	0	0	0	0	0
Bma011397.1	null.8693	Bma011397.1	protein_coding	140	444	412	108	1	11	4	21	0	0	96	0	132	389	2	4	27	0	0	59	0	0	426	0
Bma011398.1	null.8695	Bma011398.1	protein_coding	0	0	0	2469	0	0	0	0	2469	0	0	0	0	0	0	0	0	0	0	0	0	0	0	0
Bma011399.1	null.8696	Bma011399.1	protein_coding	283	240	352	3070	24	35	16	14	1737	0	216	0	1436	285	17	14	121	0	0	85	4	1	167	0
Bma011444.1	null.8733	Bma011444.1	protein_coding	123	194	234	1243	11	2	4	14	0	0	89	0	1115	210	8	8	63	3	0	30	0	0	157	181
Bma011445.2	null.8734	Bma011445.2	protein_coding	0	0	0	684	0	0	0	0	684	0	0	0	0	0	0	0	0	0	0	0	0	0	0	0
Bma011447.1	null.8735	Bma011447.1	protein_coding	108	427	473	928	8	5	7	13	0	0	74	0	385	446	4	8	53	1	0	37	0	0	392	590
Bma011448.1	null.8736	Bma011448.1	protein_coding	0	0	0	1936	0	0	0	0	1936	0	0	0	0	0	0	0	0	0	0	0	0	0	0	0
Bma011452.1	null.8739	Bma011452.1	protein_coding	65	63	54	1104	2	8	3	7	0	0	53	0	1007	41	1	1	30	4	0	24	0	0	48	114
Bma011453.1	null.8740	Bma011453.1	protein_coding	0	0	0	1283	0	0	0	0	0	0	0	0	0	0	0	0	0	0	0	0	0	0	0	1283
Bma011454.1	null.8741	Bma011454.1	protein_coding	0	0	0	1	0	0	0	0	1	0	0	0	0	0	0	0	0	0	0	0	0	0	0	0
Bma011455.1	null.8743	Bma011455.1	protein_coding	44	121	116	623	2	0	1	0	0	0	25	0	637	114	3	0	18	0	0	17	0	0	110	0
Bma011456.1	null.8744	Bma011456.1	protein_coding	0	0	0	904	0	0	0	0	904	0	0	0	0	0	0	0	0	0	0	0	0	0	0	0
Bma011518.1	null.8797	Bma011518.1	protein_coding	69	234	180	956	3	14	5	1	0	0	46	0	1027	165	13	5	65	0	0	16	0	0	181	0
Bma011543.1	null.8820	Bma011543.1	protein_coding	0	0	0	962	0	0	0	0	962	0	0	0	0	0	0	0	0	0	0	0	0	0	0	0
Bma011544.2	null.8821	Bma011544.2	protein_coding	60	39	26	837	1	5	2	6	0	0	51	0	869	16	1	7	34	0	0	11	0	0	15	0
Bma011585.1	null.8861	Bma011585.1	protein_coding	0	0	0	1197	0	0	0	0	0	0	0	0	0	0	0	0	0	0	0	0	0	0	0	1197
Bma011586.1	null.8862	Bma011586.1	protein_coding	152	390	307	348	6	25	6	17	0	0	96	0	413	268	3	11	75	0	0	65	0	0	339	0
Bma011627.1	null.8894	Bma011627.1	protein_coding	31	82	154	614	0	2	0	2	549	0	17	0	70	150	1	0	7	0	0	14	0	0	78	0
Bma011628.1	null.8895	Bma011628.1	protein_coding	17	41	55	503	0	2	0	2	503	0	12	0	0	52	0	0	2	0	0	5	2	0	41	0
Bma011629.1	null.8896	Bma011629.1	protein_coding	0	0	0	616	0	0	0	0	616	0	0	0	0	0	0	0	0	0	0	0	0	0	0	0
Bma011635.1	null.8901	Bma011635.1	protein_coding	11	30	14	750	0	0	0	0	0	0	4	1	738	14	0	6	12	1	0	0	0	0	20	27
Bma011636.1	null.8902	Bma011636.1	protein_coding	0	0	0	805	0	0	0	0	0	0	0	0	0	0	0	0	0	0	0	0	0	0	0	805
Bma011712.2	null.8945	Bma011712.2	protein_coding	168	253	246	1190	1	9	6	26	182	0	108	0	1101	222	9	12	113	0	0	77	5	1	180	0
Bma011713.1	null.8946	Bma011713.1	protein_coding	0	0	0	1376	0	0	0	0	0	0	0	0	0	0	0	0	0	0	0	0	0	0	0	1376
Bma011739.1	null.8960	Bma011739.1	protein_coding	135	189	172	1605	5	6	16	11	0	0	99	0	1677	146	8	15	83	0	0	24	0	0	140	0
Bma011859.1	null.9049	Bma011859.1	protein_coding	222	317	340	1297	12	9	9	19	468	0	154	0	963	300	32	12	152	0	0	75	3	2	225	0
Bma011887.1	null.9064	Bma011887.1	protein_coding	222	293	260	2239	19	33	13	9	0	0	157	0	2351	207	18	16	124	0	0	49	0	0	214	0
Bma011974.1	null.9125	Bma011974.1	protein_coding	15	259	117	391	1	2	3	1	156	0	14	0	0	110	0	0	0	0	0	2	0	0	259	235
Bma011975.1	null.9126	Bma011975.1	protein_coding	0	0	0	782	0	0	0	0	782	0	0	0	0	0	0	0	0	0	0	0	0	0	0	0
Bma012026.1	null.9165	Bma012026.1	protein_coding	108	147	143	2848	8	4	2	7	2266	0	72	0	647	132	18	10	73	0	0	25	1	0	110	0
Bma012027.1	null.9166	Bma012027.1	protein_coding	128	227	307	2705	8	25	8	9	1494	0	99	0	1234	262	2	1	27	0	0	37	1	0	207	0
Bma012048.1	null.9177	Bma012048.1	protein_coding	49	78	78	266	3	1	1	10	0	0	25	0	301	71	7	3	40	0	0	29	0	0	53	0
Bma012065.1	null.9193	Bma012065.1	protein_coding	0	0	0	1257	0	0	0	0	1257	0	0	0	0	0	0	0	0	0	0	0	0	0	0	0
Bma012066.1	null.9195	Bma012066.1	protein_coding	0	0	0	1748	0	0	0	0	0	0	0	0	0	0	0	0	0	0	0	0	0	0	0	1748
Bma012088.1	null.9211	Bma012088.1	protein_coding	39	91	103	1322	4	6	1	3	700	0	17	0	638	96	1	7	21	0	0	17	2	1	82	0
Bma012143.1	null.9256	Bma012143.1	protein_coding	0	0	0	1621	0	0	0	0	0	0	0	0	0	0	0	0	0	0	0	0	0	0	0	1621
Bma012144.1	null.9257	Bma012144.1	protein_coding	79	333	627	1355	6	14	14	5	316	0	67	0	279	589	1	1	18	0	0	14	1	1	321	773
Bma012145.1	null.9258	Bma012145.1	protein_coding	50	56	61	608	4	8	2	1	411	0	30	0	216	55	4	4	27	0	0	19	2	0	45	0
Bma012214.1	null.9320	Bma012214.1	protein_coding	29	94	58	1299	0	1	0	0	339	1	21	0	1005	57	4	2	63	0	0	3	2	3	52	0
Bma012215.2	null.9321	Bma012215.2	protein_coding	0	0	0	1886	0	0	0	0	407	0	0	0	0	0	0	0	0	0	0	0	0	0	0	1479
Bma012216.1	null.9322	Bma012216.1	protein_coding	137	177	219	1328	3	19	5	8	0	0	88	0	1315	194	12	13	67	2	0	47	0	0	134	81
Bma012217.1	null.9323	Bma012217.1	protein_coding	0	0	0	1861	0	0	0	0	1861	0	0	0	0	0	0	0	0	0	0	0	0	0	0	0
Bma012289.1	null.9377	Bma012289.1	protein_coding	78	211	255	916	4	9	3	1	113	0	52	0	856	240	12	2	62	0	0	17	1	1	171	0
Bma012383.1	null.9435	Bma012383.1	protein_coding	3	2	0	562	0	0	0	0	0	0	0	0	567	0	0	3	2	0	0	0	0	0	0	0
Bma012445.1	null.9478	Bma012445.1	protein_coding	77	386	325	0	3	8	3	13	0	0	74	0	0	298	0	0	0	0	0	4	0	0	386	0
Bma012446.1	null.9479	Bma012446.1	protein_coding	0	0	0	788	0	0	0	0	0	0	0	0	0	0	0	0	0	0	0	0	0	0	0	788
Bma012580.1	null.9587	Bma012580.1	protein_coding	177	188	205	1043	15	19	9	2	0	0	136	0	1118	170	16	11	87	0	0	25	0	0	140	0
Bma012581.1	null.9588	Bma012581.1	protein_coding	0	0	0	1613	0	0	0	0	0	0	0	0	0	0	0	0	0	0	0	0	0	0	0	1613
Bma012621.1	null.9625	Bma012621.1	protein_coding	21	40	36	210	0	4	0	5	0	0	17	0	216	30	0	0	14	0	0	14	0	0	34	0
Bma012692.1	null.9686	Bma012692.1	protein_coding	119	102	122	1081	5	10	4	0	0	0	95	0	876	107	1	11	34	3	1	15	0	0	86	232
Bma012708.1	null.9699	Bma012708.1	protein_coding	185	464	596	3029	21	4	15	13	0	0	144	0	1722	545	2	0	18	2	0	54	0	0	454	1319
Bma012723.1	null.9712	Bma012723.1	protein_coding	60	314	294	592	5	9	5	3	0	0	33	0	558	273	1	1	13	3	1	22	0	0	306	43
Bma012836.1	null.9809	Bma012836.1	protein_coding	0	0	0	1288	0	0	0	0	0	0	0	0	0	0	0	0	0	0	0	0	0	0	0	1288
Bma012837.1	null.9810	Bma012837.1	protein_coding	97	92	174	927	9	25	6	4	340	0	72	0	611	141	0	6	36	0	0	24	3	1	73	0
Bma012838.1	null.9811	Bma012838.1	protein_coding	0	0	0	1288	0	0	0	0	0	0	0	0	0	0	0	0	0	0	0	0	0	0	0	1288
Bma012850.1	null.9821	Bma012850.1	protein_coding	10	45	72	1297	0	1	0	1	0	0	5	0	446	70	0	1	6	0	2	5	0	0	38	857
Bma012878.1	null.9850	Bma012878.1	protein_coding	0	0	0	2792	0	0	0	0	2792	0	0	0	0	0	0	0	0	0	0	0	0	0	0	0
Bma012879.1	null.9851	Bma012879.1	protein_coding	410	416	588	1378	11	48	21	19	315	0	339	0	1126	507	6	11	81	0	0	100	1	3	367	0
Bma012924.1	null.9894	Bma012924.1	protein_coding	0	0	0	44	0	0	0	0	44	0	0	0	0	0	0	0	0	0	0	0	0	0	0	0
Bma012925.1	null.9895	Bma012925.1	protein_coding	0	0	0	337	0	0	0	0	337	0	0	0	0	0	0	0	0	0	0	0	0	0	0	0
Bma012926.1	null.9896	Bma012926.1	protein_coding	0	9	7	321	0	0	0	0	321	0	0	0	0	7	0	0	1	0	0	0	0	1	8	0
Bma012931.1	null.9900	Bma012931.1	protein_coding	0	0	0	2257	0	0	0	0	2257	0	0	0	0	0	0	0	0	0	0	0	0	0	0	0
Bma012932.1	null.9901	Bma012932.1	protein_coding	41	153	231	1832	2	2	1	0	1666	0	15	0	0	226	0	0	1	1	1	24	1	0	152	166
Bma012939.1	null.9906	Bma012939.1	protein_coding	317	564	715	1726	11	30	4	51	0	0	195	0	1545	665	18	21	129	0	0	145	0	0	487	297
Bma012985.1	null.9938	Bma012985.1	protein_coding	0	0	0	2284	0	0	0	0	2284	0	0	0	0	0	0	0	0	0	0	0	0	0	0	0
Bma012986.2	null.9939	Bma012986.2	protein_coding	106	200	168	1810	5	5	10	12	0	0	76	0	824	148	0	9	41	0	0	30	0	0	180	1015
Bma012999.1	null.9952	Bma012999.1	protein_coding	0	0	0	688	0	0	0	0	688	0	0	0	0	0	0	0	0	0	0	0	0	0	0	0
Bma013000.3	null.9953	Bma013000.3	protein_coding	102	126	159	301	4	17	6	4	0	0	75	0	346	134	5	12	54	0	0	19	0	0	98	0
Bma013040.1	null.9989	Bma013040.1	protein_coding	0	0	0	1437	0	0	0	0	1437	0	0	0	0	0	0	0	0	0	0	0	0	0	0	0
Bma013041.1	null.9990	Bma013041.1	protein_coding	158	341	366	652	2	13	6	2	0	0	122	0	697	345	7	1	47	0	0	32	0	0	304	0
Bma013042.1	null.9991	Bma013042.1	protein_coding	0	0	0	1223	0	0	0	0	0	0	0	0	0	0	0	0	0	0	0	0	0	0	0	1223
Bma013044.2	null.9993	Bma013044.2	protein_coding	0	0	0	1013	0	0	0	0	1013	0	0	0	0	0	0	0	0	0	0	0	0	0	0	0
Bma013045.1	null.9994	Bma013045.1	protein_coding	186	498	824	1811	4	11	5	7	0	0	122	0	1386	801	2	6	51	1	1	63	0	0	460	470
Bma013046.1	null.9995	Bma013046.1	protein_coding	0	0	0	3429	0	0	0	0	2541	0	0	0	0	0	0	0	0	0	0	0	0	0	0	888
Bma013047.2	null.9996	Bma013047.2	protein_coding	143	184	228	1349	7	22	10	10	0	0	121	0	1415	185	7	9	85	0	0	26	0	0	126	8
Bma013054.1	null.10002	Bma013054.1	protein_coding	41	85	96	553	1	4	2	1	0	0	29	0	566	89	7	0	19	0	0	13	0	0	79	0
Bma013055.2	null.10003	Bma013055.2	protein_coding	0	0	0	775	0	0	0	0	0	0	0	0	0	0	0	0	0	0	0	0	0	0	0	775
Bma013073.2	null.10020	Bma013073.2	protein_coding	29	125	151	1801	6	4	3	0	0	0	13	0	1315	143	0	8	17	0	0	16	0	0	118	501
Bma013074.1	null.10021	Bma013074.1	protein_coding	0	0	0	40	0	0	0	0	40	0	0	0	0	0	0	0	0	0	0	0	0	0	0	0
Bma013104.1	null.10048	Bma013104.1	protein_coding	0	0	0	1494	0	0	0	0	0	0	0	0	0	0	0	0	0	0	0	0	0	0	0	1494
Bma013105.1	null.10049	Bma013105.1	protein_coding	0	0	0	1494	0	0	0	0	0	0	0	0	0	0	0	0	0	0	0	0	0	0	0	1494
Bma013106.2	null.10050	Bma013106.2	protein_coding	75	404	304	711	4	6	3	0	94	0	48	0	254	291	0	1	16	2	0	21	7	1	397	370
Bma013107.1	null.10051	Bma013107.1	protein_coding	0	0	0	1797	0	0	0	0	78	0	0	0	0	0	0	0	0	0	0	0	0	0	0	1719
Bma013108.3	null.10052	Bma013108.3	protein_coding	200	169	246	1527	15	32	7	3	741	0	155	0	835	208	10	11	61	0	0	61	3	0	141	0
Bma013124.1	null.10067	Bma013124.1	protein_coding	328	309	309	1140	16	22	24	43	0	1	257	0	1283	222	38	23	156	0	0	50	1	0	226	0
Bma013125.1	null.10068	Bma013125.1	protein_coding	0	0	0	2086	0	0	0	0	0	0	0	0	0	0	0	0	0	0	0	0	0	0	0	2086
Bma013137.2	null.10078	Bma013137.2	protein_coding	0	0	0	998	0	0	0	0	0	0	0	0	0	0	0	0	0	0	0	0	0	0	0	998
Bma013138.1	null.10080	Bma013138.1	protein_coding	54	197	223	524	4	6	6	12	0	0	34	0	579	199	4	7	71	1	0	12	0	0	143	10
Bma013147.1	null.10088	Bma013147.1	protein_coding	24	26	37	583	1	0	1	1	0	0	22	0	522	35	0	0	6	0	0	4	0	0	23	64
Bma013193.1	null.10131	Bma013193.1	protein_coding	0	0	0	788	0	0	0	0	788	0	0	0	0	0	0	0	0	0	0	0	0	0	0	0
Bma013194.1	null.10132	Bma013194.1	protein_coding	139	236	217	196	3	4	2	18	0	0	105	0	249	194	8	14	50	0	0	23	0	0	205	0
Bma013195.1	null.10133	Bma013195.1	protein_coding	0	0	0	788	0	0	0	0	0	0	0	0	0	0	0	0	0	0	0	0	0	0	0	788
Bma013208.1	null.10146	Bma013208.1	protein_coding	55	102	99	1350	3	4	0	2	0	0	38	0	1401	90	3	8	54	0	0	8	0	0	62	0
Bma013209.1	null.10147	Bma013209.1	protein_coding	0	0	0	1606	0	0	0	0	0	0	0	0	0	0	0	0	0	0	0	0	0	0	0	1606
Bma013231.1	null.10167	Bma013231.1	protein_coding	46	76	42	438	3	3	1	6	0	0	31	0	308	38	3	4	40	5	1	18	0	0	44	168
Bma013232.1	null.10168	Bma013232.1	protein_coding	0	0	0	599	0	0	0	0	599	0	0	0	0	0	0	0	0	0	0	0	0	0	0	0
Bma013240.1	null.10178	Bma013240.1	protein_coding	0	0	0	1218	0	0	0	0	1218	0	0	0	0	0	0	0	0	0	0	0	0	0	0	0
Bma013241.1	null.10180	Bma013241.1	protein_coding	0	0	0	1833	0	0	0	0	1833	0	0	0	0	0	0	0	0	0	0	0	0	0	0	0
Bma013242.3	null.10181	Bma013242.3	protein_coding	115	261	361	1096	4	15	6	7	0	0	67	0	623	337	3	5	29	2	0	53	0	0	238	504
Bma013257.1	null.10201	Bma013257.1	protein_coding	88	142	167	1949	3	7	1	0	299	0	55	0	1673	159	5	2	31	0	0	27	6	1	125	0
Bma013286.1	null.10232	Bma013286.1	protein_coding	0	0	0	2244	0	0	0	0	2244	0	0	0	0	0	0	0	0	0	0	0	0	0	0	0
Bma013287.1	null.10233	Bma013287.1	protein_coding	114	142	128	1861	7	15	5	4	351	0	89	0	1556	103	14	4	58	0	0	26	3	2	112	0
Bma013332.1	null.10275	Bma013332.1	protein_coding	0	0	0	1447	0	0	0	0	0	0	0	0	0	0	0	0	0	0	0	0	0	0	0	1447
Bma013333.1	null.10276	Bma013333.1	protein_coding	7	14	9	1417	0	1	0	0	1406	0	5	0	12	8	0	0	6	0	0	1	2	1	12	0
Bma013335.1	null.10278	Bma013335.1	protein_coding	0	0	0	1108	0	0	0	0	0	0	0	0	0	0	0	0	0	0	0	0	0	0	0	1108
Bma013336.1	null.10280	Bma013336.1	protein_coding	0	0	0	310	0	0	0	0	310	0	0	0	0	0	0	0	0	0	0	0	0	0	0	0
Bma013357.1	null.10308	Bma013357.1	protein_coding	60	337	562	0	12	3	13	7	0	0	59	0	0	527	0	0	0	0	0	4	0	0	337	0
Bma013358.1	null.10309	Bma013358.1	protein_coding	0	0	0	959	0	0	0	0	959	0	0	0	0	0	0	0	0	0	0	0	0	0	0	0
Bma013391.1	null.10339	Bma013391.1	protein_coding	359	907	988	1966	19	22	24	41	458	0	214	0	1670	906	33	23	168	0	0	136	0	0	801	0
Bma013392.1	null.10340	Bma013392.1	protein_coding	0	0	0	3678	0	0	0	0	3678	0	0	0	0	0	0	0	0	0	0	0	0	0	0	0
Bma013420.1	null.10368	Bma013420.1	protein_coding	160	309	399	1040	5	19	10	8	0	0	109	0	1098	365	8	13	87	0	1	48	0	0	254	17
Bma013421.1	null.10369	Bma013421.1	protein_coding	0	0	0	1908	0	0	0	0	1908	0	0	0	0	0	0	0	0	0	0	0	0	0	0	0
Bma013429.1	null.10377	Bma013429.1	protein_coding	0	0	0	769	0	0	0	0	769	0	0	0	0	0	0	0	0	0	0	0	0	0	0	0
Bma013430.1	null.10378	Bma013430.1	protein_coding	80	203	208	279	5	12	4	3	250	0	56	0	0	186	0	0	4	0	0	22	3	0	203	29
Bma013455.1	null.10407	Bma013455.1	protein_coding	0	0	0	1836	0	0	0	0	0	0	0	0	0	0	0	0	0	0	0	0	0	0	0	1836
Bma013456.1	null.10408	Bma013456.1	protein_coding	107	539	489	1510	7	3	5	2	1499	0	65	0	0	472	0	0	5	0	0	45	3	2	537	11
Bma013464.1	null.10419	Bma013464.1	protein_coding	3	2	7	489	0	0	0	0	0	0	0	0	494	7	3	0	2	0	0	0	0	0	0	0
Bma013473.1	null.10429	Bma013473.1	protein_coding	0	0	0	1042	0	0	0	0	0	0	0	0	0	0	0	0	0	0	0	0	0	0	0	1042
Bma013474.3	null.10430	Bma013474.3	protein_coding	179	462	554	1134	10	13	10	14	0	0	111	0	1236	517	11	21	132	3	0	60	0	0	391	1
Bma013475.1	null.10431	Bma013475.1	protein_coding	0	0	0	366	0	0	0	0	366	0	0	0	0	0	0	0	0	0	0	0	0	0	0	0
Bma013492.1	null.10448	Bma013492.1	protein_coding	36	176	159	4	1	2	1	1	0	0	23	0	0	154	0	0	0	1	0	14	0	0	176	4
Bma013534.1	null.10487	Bma013534.1	protein_coding	0	0	0	215	0	0	0	0	215	0	0	0	0	0	0	0	0	0	0	0	0	0	0	0
Bma013535.2	null.10488	Bma013535.2	protein_coding	12	61	50	92	1	0	0	1	0	0	7	0	110	48	0	3	18	0	0	3	0	0	46	0
Bma013673.1	null.10585	Bma013673.1	protein_coding	0	0	0	2033	0	0	0	0	0	0	0	0	2033	0	0	0	0	0	0	0	0	0	0	0
Bma013809.1	null.10666	Bma013809.1	protein_coding	40	98	139	373	2	2	3	8	0	0	23	0	379	124	4	0	7	0	0	17	0	0	96	0
Bma013810.1	null.10667	Bma013810.1	protein_coding	78	117	149	1683	7	4	5	7	0	0	65	0	1056	131	3	1	41	0	0	22	0	0	98	650
Bma013811.1	null.10668	Bma013811.1	protein_coding	0	0	0	1377	0	0	0	0	1377	0	0	0	0	0	0	0	0	0	0	0	0	0	0	0
Bma013871.1	null.10712	Bma013871.1	protein_coding	117	147	142	1571	13	17	3	12	744	0	80	0	888	115	5	2	68	0	0	52	1	0	93	0
Bma013951.1	null.10750	Bma013951.1	protein_coding	170	228	217	1417	8	4	11	12	137	0	130	0	1354	190	12	7	93	0	0	46	1	1	172	0
Bma013952.1	null.10751	Bma013952.1	protein_coding	0	0	0	2032	0	0	0	0	0	0	0	0	0	0	0	0	0	0	0	0	0	0	0	2032
Bma013981.2	null.10768	Bma013981.2	protein_coding	0	0	0	1382	0	0	0	0	0	0	0	0	0	0	0	0	0	0	0	0	0	0	0	1382
Bma014138.1	null.10837	Bma014138.1	protein_coding	143	162	219	508	8	20	6	6	283	0	105	0	254	189	4	5	33	0	0	49	1	1	141	0
Bma014319.1	null.10946	Bma014319.1	protein_coding	87	479	426	636	2	3	6	3	633	0	52	0	0	412	0	0	4	2	0	37	2	2	477	3
Bma014320.1	null.10947	Bma014320.1	protein_coding	0	0	0	1628	0	0	0	0	1628	0	0	0	0	0	0	0	0	0	0	0	0	0	0	0
Bma014333.1	null.10958	Bma014333.1	protein_coding	106	407	436	213	6	13	8	1	199	0	75	0	0	411	0	0	8	0	0	28	6	2	405	14
Bma014354.2	null.10970	Bma014354.2	protein_coding	96	139	202	224	2	8	4	0	118	0	74	0	125	193	2	9	19	0	0	19	0	1	130	0
Bma014401.1	null.11007	Bma014401.1	protein_coding	57	209	319	79	3	2	5	10	0	0	29	0	107	306	1	3	30	0	0	26	0	0	185	0
Bma014465.1	null.11055	Bma014465.1	protein_coding	123	469	562	1695	5	9	8	18	1621	0	70	0	83	533	2	1	12	0	0	58	2	1	462	0
Bma014466.1	null.11056	Bma014466.1	protein_coding	107	371	442	1978	8	5	9	15	0	0	64	0	61	412	5	5	24	0	0	43	0	0	357	1941
Bma014501.1	null.11093	Bma014501.1	protein_coding	133	282	357	1395	1	8	8	6	0	0	84	0	1450	339	7	7	64	0	0	49	0	0	241	0
Bma014572.1	null.11165	Bma014572.1	protein_coding	0	0	0	279	0	0	0	0	0	0	0	0	0	0	0	0	0	0	0	0	0	0	0	279
Bma014573.1	null.11166	Bma014573.1	protein_coding	21	38	35	185	0	0	0	0	0	0	3	0	211	35	12	5	13	0	0	2	0	0	29	0
Bma014586.1	null.11178	Bma014586.1	protein_coding	0	0	0	954	0	0	0	0	954	0	0	0	0	0	0	0	0	0	0	0	0	0	0	0
Bma014587.1	null.11179	Bma014587.1	protein_coding	245	274	341	794	13	7	10	18	0	0	194	0	886	305	9	16	109	0	0	54	0	0	207	0
Bma014588.1	null.11180	Bma014588.1	protein_coding	0	0	0	1654	0	0	0	0	1654	0	0	0	0	0	0	0	0	0	0	0	0	0	0	0
Bma014614.1	null.11207	Bma014614.1	protein_coding	79	202	211	753	2	14	7	1	0	0	52	0	776	195	2	7	32	1	0	26	0	0	183	5
Bma014615.1	null.11208	Bma014615.1	protein_coding	0	0	0	1244	0	0	0	0	1244	0	0	0	0	0	0	0	0	0	0	0	0	0	0	0
Bma014650.1	null.11241	Bma014650.1	protein_coding	0	0	0	879	0	0	0	0	0	0	0	0	0	0	0	0	0	0	0	0	0	0	0	879
Bma014651.1	null.11242	Bma014651.1	protein_coding	31	138	177	840	0	7	0	1	0	0	19	0	812	173	0	1	14	0	0	13	0	0	131	36
Bma014662.1	null.11252	Bma014662.1	protein_coding	184	477	715	546	17	2	17	14	0	0	139	0	565	673	6	0	21	0	0	48	0	0	464	0
Bma014663.1	null.11253	Bma014663.1	protein_coding	0	0	0	1065	0	0	0	0	1065	0	0	0	0	0	0	0	0	0	0	0	0	0	0	0
Bma014706.1	null.11297	Bma014706.1	protein_coding	0	0	0	565	0	0	0	0	565	0	0	0	0	0	0	0	0	0	0	0	0	0	0	0
Bma014707.2	null.11298	Bma014707.2	protein_coding	48	37	42	438	2	8	2	4	0	0	39	0	463	30	0	4	29	0	0	17	0	0	16	0
Bma014708.1	null.11300	Bma014708.1	protein_coding	0	0	0	200	0	0	0	0	200	0	0	0	0	0	0	0	0	0	0	0	0	0	0	0
Bma014831.1	null.11410	Bma014831.1	protein_coding	67	112	113	899	0	5	2	17	0	0	45	0	938	101	3	1	48	0	0	28	0	0	77	0
Bma014895.1	null.11462	Bma014895.1	protein_coding	229	676	858	851	6	21	6	8	0	0	131	0	939	830	7	25	91	0	0	90	0	0	617	3
Bma014896.3	null.11463	Bma014896.3	protein_coding	0	0	0	2055	0	0	0	0	2055	0	0	0	0	0	0	0	0	0	0	0	0	0	0	0
Bma014902.1	null.11469	Bma014902.1	protein_coding	74	255	472	340	10	14	9	3	113	0	55	0	0	440	0	0	1	0	0	18	1	0	255	227
Bma015012.1	null.11560	Bma015012.1	protein_coding	184	687	879	97	10	16	15	5	0	0	141	0	0	841	0	0	0	3	0	51	0	0	687	97
Bma015106.1	null.11621	Bma015106.1	protein_coding	0	0	0	851	0	0	0	0	0	0	0	0	0	0	0	0	0	0	0	0	0	0	0	851
Bma015107.1	null.11622	Bma015107.1	protein_coding	307	641	813	2608	13	35	20	27	255	0	213	0	2473	738	20	15	130	0	0	96	4	0	556	0
Bma015119.1	null.11629	Bma015119.1	protein_coding	134	376	440	1704	10	5	8	10	268	0	78	0	1525	415	12	11	92	0	0	41	1	0	310	0
Bma015126.1	null.11635	Bma015126.1	protein_coding	51	70	68	112	0	11	0	1	0	0	37	0	130	59	0	9	17	0	0	13	0	0	61	0
Bma015259.1	null.11709	Bma015259.1	protein_coding	0	0	0	664	0	0	0	0	0	0	0	0	0	0	0	0	0	0	0	0	0	0	0	664
Bma015260.1	null.11710	Bma015260.1	protein_coding	59	328	286	0	4	0	3	2	0	0	35	0	0	277	0	0	1	0	0	25	1	0	328	0
Bma015261.1	null.11711	Bma015261.1	protein_coding	0	0	0	443	0	0	0	0	0	0	0	0	0	0	0	0	0	0	0	0	0	0	0	443
Bma015324.1	null.11733	Bma015324.1	protein_coding	176	283	332	1004	6	14	6	19	565	0	118	0	506	300	14	4	82	0	0	70	3	2	232	0
Bma015326.2	null.11736	Bma015326.2	protein_coding	4	11	7	1151	0	0	0	0	952	0	2	0	201	7	0	0	4	0	0	2	0	2	7	0
Bma015329.2	null.11738	Bma015329.2	protein_coding	0	0	0	921	0	0	0	0	0	0	0	0	0	0	0	0	0	0	0	0	0	0	0	921
Bma015330.1	null.11739	Bma015330.1	protein_coding	65	42	69	1158	4	3	2	7	0	0	60	0	0	54	0	0	0	2	1	8	0	0	41	1158
Bma015447.1	null.11793	Bma015447.1	protein_coding	87	354	318	39	3	2	3	4	39	0	55	0	0	312	0	0	1	0	0	35	1	0	354	0
Bma015476.1	null.11814	Bma015476.1	protein_coding	49	167	188	338	1	1	6	3	0	0	34	0	365	178	0	5	27	0	0	11	0	0	145	0
Bma015477.1	null.11815	Bma015477.1	protein_coding	0	0	0	742	0	0	0	0	742	0	0	0	0	0	0	0	0	0	0	0	0	0	0	0
Bma015510.1	null.11831	Bma015510.1	protein_coding	0	0	0	1609	0	0	0	0	1609	0	0	0	0	0	0	0	0	0	0	0	0	0	0	0
Bma015511.1	null.11832	Bma015511.1	protein_coding	142	222	448	797	11	7	7	17	747	0	90	0	57	417	0	2	16	0	0	65	2	0	217	0
Bma015512.1	null.11833	Bma015512.1	protein_coding	0	0	0	1609	0	0	0	0	0	0	0	0	0	0	0	0	0	0	0	0	0	0	0	1609
Bma015553.2	null.11860	Bma015553.2	protein_coding	77	105	95	688	1	7	7	7	0	0	56	0	748	80	3	10	65	0	0	12	0	0	58	0
Bma015580.2	null.11878	Bma015580.2	protein_coding	0	0	0	261	0	0	0	0	261	0	0	0	0	0	0	0	0	0	0	0	0	0	0	0
Bma015581.1	null.11880	Bma015581.1	protein_coding	0	0	0	729	0	0	0	0	0	0	0	0	0	0	0	0	0	0	0	0	0	0	0	729
Bma015600.1	null.11896	Bma015600.1	protein_coding	81	213	255	521	2	6	3	5	298	0	48	0	254	241	3	4	42	0	0	33	1	0	189	0
Bma015601.1	null.11897	Bma015601.1	protein_coding	0	0	0	1070	0	0	0	0	1070	0	0	0	0	0	0	0	0	0	0	0	0	0	0	0
Bma015645.1	null.11923	Bma015645.1	protein_coding	128	200	293	2524	11	15	13	8	0	0	97	0	2551	254	5	3	31	0	0	41	0	0	181	0
Bma015698.1	null.11965	Bma015698.1	protein_coding	0	0	0	1943	0	0	0	0	1943	0	0	0	0	0	0	0	0	0	0	0	0	0	0	0
Bma015699.1	null.11966	Bma015699.1	protein_coding	180	424	645	694	11	11	14	17	694	0	140	0	0	599	0	0	2	0	0	51	1	1	423	0
Bma015700.1	null.11967	Bma015700.1	protein_coding	152	204	252	131	8	7	6	14	0	0	129	0	146	222	6	2	42	0	0	33	0	0	175	22
Bma015704.1	null.11969	Bma015704.1	protein_coding	43	184	148	70	0	4	0	1	0	0	24	0	108	145	5	2	40	0	0	22	0	0	153	0
Bma015706.2	null.11971	Bma015706.2	protein_coding	115	384	581	651	0	5	4	1	223	0	70	0	148	573	2	0	19	0	0	54	4	1	378	287
Bma015707.1	null.11972	Bma015707.1	protein_coding	14	77	81	1558	0	1	0	0	1443	0	12	0	122	80	0	0	8	0	0	2	0	0	70	0
Bma015711.2	null.11974	Bma015711.2	protein_coding	4	46	34	1564	0	1	0	1	1564	0	3	0	0	32	0	0	0	0	0	1	0	0	46	0
Bma015712.2	null.11975	Bma015712.2	protein_coding	72	313	421	842	7	5	6	3	353	0	43	0	509	400	4	2	19	0	0	26	0	0	299	0
Bma015717.2	null.11977	Bma015717.2	protein_coding	119	152	104	646	2	8	6	14	0	0	91	0	726	83	15	3	94	0	0	33	0	0	90	0
Bma015720.1	null.11978	Bma015720.1	protein_coding	75	241	194	848	6	3	8	3	815	0	70	0	37	174	0	0	9	0	0	11	1	1	236	0
Bma015721.1	null.11979	Bma015721.1	protein_coding	0	0	0	2251	0	0	0	0	894	0	0	0	0	0	0	0	0	0	0	0	0	0	0	1357
Bma015722.1	null.11980	Bma015722.1	protein_coding	80	49	86	2038	6	10	5	2	1357	0	73	0	234	65	0	0	1	5	1	11	0	0	47	448
Bma015723.1	null.11981	Bma015723.1	protein_coding	30	205	283	53	2	1	3	1	53	0	22	0	0	276	0	0	1	0	0	8	0	1	204	0
Bma015724.1	null.11982	Bma015724.1	protein_coding	50	82	46	522	2	3	0	5	227	0	28	0	361	42	9	6	63	0	0	16	1	0	31	0
Bma015729.1	null.11985	Bma015729.1	protein_coding	0	0	0	765	0	0	0	0	765	0	0	0	0	0	0	0	0	0	0	0	0	0	0	0
Bma015730.1	null.11986	Bma015730.1	protein_coding	10	10	9	737	0	0	0	0	737	0	7	0	0	9	0	0	6	0	0	1	4	1	9	0
Bma015731.1	null.11987	Bma015731.1	protein_coding	0	0	0	102	0	0	0	0	102	0	0	0	0	0	0	0	0	0	0	0	0	0	0	0
Bma015802.1	null.12037	Bma015802.1	protein_coding	23	28	49	378	1	1	3	2	0	0	14	0	389	44	1	6	13	0	0	10	0	0	24	0
Bma015803.1	null.12038	Bma015803.1	protein_coding	0	0	0	431	0	0	0	0	0	0	0	0	0	0	0	0	0	0	0	0	0	0	0	431
Bma015872.1	null.12105	Bma015872.1	protein_coding	114	771	791	972	10	9	10	15	587	0	64	0	401	751	2	2	18	0	0	62	1	1	758	0
Bma015873.1	null.12106	Bma015873.1	protein_coding	0	0	0	2648	0	0	0	0	2648	0	0	0	0	0	0	0	0	0	0	0	0	0	0	0
Bma015952.2	null.12174	Bma015952.2	protein_coding	67	148	154	629	2	5	2	4	77	0	39	0	609	144	11	8	52	0	0	15	0	1	109	0
Bma015981.2	null.12195	Bma015981.2	protein_coding	72	23	30	674	0	6	0	20	0	0	46	1	211	24	0	2	7	1	1	45	0	0	17	469
Bma016001.1	null.12209	Bma016001.1	protein_coding	653	774	1002	6143	29	75	26	30	0	0	507	0	6363	884	40	45	253	0	0	154	0	0	639	0
Bma016038.1	null.12244	Bma016038.1	protein_coding	60	122	108	640	3	1	1	9	0	0	37	0	691	97	10	6	59	0	0	24	0	0	87	0
Bma016062.1	null.12268	Bma016062.1	protein_coding	0	0	0	1782	0	0	0	0	0	0	0	0	0	0	0	0	0	0	0	0	0	0	0	1782
Bma016063.1	null.12270	Bma016063.1	protein_coding	0	0	0	1782	0	0	0	0	1782	0	0	0	0	0	0	0	0	0	0	0	0	0	0	0
Bma016067.1	null.12276	Bma016067.1	protein_coding	90	193	247	200	1	6	0	6	0	0	61	0	221	240	3	2	26	0	0	31	0	0	177	0
Bma016074.1	null.12281	Bma016074.1	protein_coding	0	0	0	1550	0	0	0	0	0	0	0	0	0	0	0	0	0	0	0	0	0	0	0	1550
Bma016075.1	null.12282	Bma016075.1	protein_coding	273	286	319	672	8	29	13	11	0	0	223	0	626	270	13	7	88	2	0	65	0	0	231	121
Bma016102.1	null.12310	Bma016102.1	protein_coding	197	711	813	284	16	8	19	5	6	0	136	0	312	772	5	9	31	0	0	59	0	0	691	0
Bma016133.1	null.12345	Bma016133.1	protein_coding	131	110	165	610	3	13	3	20	0	0	103	0	23	139	0	1	2	0	0	58	0	0	109	589
Bma016210.1	null.12415	Bma016210.1	protein_coding	0	0	0	33	0	0	0	0	0	0	0	0	0	0	0	0	0	0	0	0	0	0	0	33
Bma016211.1	null.12416	Bma016211.1	protein_coding	0	0	0	1139	0	0	0	0	1139	0	0	0	0	0	0	0	0	0	0	0	0	0	0	0
Bma016212.1	null.12417	Bma016212.1	protein_coding	32	781	326	0	2	3	3	1	0	0	21	0	0	319	0	0	0	0	0	11	0	0	781	0
Bma016213.1	null.12418	Bma016213.1	protein_coding	0	0	0	22	0	0	0	0	0	0	0	0	0	0	0	0	0	0	0	0	0	0	0	22
Bma016224.1	null.12429	Bma016224.1	protein_coding	0	0	0	1825	0	0	0	0	0	0	0	0	0	0	0	0	0	0	0	0	0	0	0	1825
Bma016225.1	null.12430	Bma016225.1	protein_coding	0	0	0	1825	0	0	0	0	0	0	0	0	0	0	0	0	0	0	0	0	0	0	0	1825
Bma016226.2	null.12431	Bma016226.2	protein_coding	116	215	377	1117	9	3	8	5	0	0	85	0	1153	355	6	5	43	0	0	25	0	0	190	0
Bma016227.1	null.12432	Bma016227.1	protein_coding	0	0	0	1504	0	0	0	0	0	0	0	0	0	0	0	0	0	0	0	0	0	0	0	1504
Bma016228.1	null.12433	Bma016228.1	protein_coding	0	0	0	813	0	0	0	0	0	0	0	0	0	0	0	0	0	0	0	0	0	0	0	813
Bma016246.1	null.12454	Bma016246.1	protein_coding	134	198	217	1179	3	7	5	22	203	0	104	0	1046	188	7	10	76	0	0	33	2	1	144	0
Bma016247.1	null.12455	Bma016247.1	protein_coding	0	0	0	1728	0	0	0	0	0	0	0	0	0	0	0	0	0	0	0	0	0	0	0	1728
Bma016248.1	null.12456	Bma016248.1	protein_coding	0	0	0	222	0	0	0	0	0	0	0	0	0	0	0	0	0	0	0	0	0	0	0	222
Bma016249.1	null.12457	Bma016249.1	protein_coding	0	0	0	700	0	0	0	0	0	0	0	0	0	0	0	0	0	0	0	0	0	0	0	700
Bma016250.2	null.12458	Bma016250.2	protein_coding	52	181	212	255	0	4	1	1	0	0	25	0	305	208	12	0	44	0	0	19	0	0	143	0
Bma016282.1	null.12485	Bma016282.1	protein_coding	0	0	0	856	0	0	0	0	856	0	0	0	0	0	0	0	0	0	0	0	0	0	0	0
Bma016283.2	null.12486	Bma016283.2	protein_coding	180	206	272	198	10	12	9	22	0	0	140	0	264	227	13	4	72	0	0	43	0	0	157	0
Bma016284.1	null.12487	Bma016284.1	protein_coding	0	0	0	856	0	0	0	0	0	0	0	0	0	0	0	0	0	0	0	0	0	0	0	856
Bma016285.1	null.12488	Bma016285.1	protein_coding	0	0	0	856	0	0	0	0	0	0	0	0	0	0	0	0	0	0	0	0	0	0	0	856
Bma016299.1	null.12501	Bma016299.1	protein_coding	128	148	179	940	6	17	5	8	0	0	92	0	995	152	7	13	54	0	0	37	0	0	113	0
Bma016300.1	null.12502	Bma016300.1	protein_coding	0	0	0	1395	0	0	0	0	0	0	0	0	0	0	0	0	0	0	0	0	0	0	0	1395
Bma016303.1	null.12506	Bma016303.1	protein_coding	0	0	0	974	0	0	0	0	974	0	0	0	0	0	0	0	0	0	0	0	0	0	0	0
Bma016304.1	null.12507	Bma016304.1	protein_coding	17	30	9	918	0	1	0	0	0	0	7	0	705	8	0	10	24	0	1	1	0	0	11	241
Bma016311.1	null.12513	Bma016311.1	protein_coding	54	107	153	435	0	6	0	8	0	0	50	0	395	140	0	2	25	0	0	21	0	0	93	56
Bma016312.1	null.12514	Bma016312.1	protein_coding	0	0	0	749	0	0	0	0	0	0	0	0	0	0	0	0	0	0	0	0	0	0	0	749
Bma016338.2	null.12540	Bma016338.2	protein_coding	247	235	260	2403	10	19	10	27	374	0	179	0	2131	223	19	13	124	0	0	80	2	0	165	0
Bma016339.1	null.12542	Bma016339.1	protein_coding	75	123	64	739	2	7	2	18	0	0	47	0	589	47	4	7	68	0	0	37	0	0	77	207
Bma016341.1	null.12544	Bma016341.1	protein_coding	0	0	0	609	0	0	0	0	0	0	0	0	0	0	0	0	0	0	0	0	0	0	0	609
Bma016342.1	null.12545	Bma016342.1	protein_coding	0	0	0	2637	0	0	0	0	0	0	0	0	0	0	0	0	0	0	0	0	0	0	0	2637
Bma016343.1	null.12546	Bma016343.1	protein_coding	195	496	688	2520	11	28	18	12	375	0	126	0	407	629	5	2	43	3	0	67	1	2	469	1770
Bma016344.1	null.12547	Bma016344.1	protein_coding	0	0	0	3293	0	0	0	0	3293	0	0	0	0	0	0	0	0	0	0	0	0	0	0	0
Bma016353.1	null.12555	Bma016353.1	protein_coding	0	0	0	299	0	0	0	0	0	0	0	0	0	0	0	0	0	0	0	0	0	0	0	299
Bma016354.1	null.12557	Bma016354.1	protein_coding	0	0	0	901	0	0	0	0	0	0	0	0	0	0	0	0	0	0	0	0	0	0	0	901
Bma016355.1	null.12558	Bma016355.1	protein_coding	0	0	0	901	0	0	0	0	901	0	0	0	0	0	0	0	0	0	0	0	0	0	0	0
Bma016369.1	null.12571	Bma016369.1	protein_coding	0	0	0	621	0	0	0	0	621	0	0	0	0	0	0	0	0	0	0	0	0	0	0	0
Bma016370.2	null.12572	Bma016370.2	protein_coding	27	28	48	518	0	0	1	2	0	0	23	0	525	47	0	2	12	0	0	17	0	0	23	0
Bma016371.1	null.12573	Bma016371.1	protein_coding	0	0	0	621	0	0	0	0	0	0	0	0	0	0	0	0	0	0	0	0	0	0	0	621
Bma016413.1	null.12614	Bma016413.1	protein_coding	0	0	0	892	0	0	0	0	0	0	0	0	0	0	0	0	0	0	0	0	0	0	0	892
Bma016414.1	null.12615	Bma016414.1	protein_coding	74	294	365	159	6	6	3	10	0	0	61	0	126	343	1	1	35	0	0	17	0	0	266	63
Bma016415.1	null.12616	Bma016415.1	protein_coding	0	0	0	892	0	0	0	0	892	0	0	0	0	0	0	0	0	0	0	0	0	0	0	0
Bma016416.1	null.12617	Bma016416.1	protein_coding	0	0	0	533	0	0	0	0	533	0	0	0	0	0	0	0	0	0	0	0	0	0	0	0
Bma016440.1	null.12641	Bma016440.1	protein_coding	187	230	261	248	10	11	6	22	0	0	159	0	302	219	11	10	55	0	0	23	0	0	197	0
Bma016514.1	null.12711	Bma016514.1	protein_coding	556	742	1096	1145	23	87	23	35	302	0	422	0	1002	970	21	21	190	0	0	200	1	1	624	0
Bma016517.1	null.12714	Bma016517.1	protein_coding	0	0	0	426	0	0	0	0	426	0	0	0	0	0	0	0	0	0	0	0	0	0	0	0
Bma016518.1	null.12715	Bma016518.1	protein_coding	0	0	0	2000	0	0	0	0	2000	0	0	0	0	0	0	0	0	0	0	0	0	0	0	0
Bma016519.1	null.12716	Bma016519.1	protein_coding	191	515	871	423	20	28	4	9	0	0	135	0	0	814	0	0	0	0	0	59	0	0	515	423
Bma016520.1	null.12717	Bma016520.1	protein_coding	0	0	0	1397	0	0	0	0	0	0	0	0	0	0	0	0	0	0	0	0	0	0	0	1397
Bma016521.1	null.12718	Bma016521.1	protein_coding	0	0	0	2072	0	0	0	0	0	0	0	0	0	0	0	0	0	0	0	0	0	0	0	2072
Bma016522.1	null.12719	Bma016522.1	protein_coding	102	469	688	1087	8	11	5	6	0	0	51	0	954	660	1	4	40	1	0	46	0	0	441	166
Bma016523.1	null.12720	Bma016523.1	protein_coding	131	156	161	1220	3	7	9	14	813	0	106	0	466	129	4	13	70	0	0	19	4	0	114	0
Bma016524.1	null.12721	Bma016524.1	protein_coding	0	0	0	1667	0	0	0	0	0	0	0	0	0	0	0	0	0	0	0	0	0	0	0	1667
Bma016525.1	null.12722	Bma016525.1	protein_coding	0	0	0	224	0	0	0	0	224	0	0	0	0	0	0	0	0	0	0	0	0	0	0	0
Bma016526.1	null.12723	Bma016526.1	protein_coding	23	81	54	252	0	2	0	5	125	0	7	0	148	52	6	2	20	0	0	8	1	1	67	0
Bma016527.1	null.12724	Bma016527.1	protein_coding	0	0	0	410	0	0	0	0	410	0	0	0	0	0	0	0	0	0	0	0	0	0	0	0
Bma016529.1	null.12726	Bma016529.1	protein_coding	0	0	0	378	0	0	0	0	378	0	0	0	0	0	0	0	0	0	0	0	0	0	0	0
Bma016530.1	null.12727	Bma016530.1	protein_coding	24	141	90	123	1	2	0	1	0	0	13	0	146	87	0	3	22	0	0	8	0	0	121	0
Bma016531.1	null.12728	Bma016531.1	protein_coding	71	107	117	1367	4	4	3	2	1260	0	49	0	142	106	7	2	57	0	0	19	1	1	80	0
Bma016532.2	null.12729	Bma016532.2	protein_coding	81	129	110	1342	3	12	3	5	770	0	62	0	611	92	3	5	47	0	0	35	0	0	98	0
Bma016533.1	null.12731	Bma016533.1	protein_coding	0	0	0	1231	0	0	0	0	892	0	0	0	0	0	0	0	0	0	0	0	0	0	0	339
Bma016534.1	null.12732	Bma016534.1	protein_coding	18	91	133	1099	1	2	0	0	1002	0	8	1	54	130	0	0	21	0	0	11	0	0	74	59
Bma016535.1	null.12733	Bma016535.1	protein_coding	73	140	114	1014	1	6	6	10	0	0	62	0	654	92	6	7	49	0	0	9	0	0	111	402
Bma016536.1	null.12734	Bma016536.1	protein_coding	0	0	0	1002	0	0	0	0	1002	0	0	0	0	0	0	0	0	0	0	0	0	0	0	0
Bma016537.1	null.12735	Bma016537.1	protein_coding	101	112	114	693	3	7	2	6	307	0	74	0	448	100	11	8	66	0	0	25	1	0	69	0
Bma016538.2	null.12736	Bma016538.2	protein_coding	0	0	0	1020	0	0	0	0	0	0	0	0	0	0	0	0	0	0	0	0	0	0	0	1020
Bma016540.1	null.12738	Bma016540.1	protein_coding	0	0	0	1002	0	0	0	0	0	0	0	0	0	0	0	0	0	0	0	0	0	0	0	1002
Bma016541.1	null.12739	Bma016541.1	protein_coding	89	91	93	1926	2	9	2	12	1681	0	55	0	289	82	10	6	53	0	0	36	0	0	63	0
Bma016542.2	null.12740	Bma016542.2	protein_coding	171	316	315	1397	3	10	12	6	518	0	126	0	492	288	7	9	54	0	0	35	0	0	283	436
Bma016543.1	null.12741	Bma016543.1	protein_coding	0	0	0	1681	0	0	0	0	1681	0	0	0	0	0	0	0	0	0	0	0	0	0	0	0
Bma016545.1	null.12743	Bma016545.1	protein_coding	0	0	0	1066	0	0	0	0	1066	0	0	0	0	0	0	0	0	0	0	0	0	0	0	0
Bma016546.1	null.12744	Bma016546.1	protein_coding	10	60	119	1315	2	1	2	5	1172	0	7	0	0	109	0	0	0	1	0	3	0	0	60	143
Bma016547.1	null.12745	Bma016547.1	protein_coding	135	382	472	515	7	11	6	7	332	0	86	0	215	453	6	2	51	0	1	58	0	0	344	13
Bma016548.1	null.12746	Bma016548.1	protein_coding	0	0	0	1169	0	0	0	0	1169	0	0	0	0	0	0	0	0	0	0	0	0	0	0	0
Bma016553.1	null.12750	Bma016553.1	protein_coding	64	86	98	1051	2	3	5	13	38	0	37	0	1038	84	7	3	30	0	0	26	2	1	70	0
Bma016554.1	null.12751	Bma016554.1	protein_coding	0	0	0	1299	0	0	0	0	1299	0	0	0	0	0	0	0	0	0	0	0	0	0	0	0
Bma016555.1	null.12752	Bma016555.1	protein_coding	0	0	0	5	0	0	0	0	5	0	0	0	0	0	0	0	0	0	0	0	0	0	0	0
Bma016616.1	null.12809	Bma016616.1	protein_coding	190	300	374	1520	6	15	13	36	72	0	141	0	1489	323	4	9	56	0	0	54	0	0	272	0
Bma016617.1	null.12810	Bma016617.1	protein_coding	0	0	0	2384	0	0	0	0	0	0	0	0	0	0	0	0	0	0	0	0	0	0	0	2384
Bma016618.1	null.12811	Bma016618.1	protein_coding	0	0	0	1805	0	0	0	0	1805	0	0	0	0	0	0	0	0	0	0	0	0	0	0	0
Bma016624.1	null.12816	Bma016624.1	protein_coding	0	0	0	1616	0	0	0	0	0	0	0	0	0	0	0	0	0	0	0	0	0	0	0	1616
Bma016625.1	null.12817	Bma016625.1	protein_coding	0	0	0	1616	0	0	0	0	1616	0	0	0	0	0	0	0	0	0	0	0	0	0	0	0
Bma016626.1	null.12818	Bma016626.1	protein_coding	116	210	210	1080	5	7	5	6	0	0	79	0	746	193	13	9	71	0	0	28	0	0	168	398
Bma016627.1	null.12819	Bma016627.1	protein_coding	0	0	0	1616	0	0	0	0	0	0	0	0	0	0	0	0	0	0	0	0	0	0	0	1616
Bma016674.1	null.12867	Bma016674.1	protein_coding	0	0	0	851	0	0	0	0	851	0	0	0	0	0	0	0	0	0	0	0	0	0	0	0
Bma016675.1	null.12868	Bma016675.1	protein_coding	29	124	90	608	0	0	0	1	0	0	6	0	649	90	11	3	40	0	0	10	0	0	97	0
Bma016676.1	null.12869	Bma016676.1	protein_coding	0	0	0	851	0	0	0	0	0	0	0	0	0	0	0	0	0	0	0	0	0	0	0	851
Bma016693.1	null.12884	Bma016693.1	protein_coding	83	112	141	930	2	17	3	2	276	0	63	0	676	124	3	2	27	0	0	36	0	2	93	0
Bma016706.1	null.12898	Bma016706.1	protein_coding	0	0	0	995	0	0	0	0	995	0	0	0	0	0	0	0	0	0	0	0	0	0	0	0
Bma016707.2	null.12899	Bma016707.2	protein_coding	0	0	0	1894	0	0	0	0	899	0	0	0	0	0	0	0	0	0	0	0	0	0	0	995
Bma016708.1	null.12900	Bma016708.1	protein_coding	90	124	180	686	10	3	8	10	181	0	63	0	556	157	15	13	62	0	0	12	0	0	101	0
Bma016709.1	null.12902	Bma016709.1	protein_coding	0	0	0	1235	0	0	0	0	0	0	0	0	0	0	0	0	0	0	0	0	0	0	0	1235
Bma016710.1	null.12903	Bma016710.1	protein_coding	0	0	0	1235	0	0	0	0	1235	0	0	0	0	0	0	0	0	0	0	0	0	0	0	0
Bma016713.1	null.12906	Bma016713.1	protein_coding	0	0	0	1905	0	0	0	0	1905	0	0	0	0	0	0	0	0	0	0	0	0	0	0	0
Bma016714.1	null.12907	Bma016714.1	protein_coding	0	0	0	2082	0	0	0	0	2082	0	0	0	0	0	0	0	0	0	0	0	0	0	0	0
Bma016715.1	null.12908	Bma016715.1	protein_coding	202	424	409	1048	2	35	9	9	469	0	135	0	678	373	12	11	120	0	0	81	5	1	347	0
Bma016723.1	null.12916	Bma016723.1	protein_coding	380	585	794	1081	27	36	25	12	808	0	301	0	359	706	11	19	89	0	0	59	4	3	526	0
Bma016803.1	null.12992	Bma016803.1	protein_coding	0	0	0	1736	0	0	0	0	0	0	0	0	0	0	0	0	0	0	0	0	0	0	0	1736
Bma016804.1	null.12993	Bma016804.1	protein_coding	100	169	162	1305	3	13	3	5	0	0	66	0	1360	146	7	11	60	0	0	39	0	0	132	0
Bma016807.1	null.12995	Bma016807.1	protein_coding	0	0	0	707	0	0	0	0	0	0	0	0	0	0	0	0	0	0	0	0	0	0	0	707
Bma016808.1	null.12996	Bma016808.1	protein_coding	40	30	49	588	0	6	1	5	0	0	36	0	311	39	0	0	4	0	0	10	0	0	27	280
Bma016809.1	null.12997	Bma016809.1	protein_coding	0	0	0	1188	0	0	0	0	0	0	0	0	0	0	0	0	0	0	0	0	0	0	0	1188
Bma016810.1	null.12998	Bma016810.1	protein_coding	138	217	299	534	6	16	9	4	262	0	110	0	285	272	3	2	20	0	0	30	2	2	207	0
Bma016811.1	null.12999	Bma016811.1	protein_coding	0	0	0	1188	0	0	0	0	1188	0	0	0	0	0	0	0	0	0	0	0	0	0	0	0
Bma016833.2	null.13018	Bma016833.2	protein_coding	134	376	550	1397	8	7	13	6	610	0	77	0	827	521	2	4	45	0	0	68	0	0	342	0
Bma016834.1	null.13019	Bma016834.1	protein_coding	0	0	0	2457	0	0	0	0	2457	0	0	0	0	0	0	0	0	0	0	0	0	0	0	0
Bma016840.1	null.13025	Bma016840.1	protein_coding	200	360	476	152	10	16	8	29	0	0	153	0	179	427	2	1	40	0	0	67	0	0	336	0
Bma016841.1	null.13026	Bma016841.1	protein_coding	0	0	0	1188	0	0	0	0	0	0	0	0	0	0	0	0	0	0	0	0	0	0	0	1188
Bma016852.2	null.13035	Bma016852.2	protein_coding	0	0	0	784	0	0	0	0	0	0	0	0	0	0	0	0	0	0	0	0	0	0	0	784
Bma016853.1	null.13036	Bma016853.1	protein_coding	0	0	0	2402	0	0	0	0	2402	0	0	0	0	0	0	0	0	0	0	0	0	0	0	0
Bma016854.2	null.13037	Bma016854.2	protein_coding	209	328	340	1526	6	27	8	12	476	0	145	0	1171	303	27	13	128	0	0	50	5	1	246	0
Bma016867.1	null.13048	Bma016867.1	protein_coding	0	0	0	1331	0	0	0	0	1331	0	0	0	0	0	0	0	0	0	0	0	0	0	0	0
Bma016868.1	null.13049	Bma016868.1	protein_coding	41	139	228	923	1	0	2	1	0	0	15	0	957	224	6	3	32	0	0	19	0	0	114	0
Bma016869.1	null.13050	Bma016869.1	protein_coding	0	0	0	528	0	0	0	0	0	0	0	0	0	0	0	0	0	0	0	0	0	0	0	528
Bma016947.1	null.13124	Bma016947.1	protein_coding	0	0	0	1179	0	0	0	0	1179	0	0	0	0	0	0	0	0	0	0	0	0	0	0	0
Bma016948.1	null.13125	Bma016948.1	protein_coding	95	106	126	853	10	20	1	16	292	0	57	0	608	102	7	15	52	0	0	35	1	1	80	0
Bma016949.1	null.13126	Bma016949.1	protein_coding	0	0	0	9	0	0	0	0	0	0	0	0	0	0	0	0	0	0	0	0	0	0	0	9
Bma016960.1	null.13137	Bma016960.1	protein_coding	101	296	508	260	2	8	4	2	201	0	58	0	82	494	5	1	21	0	0	45	2	0	279	0
Bma016961.1	null.13138	Bma016961.1	protein_coding	0	0	0	1165	0	0	0	0	0	0	0	0	0	0	0	0	0	0	0	0	0	0	0	1165
Bma016964.1	null.13140	Bma016964.1	protein_coding	0	0	0	687	0	0	0	0	687	0	0	0	0	0	0	0	0	0	0	0	0	0	0	0
Bma016965.1	null.13141	Bma016965.1	protein_coding	46	213	267	161	0	2	4	3	0	0	28	0	182	260	3	3	21	0	0	19	0	0	198	0
Bma016966.1	null.13142	Bma016966.1	protein_coding	0	0	0	977	0	0	0	0	733	0	0	0	0	0	0	0	0	0	0	0	0	0	0	244
Bma016967.1	null.13143	Bma016967.1	protein_coding	0	0	0	733	0	0	0	0	733	0	0	0	0	0	0	0	0	0	0	0	0	0	0	0
Bma016968.1	null.13144	Bma016968.1	protein_coding	21	54	107	551	1	1	0	2	0	0	13	0	0	104	0	0	0	0	0	9	0	0	54	551
Bma016969.1	null.13145	Bma016969.1	protein_coding	0	0	0	733	0	0	0	0	733	0	0	0	0	0	0	0	0	0	0	0	0	0	0	0
Bma016970.1	null.13146	Bma016970.1	protein_coding	0	0	0	611	0	0	0	0	0	0	0	0	0	0	0	0	0	0	0	0	0	0	0	611
Bma016973.1	null.13149	Bma016973.1	protein_coding	0	0	0	440	0	0	0	0	0	0	0	0	0	0	0	0	0	0	0	0	0	0	0	440
Bma016974.2	null.13150	Bma016974.2	protein_coding	0	0	0	1409	0	0	0	0	1409	0	0	0	0	0	0	0	0	0	0	0	0	0	0	0
Bma016975.1	null.13151	Bma016975.1	protein_coding	185	356	533	335	8	16	12	17	161	0	148	0	193	487	4	6	48	0	0	33	1	0	329	18
Bma016976.1	null.13152	Bma016976.1	protein_coding	0	0	0	1409	0	0	0	0	0	0	0	0	0	0	0	0	0	0	0	0	0	0	0	1409
Bma016979.1	null.13154	Bma016979.1	protein_coding	0	0	0	507	0	0	0	0	507	0	0	0	0	0	0	0	0	0	0	0	0	0	0	0
Bma016980.1	null.13155	Bma016980.1	protein_coding	0	0	0	507	0	0	0	0	0	0	0	0	0	0	0	0	0	0	0	0	0	0	0	507
Bma016981.1	null.13156	Bma016981.1	protein_coding	70	157	109	171	3	5	2	0	32	0	46	0	195	101	13	4	60	0	0	19	2	0	118	0
Bma017042.2	null.13214	Bma017042.2	protein_coding	0	0	0	1246	0	0	0	0	0	0	0	0	0	0	0	0	0	0	0	0	0	0	0	1246
Bma017043.1	null.13215	Bma017043.1	protein_coding	0	0	0	2209	0	0	0	0	2209	0	0	0	0	0	0	0	0	0	0	0	0	0	0	0
Bma017044.1	null.13216	Bma017044.1	protein_coding	234	266	359	1350	16	30	19	11	100	0	177	0	1322	304	13	11	92	0	0	77	1	0	218	0
Bma017060.1	null.13229	Bma017060.1	protein_coding	77	128	109	118	6	8	2	1	0	0	51	0	169	101	5	9	53	0	0	25	0	0	91	0
Bma017083.1	null.13250	Bma017083.1	protein_coding	326	433	522	1482	8	50	15	16	0	0	235	1	712	461	21	18	131	1	0	89	0	0	353	888
Bma017084.1	null.13251	Bma017084.1	protein_coding	0	0	0	920	0	0	0	0	0	0	0	0	0	0	0	0	0	0	0	0	0	0	0	920
Bma017110.1	null.13271	Bma017110.1	protein_coding	119	282	447	270	4	4	7	9	171	0	79	0	117	433	3	0	22	0	0	48	3	1	266	0
Bma017111.1	null.13272	Bma017111.1	protein_coding	0	0	0	1118	0	0	0	0	1118	0	0	0	0	0	0	0	0	0	0	0	0	0	0	0
Bma017135.1	null.13292	Bma017135.1	protein_coding	11	181	85	262	0	1	2	4	262	0	9	0	0	79	0	0	0	0	0	3	0	0	181	0
Bma017145.2	null.13302	Bma017145.2	protein_coding	16	103	203	487	0	0	1	0	0	0	8	0	498	202	1	2	11	0	0	8	0	0	95	0
Bma017146.1	null.13303	Bma017146.1	protein_coding	0	0	0	560	0	0	0	0	560	0	0	0	0	0	0	0	0	0	0	0	0	0	0	0
Bma017192.1	null.13344	Bma017192.1	protein_coding	122	225	231	1045	3	13	4	4	310	0	89	0	774	219	4	5	53	0	0	45	2	1	194	0
Bma017193.2	null.13345	Bma017193.2	protein_coding	0	0	0	253	0	0	0	0	0	0	0	0	0	0	0	0	0	0	0	0	0	0	0	253
Bma017334.1	null.13463	Bma017334.1	protein_coding	214	178	174	1243	7	52	3	17	0	0	159	0	1347	124	20	6	116	0	0	73	0	0	100	0
Bma017337.1	null.13464	Bma017337.1	protein_coding	0	0	0	2053	0	0	0	0	0	0	0	0	0	0	0	0	0	0	0	0	0	0	0	2053
Bma017338.1	null.13465	Bma017338.1	protein_coding	0	0	0	2842	0	0	0	0	2842	0	0	0	0	0	0	0	0	0	0	0	0	0	0	0
Bma017339.1	null.13466	Bma017339.1	protein_coding	72	150	201	2419	2	18	1	6	1327	0	51	0	1124	177	6	5	33	0	0	12	1	2	127	0
Bma017343.1	null.13470	Bma017343.1	protein_coding	0	0	0	1254	0	0	0	0	1254	0	0	0	0	0	0	0	0	0	0	0	0	0	0	0
Bma017344.1	null.13471	Bma017344.1	protein_coding	142	227	259	626	3	15	5	11	0	0	85	0	695	242	17	8	67	0	0	76	0	0	183	0
Bma017353.1	null.13478	Bma017353.1	protein_coding	0	0	0	3579	0	0	0	0	0	0	0	0	0	0	0	0	0	0	0	0	0	0	0	3579
Bma017354.2	null.13479	Bma017354.2	protein_coding	415	748	1070	1346	24	49	20	19	605	0	280	1	671	984	10	10	108	5	1	144	2	3	683	150
Bma017355.1	null.13480	Bma017355.1	protein_coding	0	0	0	3579	0	0	0	0	3579	0	0	0	0	0	0	0	0	0	0	0	0	0	0	0
Bma017409.1	null.13515	Bma017409.1	protein_coding	32	71	90	283	0	1	3	0	0	0	16	0	303	87	7	0	19	0	0	11	0	0	58	0
Bma017443.1	null.13542	Bma017443.1	protein_coding	173	201	254	1468	6	25	6	9	611	0	129	0	930	227	8	13	85	0	0	50	2	3	146	0
Bma017450.1	null.13548	Bma017450.1	protein_coding	84	55	114	1028	4	9	5	6	0	0	66	1	482	96	1	2	9	3	1	24	0	0	48	554
Bma017512.1	null.13596	Bma017512.1	protein_coding	26	168	143	814	2	2	2	4	406	0	20	0	421	134	1	0	24	0	0	5	4	0	156	0
Bma017615.1	null.13662	Bma017615.1	protein_coding	0	0	0	1703	0	0	0	0	1703	0	0	0	0	0	0	0	0	0	0	0	0	0	0	0
Bma017616.1	null.13663	Bma017616.1	protein_coding	125	128	157	1635	9	20	5	13	209	0	85	0	1481	128	15	7	62	0	0	46	3	0	95	0
Bma017651.1	null.13688	Bma017651.1	protein_coding	260	339	456	1107	11	12	18	33	342	0	197	0	834	403	7	10	81	0	0	88	3	1	286	0
Bma017658.1	null.13693	Bma017658.1	protein_coding	0	0	0	1337	0	0	0	0	0	0	0	0	0	0	0	0	0	0	0	0	0	0	0	1337
Bma017659.1	null.13694	Bma017659.1	protein_coding	120	351	493	378	11	6	2	0	212	0	75	0	0	477	0	0	11	2	0	40	10	0	351	166
Bma017809.1	null.13778	Bma017809.1	protein_coding	372	505	538	827	10	21	13	58	0	0	280	0	960	466	16	22	158	0	0	109	0	0	410	0
Bma018458.1	null.14175	Bma018458.1	protein_coding	0	0	0	607	0	0	0	0	0	0	0	0	607	0	0	0	0	0	0	0	0	0	0	0
Bma018459.1	null.14176	Bma018459.1	protein_coding	0	0	0	607	0	0	0	0	0	0	0	0	0	0	0	0	0	0	0	0	0	0	0	607
Bma018463.1	null.14181	Bma018463.1	protein_coding	87	254	252	1644	8	13	2	16	1136	0	52	0	543	220	3	1	50	0	0	33	6	0	223	0
Bma018464.1	null.14182	Bma018464.1	protein_coding	0	0	0	2236	0	0	0	0	1206	0	0	0	0	0	0	0	0	0	0	0	0	0	0	1030
Bma018465.1	null.14184	Bma018465.1	protein_coding	0	0	0	1030	0	0	0	0	0	0	0	0	0	0	0	0	0	0	0	0	0	0	0	1030
Bma018520.1	null.14237	Bma018520.1	protein_coding	105	404	438	596	5	6	2	10	381	0	58	0	242	423	6	3	38	0	0	52	1	0	386	0
Bma018521.1	null.14238	Bma018521.1	protein_coding	0	0	0	1543	0	0	0	0	1543	0	0	0	0	0	0	0	0	0	0	0	0	0	0	0
Bma018529.1	null.14246	Bma018529.1	protein_coding	0	0	0	1117	0	0	0	0	1117	0	0	0	0	0	0	0	0	0	0	0	0	0	0	0
Bma018530.1	null.14247	Bma018530.1	protein_coding	110	180	162	665	2	13	3	2	0	0	70	0	717	147	18	8	45	0	0	31	0	0	154	0
Bma018547.1	null.14267	Bma018547.1	protein_coding	0	0	0	1933	0	0	0	0	0	0	0	0	0	0	0	0	0	0	0	0	0	0	0	1933
Bma018548.1	null.14268	Bma018548.1	protein_coding	0	0	0	2209	0	0	0	0	2209	0	0	0	0	0	0	0	0	0	0	0	0	0	0	0
Bma018549.1	null.14269	Bma018549.1	protein_coding	0	0	0	682	0	0	0	0	682	0	0	0	0	0	0	0	0	0	0	0	0	0	0	0
Bma018553.1	null.14274	Bma018553.1	protein_coding	0	0	0	662	0	0	0	0	662	0	0	0	0	0	0	0	0	0	0	0	0	0	0	0
Bma018554.2	null.14275	Bma018554.2	protein_coding	16	42	59	545	0	0	1	3	0	0	11	0	475	58	1	1	10	0	0	6	0	0	38	76
Bma018555.1	null.14276	Bma018555.1	protein_coding	0	0	0	662	0	0	0	0	0	0	0	0	0	0	0	0	0	0	0	0	0	0	0	662
Bma018556.1	null.14277	Bma018556.1	protein_coding	0	0	0	1725	0	0	0	0	1725	0	0	0	0	0	0	0	0	0	0	0	0	0	0	0
Bma018557.2	null.14278	Bma018557.2	protein_coding	447	630	651	1494	11	57	19	16	309	2	317	0	1466	573	40	50	295	0	0	105	5	0	437	0
Bma018600.6	null.14322	Bma018600.6	protein_coding	0	0	0	660	0	0	0	0	660	0	0	0	0	0	0	0	0	0	0	0	0	0	0	0
Bma018601.1	null.14323	Bma018601.1	protein_coding	48	152	247	213	3	7	4	3	189	0	37	0	38	230	0	0	18	0	0	11	3	0	138	0
Bma018602.2	null.14324	Bma018602.2	protein_coding	0	0	0	660	0	0	0	0	0	0	0	0	0	0	0	0	0	0	0	0	0	0	0	660
Bma018622.2	null.14342	Bma018622.2	protein_coding	0	0	0	2206	0	0	0	0	0	0	0	0	0	0	0	0	0	0	0	0	0	0	0	2206
Bma018623.7	null.14343	Bma018623.7	protein_coding	289	521	800	596	17	12	21	28	0	0	226	0	654	734	4	11	73	0	0	81	0	0	478	0
Bma018629.1	null.14348	Bma018629.1	protein_coding	0	0	0	1643	0	0	0	0	0	0	0	0	0	0	0	0	0	0	0	0	0	0	0	1643
Bma018630.2	null.14349	Bma018630.2	protein_coding	136	386	375	746	3	3	8	7	0	0	96	0	811	358	10	8	78	0	0	34	0	0	339	0
Bma018655.1	null.14373	Bma018655.1	protein_coding	0	0	0	1199	0	0	0	0	0	0	0	0	0	0	0	0	0	0	0	0	0	0	0	1199
Bma018656.1	null.14374	Bma018656.1	protein_coding	126	365	385	323	3	19	3	8	240	0	83	0	101	363	1	3	24	0	0	62	1	1	350	0
Bma018657.1	null.14375	Bma018657.1	protein_coding	0	0	0	1199	0	0	0	0	1199	0	0	0	0	0	0	0	0	0	0	0	0	0	0	0
Bma018676.1	null.14391	Bma018676.1	protein_coding	0	0	0	759	0	0	0	0	0	0	0	0	0	0	0	0	0	0	0	0	0	0	0	759
Bma018677.2	null.14392	Bma018677.2	protein_coding	17	4	11	1301	3	1	0	0	739	0	14	0	0	8	0	0	0	3	1	5	0	0	3	562
Bma018678.1	null.14393	Bma018678.1	protein_coding	0	0	0	1332	0	0	0	0	0	0	0	0	0	0	0	0	0	0	0	0	0	0	0	1332
Bma018689.1	null.14404	Bma018689.1	protein_coding	0	0	0	457	0	0	0	0	457	0	0	0	0	0	0	0	0	0	0	0	0	0	0	0
Bma018690.2	null.14405	Bma018690.2	protein_coding	68	96	94	971	1	3	6	4	0	0	51	0	423	86	3	6	38	2	0	22	0	0	72	581
Bma018691.1	null.14406	Bma018691.1	protein_coding	0	0	0	1193	0	0	0	0	0	0	0	0	0	0	0	0	0	0	0	0	0	0	0	1193
Bma018755.2	null.14468	Bma018755.2	protein_coding	0	0	0	1020	0	0	0	0	0	0	0	0	0	0	0	0	0	0	0	0	0	0	0	1020
Bma018756.1	null.14469	Bma018756.1	protein_coding	0	0	0	1020	0	0	0	0	1020	0	0	0	0	0	0	0	0	0	0	0	0	0	0	0
Bma018759.1	null.14472	Bma018759.1	protein_coding	19	161	201	26	2	3	2	0	0	0	8	1	0	196	0	0	0	0	0	11	0	0	160	26
Bma018760.1	null.14473	Bma018760.1	protein_coding	0	0	0	407	0	0	0	0	407	0	0	0	0	0	0	0	0	0	0	0	0	0	0	0
Bma018772.1	null.14484	Bma018772.1	protein_coding	93	99	92	1225	2	5	2	12	660	1	63	0	622	80	7	12	57	0	0	35	0	0	61	0
Bma018773.2	null.14485	Bma018773.2	protein_coding	0	0	0	1508	0	0	0	0	1508	0	0	0	0	0	0	0	0	0	0	0	0	0	0	0
Bma018810.1	null.14518	Bma018810.1	protein_coding	0	0	0	1273	0	0	0	0	0	0	0	0	0	0	0	0	0	0	0	0	0	0	0	1273
Bma018811.1	null.14519	Bma018811.1	protein_coding	228	151	300	750	8	35	15	9	0	0	196	0	712	246	5	5	42	1	0	39	0	0	129	70
Bma018812.1	null.14520	Bma018812.1	protein_coding	0	0	0	1429	0	0	0	0	1429	0	0	0	0	0	0	0	0	0	0	0	0	0	0	0
Bma018822.1	null.14531	Bma018822.1	protein_coding	0	0	0	1325	0	0	0	0	0	0	0	0	0	0	0	0	0	0	0	0	0	0	0	1325
Bma018823.1	null.14532	Bma018823.1	protein_coding	0	0	0	1325	0	0	0	0	0	0	0	0	0	0	0	0	0	0	0	0	0	0	0	1325
Bma018824.1	null.14533	Bma018824.1	protein_coding	80	303	482	461	1	6	3	5	337	0	36	2	0	467	0	0	2	2	0	44	1	1	300	124
Bma018845.1	null.14551	Bma018845.1	protein_coding	0	0	0	844	0	0	0	0	844	0	0	0	0	0	0	0	0	0	0	0	0	0	0	0
Bma018846.1	null.14552	Bma018846.1	protein_coding	0	0	0	844	0	0	0	0	0	0	0	0	0	0	0	0	0	0	0	0	0	0	0	844
Bma018847.1	null.14553	Bma018847.1	protein_coding	176	183	223	263	3	28	3	10	84	0	131	0	227	193	12	5	68	0	0	68	4	1	151	0
Bma018881.1	null.14583	Bma018881.1	protein_coding	177	642	780	1047	5	8	7	28	0	0	124	0	864	739	7	7	65	8	0	53	0	0	599	240
Bma018904.1	null.14604	Bma018904.1	protein_coding	0	0	0	821	0	0	0	0	0	0	0	0	0	0	0	0	0	0	0	0	0	0	0	821
Bma018905.1	null.14605	Bma018905.1	protein_coding	78	243	179	322	7	7	6	12	322	0	62	0	5	153	4	0	6	0	0	17	2	0	242	0
Bma018928.1	null.14628	Bma018928.1	protein_coding	0	0	0	1194	0	0	0	0	0	0	0	0	0	0	0	0	0	0	0	0	0	0	0	1194
Bma018929.2	null.14629	Bma018929.2	protein_coding	69	122	125	878	1	21	2	6	0	0	44	0	927	103	3	3	64	0	0	35	0	0	79	0
Bma018982.1	null.14677	Bma018982.1	protein_coding	141	313	370	1120	6	5	4	20	457	0	71	0	739	348	6	17	84	0	0	69	1	1	259	0
Bma018983.1	null.14678	Bma018983.1	protein_coding	43	170	130	2150	1	7	2	4	1944	0	31	0	235	119	2	2	30	0	0	13	0	0	145	0
Bma018998.1	null.14692	Bma018998.1	protein_coding	0	0	0	222	0	0	0	0	222	0	0	0	0	0	0	0	0	0	0	0	0	0	0	0
Bma018999.1	null.14693	Bma018999.1	protein_coding	32	92	95	3	1	2	2	0	0	0	28	0	0	91	0	0	0	1	0	4	0	0	92	3
Bma019001.1	null.14694	Bma019001.1	protein_coding	69	402	393	99	11	7	9	3	0	0	39	0	114	364	2	3	15	0	0	30	0	0	392	0
Bma019002.1	null.14695	Bma019002.1	protein_coding	241	562	700	1382	9	27	13	7	237	0	171	0	626	657	8	7	71	0	0	85	0	1	514	581
Bma019003.1	null.14696	Bma019003.1	protein_coding	0	0	0	1408	0	0	0	0	581	0	0	0	0	0	0	0	0	0	0	0	0	0	0	827
Bma019004.1	null.14698	Bma019004.1	protein_coding	61	189	304	3	2	1	4	5	3	0	42	0	0	292	0	0	2	0	0	22	1	1	188	0
Bma019005.1	null.14699	Bma019005.1	protein_coding	0	0	0	1290	0	0	0	0	733	0	0	0	0	0	0	0	0	0	0	0	0	0	0	557
Bma019006.1	null.14700	Bma019006.1	protein_coding	42	267	249	184	2	3	0	8	184	0	36	0	0	237	0	0	1	0	0	10	0	1	266	0
Bma019007.1	null.14701	Bma019007.1	protein_coding	0	0	0	742	0	0	0	0	742	0	0	0	0	0	0	0	0	0	0	0	0	0	0	0
Bma019010.1	null.14704	Bma019010.1	protein_coding	110	189	178	1871	2	4	2	22	1378	0	69	0	591	158	14	9	118	0	0	38	0	0	114	0
Bma019011.1	null.14705	Bma019011.1	protein_coding	0	0	0	2354	0	0	0	0	1384	0	0	0	0	0	0	0	0	0	0	0	0	0	0	970
Bma019012.1	null.14706	Bma019012.1	protein_coding	51	135	158	2720	1	2	0	2	1629	0	23	0	298	154	4	5	45	0	0	17	2	0	105	832
Bma019013.1	null.14707	Bma019013.1	protein_coding	93	319	331	1402	4	7	12	2	1376	0	61	0	0	306	0	0	1	1	0	34	0	1	318	26
Bma019018.2	null.14712	Bma019018.2	protein_coding	112	259	297	1778	5	4	4	6	0	0	81	0	1804	281	6	10	55	0	0	25	0	0	226	23
Bma019021.1	null.14714	Bma019021.1	protein_coding	0	0	0	350	0	0	0	0	350	0	0	0	0	0	0	0	0	0	0	0	0	0	0	0
Bma019022.1	null.14715	Bma019022.1	protein_coding	0	0	0	350	0	0	0	0	0	0	0	0	0	0	0	0	0	0	0	0	0	0	0	350
Bma019023.1	null.14716	Bma019023.1	protein_coding	85	64	56	145	5	7	2	11	0	0	75	0	160	34	5	0	11	0	0	12	0	0	54	0
Bma019024.1	null.14717	Bma019024.1	protein_coding	66	177	331	0	5	3	9	8	0	0	55	0	0	306	0	0	0	0	0	12	0	0	177	0
Bma019025.1	null.14718	Bma019025.1	protein_coding	0	0	0	656	0	0	0	0	656	0	0	0	0	0	0	0	0	0	0	0	0	0	0	0
Bma019026.1	null.14719	Bma019026.1	protein_coding	22	34	39	561	0	7	0	2	0	0	11	0	574	36	3	2	15	0	0	16	0	0	26	0
Bma019027.1	null.14720	Bma019027.1	protein_coding	0	0	0	1045	0	0	0	0	389	0	0	0	0	0	0	0	0	0	0	0	0	0	0	656
Bma019028.1	null.14721	Bma019028.1	protein_coding	0	0	0	389	0	0	0	0	0	0	0	0	0	0	0	0	0	0	0	0	0	0	0	389
Bma019029.1	null.14722	Bma019029.1	protein_coding	22	54	83	230	1	4	0	0	172	0	11	0	71	79	4	0	15	0	0	7	3	1	44	0
Bma019031.1	null.14724	Bma019031.1	protein_coding	0	0	0	1480	0	0	0	0	1480	0	0	0	0	0	0	0	0	0	0	0	0	0	0	0
Bma019041.1	null.14728	Bma019041.1	protein_coding	195	292	271	897	7	11	10	32	471	0	134	0	526	228	21	8	119	0	0	66	6	0	221	0
Bma019042.1	null.14729	Bma019042.1	protein_coding	0	0	0	1653	0	0	0	0	1653	0	0	0	0	0	0	0	0	0	0	0	0	0	0	0
Bma019043.1	null.14730	Bma019043.1	protein_coding	0	0	0	807	0	0	0	0	0	0	0	0	0	0	0	0	0	0	0	0	0	0	0	807
Bma019045.1	null.14731	Bma019045.1	protein_coding	16	27	36	1470	0	1	1	2	1009	0	12	0	0	32	0	0	0	3	0	3	0	0	27	461
Bma019046.1	null.14732	Bma019046.1	protein_coding	64	139	158	2004	0	13	2	0	539	0	47	0	529	144	4	3	25	0	0	20	0	0	125	957
Bma019047.1	null.14733	Bma019047.1	protein_coding	3	4	2	1819	1	0	0	0	1819	0	2	0	0	2	0	0	3	0	0	0	2	0	4	0
Bma019050.1	null.14736	Bma019050.1	protein_coding	0	0	0	393	0	0	0	0	393	0	0	0	0	0	0	0	0	0	0	0	0	0	0	0
Bma019051.1	null.14737	Bma019051.1	protein_coding	14	59	75	245	1	7	1	0	245	0	8	0	0	67	0	0	5	0	0	3	3	1	58	0
Bma019057.1	null.14740	Bma019057.1	protein_coding	14	47	62	2649	3	1	1	0	2360	0	10	0	303	58	1	1	20	0	0	3	0	0	35	0
Bma019058.1	null.14741	Bma019058.1	protein_coding	279	624	740	1143	10	48	5	20	412	0	201	0	812	684	9	6	95	0	0	135	0	0	558	0
Bma019073.1	null.14754	Bma019073.1	protein_coding	87	199	264	1158	4	12	2	3	145	0	48	0	151	251	4	1	47	0	0	36	10	1	171	894
Bma019074.1	null.14755	Bma019074.1	protein_coding	133	154	228	1192	12	1	7	10	0	0	109	2	323	202	7	1	49	10	0	15	0	0	122	907
Bma019081.1	null.14762	Bma019081.1	protein_coding	29	109	81	1773	1	3	1	2	152	0	21	0	525	75	3	4	24	0	0	9	0	0	95	1117
Bma019082.1	null.14763	Bma019082.1	protein_coding	0	0	0	1992	0	0	0	0	1117	0	0	0	0	0	0	0	0	0	0	0	0	0	0	875
Bma019083.1	null.14764	Bma019083.1	protein_coding	87	177	192	2596	6	11	8	13	1935	0	56	0	373	162	10	2	54	0	0	29	0	0	134	343
Bma019084.1	null.14765	Bma019084.1	protein_coding	113	171	239	1966	3	4	1	10	554	0	96	0	230	222	0	1	8	0	2	30	0	0	161	1191
Bma019085.1	null.14766	Bma019085.1	protein_coding	0	0	0	2927	0	0	0	0	1935	0	0	0	0	0	0	0	0	0	0	0	0	0	0	992
Bma019086.1	null.14767	Bma019086.1	protein_coding	108	297	318	269	3	8	5	2	269	0	82	0	0	302	0	0	1	0	0	28	1	0	297	0
Bma019090.1	null.14772	Bma019090.1	protein_coding	0	0	0	682	0	0	0	0	682	0	0	0	0	0	0	0	0	0	0	0	0	0	0	0
Bma019091.1	null.14773	Bma019091.1	protein_coding	39	58	76	1110	1	4	2	10	535	0	27	0	586	61	1	3	17	0	0	8	1	2	49	0
Bma019092.1	null.14774	Bma019092.1	protein_coding	0	0	0	2490	0	0	0	0	1207	0	0	0	0	0	0	0	0	0	0	0	0	0	0	1283
Bma019093.1	null.14775	Bma019093.1	protein_coding	97	445	378	411	3	3	9	12	0	0	82	0	441	353	5	1	29	0	0	13	0	0	421	0
Bma019095.1	null.14776	Bma019095.1	protein_coding	19	129	128	0	1	0	0	0	0	0	14	0	0	127	0	0	0	0	0	8	0	0	129	0
Bma019097.1	null.14778	Bma019097.1	protein_coding	0	0	0	935	0	0	0	0	935	0	0	0	0	0	0	0	0	0	0	0	0	0	0	0
Bma019098.1	null.14779	Bma019098.1	protein_coding	0	0	0	935	0	0	0	0	935	0	0	0	0	0	0	0	0	0	0	0	0	0	0	0
Bma019099.2	null.14780	Bma019099.2	protein_coding	39	120	107	670	1	4	0	0	0	0	24	0	664	103	0	7	13	1	0	8	0	0	115	18
Bma019100.1	null.14781	Bma019100.1	protein_coding	0	0	0	1897	0	0	0	0	935	0	0	0	0	0	0	0	0	0	0	0	0	0	0	962
Bma019101.1	null.14782	Bma019101.1	protein_coding	23	58	91	2504	0	4	0	1	935	0	13	0	798	87	0	1	11	0	0	10	0	0	51	779
Bma019102.1	null.14783	Bma019102.1	protein_coding	0	0	0	1149	0	0	0	0	0	0	0	0	0	0	0	0	0	0	0	0	0	0	0	1149
Bma019103.1	null.14784	Bma019103.1	protein_coding	0	0	0	3462	0	0	0	0	2683	0	0	0	0	0	0	0	0	0	0	0	0	0	0	779
Bma019104.1	null.14785	Bma019104.1	protein_coding	267	394	499	2781	20	22	19	13	0	0	201	0	1627	437	14	21	126	0	0	56	0	0	317	1266
Bma019105.1	null.14786	Bma019105.1	protein_coding	438	808	937	4153	24	57	22	19	2683	0	298	1	1072	850	20	15	128	1	0	151	0	0	718	522
Bma019106.1	null.14787	Bma019106.1	protein_coding	0	0	0	2625	0	0	0	0	2625	0	0	0	0	0	0	0	0	0	0	0	0	0	0	0
Bma019130.1	null.14806	Bma019130.1	protein_coding	44	160	168	347	1	1	0	2	0	0	18	0	310	164	3	13	41	0	0	11	0	0	134	79
Bma019131.1	null.14807	Bma019131.1	protein_coding	0	0	0	1370	0	0	0	0	1370	0	0	0	0	0	0	0	0	0	0	0	0	0	0	0
Bma019132.1	null.14808	Bma019132.1	protein_coding	108	128	142	1783	4	18	7	6	636	0	86	0	406	111	9	6	60	0	0	30	1	0	93	791
Bma019133.1	null.14809	Bma019133.1	protein_coding	0	0	0	2161	0	0	0	0	1370	0	0	0	0	0	0	0	0	0	0	0	0	0	0	791
Bma019134.1	null.14810	Bma019134.1	protein_coding	94	203	216	2343	10	3	10	6	720	0	67	0	326	192	18	0	50	0	0	22	0	0	173	1345
Bma019135.1	null.14811	Bma019135.1	protein_coding	0	0	0	1889	0	0	0	0	1098	0	0	0	0	0	0	0	0	0	0	0	0	0	0	791
Bma019136.1	null.14812	Bma019136.1	protein_coding	46	421	303	3625	0	1	3	3	843	0	35	0	0	297	0	0	0	0	0	13	0	0	421	2782
Bma019137.1	null.14813	Bma019137.1	protein_coding	229	594	807	2018	16	16	18	27	0	0	162	0	674	739	4	3	42	2	1	75	0	0	565	1379
Bma019139.1	null.14814	Bma019139.1	protein_coding	120	167	209	672	2	7	6	3	0	0	99	0	97	193	1	9	37	0	0	17	0	0	150	602
Bma019140.2	null.14815	Bma019140.2	protein_coding	69	111	162	1473	1	2	0	12	709	0	46	0	224	157	4	3	29	0	0	36	1	1	91	566
Bma019141.1	null.14816	Bma019141.1	protein_coding	56	218	373	602	7	6	3	2	602	0	45	0	0	355	0	0	0	0	0	11	0	0	218	0
Bma019143.1	null.14818	Bma019143.1	protein_coding	51	218	213	237	6	0	5	4	0	0	40	0	0	200	0	0	0	2	0	12	0	0	218	237
Bma019144.1	null.14819	Bma019144.1	protein_coding	29	37	56	49	0	6	1	1	0	0	19	0	69	50	7	1	15	0	0	12	0	0	25	0
Bma019145.1	null.14820	Bma019145.1	protein_coding	0	0	0	171	0	0	0	0	171	0	0	0	0	0	0	0	0	0	0	0	0	0	0	0
Bma019152.1	null.14826	Bma019152.1	protein_coding	89	124	148	455	4	9	2	3	0	0	64	0	492	136	7	5	47	0	0	20	0	0	99	0
Bma019153.1	null.14827	Bma019153.1	protein_coding	0	0	0	816	0	0	0	0	0	0	0	0	0	0	0	0	0	0	0	0	0	0	0	816
Bma019156.1	null.14829	Bma019156.1	protein_coding	21	33	13	612	0	1	0	0	51	0	12	0	588	12	8	0	24	0	0	1	0	0	14	0
Bma019157.1	null.14830	Bma019157.1	protein_coding	0	0	0	679	0	0	0	0	679	0	0	0	0	0	0	0	0	0	0	0	0	0	0	0
Bma019159.1	null.14832	Bma019159.1	protein_coding	85	179	215	1036	4	17	4	4	0	0	46	0	158	196	5	11	34	0	0	30	0	0	162	911
Bma019160.1	null.14833	Bma019160.1	protein_coding	61	276	393	1150	12	2	8	2	365	0	39	0	0	369	0	0	0	0	0	23	0	0	276	785
Bma019161.1	null.14834	Bma019161.1	protein_coding	0	0	0	2630	0	0	0	0	1719	0	0	0	0	0	0	0	0	0	0	0	0	0	0	911
Bma019162.1	null.14835	Bma019162.1	protein_coding	195	387	411	727	5	9	12	4	0	0	152	1	0	387	0	0	0	1	3	45	0	0	383	727
Bma019166.1	null.14837	Bma019166.1	protein_coding	0	0	0	1063	0	0	0	0	1063	0	0	0	0	0	0	0	0	0	0	0	0	0	0	0
Bma019167.1	null.14839	Bma019167.1	protein_coding	90	74	103	896	0	17	7	5	388	0	71	0	226	79	4	4	31	1	0	18	0	0	56	308
Bma019168.1	null.14840	Bma019168.1	protein_coding	0	0	0	775	0	0	0	0	775	0	0	0	0	0	0	0	0	0	0	0	0	0	0	0
Bma019208.2	null.14876	Bma019208.2	protein_coding	0	0	0	269	0	0	0	0	269	0	0	0	0	0	0	0	0	0	0	0	0	0	0	0
Bma019209.1	null.14877	Bma019209.1	protein_coding	126	264	332	608	3	9	8	12	0	0	96	0	245	306	2	0	46	2	0	33	0	0	244	385
Bma019212.1	null.14878	Bma019212.1	protein_coding	0	0	0	2300	0	0	0	0	0	0	0	0	0	0	0	0	0	0	0	0	0	0	0	2300
Bma019213.1	null.14879	Bma019213.1	protein_coding	293	446	587	1225	7	44	15	9	155	0	239	0	1159	523	12	12	106	0	0	52	3	0	381	0
Bma019231.1	null.14892	Bma019231.1	protein_coding	46	151	132	400	0	2	0	0	0	0	27	0	428	130	2	3	33	0	0	17	0	0	128	0
Bma019234.1	null.14893	Bma019234.1	protein_coding	0	0	0	1724	0	0	0	0	1724	0	0	0	0	0	0	0	0	0	0	0	0	0	0	0
Bma019235.1	null.14894	Bma019235.1	protein_coding	187	353	449	736	10	29	2	11	187	0	126	0	618	411	12	8	93	0	0	63	2	1	303	0
Bma019236.1	null.14895	Bma019236.1	protein_coding	0	0	0	70	0	0	0	0	70	0	0	0	0	0	0	0	0	0	0	0	0	0	0	0
Bma019240.1	null.14899	Bma019240.1	protein_coding	0	0	0	1128	0	0	0	0	0	0	0	0	0	0	0	0	0	0	0	0	0	0	0	1128
Bma019241.2	null.14900	Bma019241.2	protein_coding	94	102	86	846	6	10	5	14	0	0	71	0	901	57	6	12	57	0	0	21	0	0	65	0
Bma019273.1	null.14923	Bma019273.1	protein_coding	305	544	738	1350	8	42	16	22	231	0	238	0	331	666	5	5	46	3	0	77	5	1	521	820
Bma019274.1	null.14924	Bma019274.1	protein_coding	43	84	84	1596	0	4	2	6	0	0	29	0	282	76	0	2	6	1	0	17	0	0	82	1318
Bma019275.1	null.14925	Bma019275.1	protein_coding	0	0	0	759	0	0	0	0	759	0	0	0	0	0	0	0	0	0	0	0	0	0	0	0
Bma019366.2	null.14992	Bma019366.2	protein_coding	38	63	85	235	0	5	2	0	0	0	18	0	73	84	5	4	25	0	0	13	0	0	50	184
Bma019367.2	null.14993	Bma019367.2	protein_coding	0	0	0	421	0	0	0	0	421	0	0	0	0	0	0	0	0	0	0	0	0	0	0	0
Bma019486.1	null.15084	Bma019486.1	protein_coding	92	244	394	6	5	7	9	3	0	0	64	0	29	371	13	0	13	0	0	20	0	0	234	0
Bma019487.1	null.15085	Bma019487.1	protein_coding	0	0	0	736	0	0	0	0	736	0	0	0	0	0	0	0	0	0	0	0	0	0	0	0
Bma019507.1	null.15099	Bma019507.1	protein_coding	0	0	0	1044	0	0	0	0	0	0	0	0	0	0	0	0	0	0	0	0	0	0	0	1044
Bma019508.1	null.15100	Bma019508.1	protein_coding	333	550	687	2857	13	42	19	20	55	0	230	1	1147	622	15	18	124	2	1	100	0	0	476	1760
Bma019519.1	null.15109	Bma019519.1	protein_coding	39	89	94	141	3	7	0	5	0	0	23	0	181	80	3	7	45	0	0	10	0	0	59	0
Bma019576.1	null.15142	Bma019576.1	protein_coding	20	52	50	516	0	0	0	1	0	0	14	0	527	49	1	1	12	0	0	4	0	0	43	0
Bma019583.1	null.15146	Bma019583.1	protein_coding	0	0	0	1120	0	0	0	0	0	0	0	0	0	0	0	0	0	0	0	0	0	0	0	1120
Bma019584.1	null.15147	Bma019584.1	protein_coding	79	232	220	589	1	14	2	3	137	0	52	0	489	208	2	2	44	0	0	43	0	0	199	0
Bma019585.1	null.15148	Bma019585.1	protein_coding	0	0	0	1120	0	0	0	0	1120	0	0	0	0	0	0	0	0	0	0	0	0	0	0	0
Bma019592.1	null.15154	Bma019592.1	protein_coding	0	0	0	916	0	0	0	0	916	0	0	0	0	0	0	0	0	0	0	0	0	0	0	0
Bma019593.1	null.15155	Bma019593.1	protein_coding	0	0	0	916	0	0	0	0	0	0	0	0	0	0	0	0	0	0	0	0	0	0	0	916
Bma019594.1	null.15156	Bma019594.1	protein_coding	134	134	147	504	4	28	4	12	192	0	93	0	371	109	12	11	71	0	0	38	5	1	97	0
Bma019669.2	null.15209	Bma019669.2	protein_coding	46	145	143	96	1	4	0	2	0	0	16	0	119	138	4	6	28	0	0	23	0	0	130	2
Bma019674.1	null.15214	Bma019674.1	protein_coding	67	92	84	426	1	9	2	2	0	0	52	0	410	70	2	6	16	0	0	15	0	0	83	33
Bma019700.1	null.15229	Bma019700.1	protein_coding	109	259	328	556	6	21	8	5	26	0	63	0	518	297	8	9	69	0	0	38	1	1	215	72
Bma019734.1	null.15239	Bma019734.1	protein_coding	41	213	155	744	1	2	1	2	377	0	24	0	0	149	0	0	4	1	0	16	1	3	210	367
Bma019759.1	null.15251	Bma019759.1	protein_coding	84	161	152	440	5	13	2	2	0	0	59	0	364	142	3	2	27	0	1	25	0	0	145	96
Bma019902.1	null.15334	Bma019902.1	protein_coding	263	375	460	2395	16	44	14	9	0	2	188	0	2507	399	11	20	147	0	0	88	0	0	292	0
Bma019920.3	null.15345	Bma019920.3	protein_coding	199	447	516	919	19	37	16	10	223	0	130	0	782	452	14	11	111	0	0	64	4	2	384	0
Bma020009.1	null.15399	Bma020009.1	protein_coding	131	142	132	1070	22	17	10	17	7	0	106	0	1112	80	4	12	78	0	0	25	0	0	109	0
Bma020048.1	null.15429	Bma020048.1	protein_coding	0	0	0	1090	0	0	0	0	1090	0	0	0	0	0	0	0	0	0	0	0	0	0	0	0
Bma020125.1	null.15475	Bma020125.1	protein_coding	102	182	222	173	6	8	5	20	0	0	68	0	216	201	6	4	47	0	0	48	0	0	145	4
Bma020208.1	null.15521	Bma020208.1	protein_coding	207	311	285	1200	9	37	8	13	467	0	129	0	836	250	9	21	121	0	0	95	0	1	237	0
Bma020344.1	null.15617	Bma020344.1	protein_coding	90	156	176	188	10	7	6	1	0	0	64	0	220	154	3	10	31	0	0	26	0	0	137	0
Bma020346.1	null.15618	Bma020346.1	protein_coding	0	0	0	2882	0	0	0	0	2882	0	0	0	0	0	0	0	0	0	0	0	0	0	0	0
Bma020456.2	null.15703	Bma020456.2	protein_coding	188	561	827	2160	17	6	14	15	0	0	142	0	2202	780	10	0	55	0	0	63	0	0	529	0
Bma020457.1	null.15704	Bma020457.1	protein_coding	0	0	0	979	0	0	0	0	979	0	0	0	0	0	0	0	0	0	0	0	0	0	0	0
Bma020467.1	null.15714	Bma020467.1	protein_coding	0	0	0	212	0	0	0	0	212	0	0	0	0	0	0	0	0	0	0	0	0	0	0	0
Bma020468.1	null.15715	Bma020468.1	protein_coding	0	0	0	798	0	0	0	0	798	0	0	0	0	0	0	0	0	0	0	0	0	0	0	0
Bma020469.1	null.15716	Bma020469.1	protein_coding	116	44	54	584	3	16	5	11	0	0	85	0	525	35	0	6	25	2	0	48	0	0	26	83
Bma020536.1	null.15775	Bma020536.1	protein_coding	249	280	383	496	18	19	23	18	0	0	211	0	528	316	3	5	49	0	0	68	0	0	256	0
Bma020633.1	null.15865	Bma020633.1	protein_coding	0	0	0	320	0	0	0	0	0	0	0	0	0	0	0	0	0	0	0	0	0	0	0	320
Bma020634.1	null.15866	Bma020634.1	protein_coding	15	189	116	0	2	0	0	2	0	0	13	0	0	113	0	0	0	0	0	2	0	0	189	0
Bma020635.1	null.15867	Bma020635.1	protein_coding	0	0	0	320	0	0	0	0	0	0	0	0	0	0	0	0	0	0	0	0	0	0	0	320
Bma020636.1	null.15868	Bma020636.1	protein_coding	0	0	0	153	0	0	0	0	153	0	0	0	0	0	0	0	0	0	0	0	0	0	0	0
Bma020701.1	null.15895	Bma020701.1	protein_coding	27	94	60	681	1	2	0	1	0	0	19	0	716	57	3	3	39	0	0	6	0	0	65	0
Bma020728.1	null.15921	Bma020728.1	protein_coding	0	0	0	1053	0	0	0	0	0	0	0	0	0	0	0	0	0	0	0	0	0	0	0	1053
Bma020729.1	null.15922	Bma020729.1	protein_coding	109	284	354	306	2	9	6	6	0	0	69	0	369	336	8	12	62	0	0	36	0	0	241	0
Bma020804.1	null.15990	Bma020804.1	protein_coding	0	0	0	1042	0	0	0	0	0	0	0	0	0	0	0	0	0	0	0	0	0	0	0	1042
Bma020805.1	null.15991	Bma020805.1	protein_coding	76	265	387	314	4	3	6	8	186	0	63	0	0	368	0	0	0	3	0	16	0	0	265	128
Bma020806.2	null.15992	Bma020806.2	protein_coding	0	0	0	1042	0	0	0	0	0	0	0	0	0	0	0	0	0	0	0	0	0	0	0	1042
Bma020870.1	null.16039	Bma020870.1	protein_coding	0	0	0	687	0	0	0	0	0	0	0	0	0	0	0	0	0	0	0	0	0	0	0	687
Bma020871.1	null.16040	Bma020871.1	protein_coding	220	510	693	483	10	3	10	7	84	0	176	0	0	664	0	0	4	6	2	55	1	3	505	399
Bma021107.1	null.16193	Bma021107.1	protein_coding	137	125	160	1376	5	8	15	13	0	0	115	1	832	129	5	5	46	4	0	26	0	0	95	583
Bma021158.1	null.16233	Bma021158.1	protein_coding	38	43	102	560	0	1	1	33	0	0	27	0	528	73	0	4	9	0	0	10	0	0	42	37
Bma021371.1	null.16357	Bma021371.1	protein_coding	49	67	66	932	1	11	3	4	0	0	34	0	943	55	2	1	32	1	0	26	0	0	44	15
Bma021518.1	null.16430	Bma021518.1	protein_coding	246	575	738	545	16	28	31	50	0	0	184	0	596	636	4	8	61	0	0	109	0	0	536	0
Bma021768.1	null.16579	Bma021768.1	protein_coding	0	0	0	2109	0	0	0	0	2109	0	0	0	0	0	0	0	0	0	0	0	0	0	0	0
Bma021769.1	null.16580	Bma021769.1	protein_coding	71	67	104	1867	1	9	3	9	0	0	43	0	1673	90	2	13	41	0	0	26	0	0	41	235
Bma021821.1	null.16610	Bma021821.1	protein_coding	29	76	95	1096	1	0	1	3	0	0	17	0	1128	91	5	6	29	0	0	2	0	0	55	0
Bma021845.1	null.16629	Bma021845.1	protein_coding	71	245	278	211	6	4	5	7	123	0	46	0	112	256	2	5	25	0	0	21	1	1	227	0
Bma021846.1	null.16630	Bma021846.1	protein_coding	0	0	0	805	0	0	0	0	805	0	0	0	0	0	0	0	0	0	0	0	0	0	0	0
Bma021889.1	null.16670	Bma021889.1	protein_coding	0	0	0	856	0	0	0	0	856	0	0	0	0	0	0	0	0	0	0	0	0	0	0	0
Bma021890.1	null.16671	Bma021890.1	protein_coding	0	0	0	1472	0	0	0	0	0	0	0	0	0	0	0	0	0	0	0	0	0	0	0	1472
Bma021891.1	null.16672	Bma021891.1	protein_coding	172	195	237	868	12	23	9	8	301	0	146	0	612	196	9	2	55	0	0	37	2	1	160	0
Bma021910.1	null.16689	Bma021910.1	protein_coding	0	0	0	779	0	0	0	0	779	0	0	0	0	0	0	0	0	0	0	0	0	0	0	0
Bma021911.1	null.16690	Bma021911.1	protein_coding	81	148	173	379	8	15	3	7	0	0	49	0	403	152	3	13	55	6	0	25	0	0	114	26
Bma021912.1	null.16691	Bma021912.1	protein_coding	0	0	0	779	0	0	0	0	0	0	0	0	0	0	0	0	0	0	0	0	0	0	0	779
Bma021967.2	null.16733	Bma021967.2	protein_coding	168	389	472	719	4	7	11	7	138	0	120	0	403	447	1	6	35	0	0	42	7	0	370	204
Bma021968.1	null.16734	Bma021968.1	protein_coding	0	0	0	1744	0	0	0	0	1744	0	0	0	0	0	0	0	0	0	0	0	0	0	0	0
Bma022004.1	null.16768	Bma022004.1	protein_coding	208	310	306	985	4	27	5	33	353	0	144	0	690	271	6	9	64	0	0	99	1	0	267	0
Bma022005.1	null.16769	Bma022005.1	protein_coding	0	0	0	1809	0	0	0	0	0	0	0	0	0	0	0	0	0	0	0	0	0	0	0	1809
Bma022103.1	null.16839	Bma022103.1	protein_coding	271	513	579	550	12	19	12	26	199	0	198	0	414	524	10	8	71	0	0	76	2	1	467	0
Bma022105.1	null.16841	Bma022105.1	protein_coding	98	126	99	1831	8	5	1	6	440	0	75	0	1445	83	13	7	64	0	0	26	2	2	90	0
Bma022129.2	null.16862	Bma022129.2	protein_coding	0	0	0	1313	0	0	0	0	1313	0	0	0	0	0	0	0	0	0	0	0	0	0	0	0
Bma022130.2	null.16863	Bma022130.2	protein_coding	155	170	165	1284	13	8	10	23	0	0	114	0	1370	120	21	20	116	0	0	17	0	0	107	18
Bma022143.1	null.16874	Bma022143.1	protein_coding	0	0	0	1081	0	0	0	0	1081	0	0	0	0	0	0	0	0	0	0	0	0	0	0	0
Bma022144.1	null.16875	Bma022144.1	protein_coding	166	766	658	788	6	11	11	19	0	0	117	0	819	622	3	6	33	0	0	48	0	0	744	0
Bma022165.1	null.16892	Bma022165.1	protein_coding	0	0	0	1777	0	0	0	0	1777	0	0	0	0	0	0	0	0	0	0	0	0	0	0	0
Bma022166.1	null.16893	Bma022166.1	protein_coding	167	344	333	1986	13	14	4	19	0	0	105	0	2073	302	20	18	117	0	0	46	0	0	275	20
Bma022187.1	null.16910	Bma022187.1	protein_coding	0	0	0	1683	0	0	0	0	1683	0	0	0	0	0	0	0	0	0	0	0	0	0	0	0
Bma022188.1	null.16911	Bma022188.1	protein_coding	0	0	0	1683	0	0	0	0	1683	0	0	0	0	0	0	0	0	0	0	0	0	0	0	0
Bma022189.1	null.16912	Bma022189.1	protein_coding	0	0	0	1543	0	0	0	0	0	0	0	0	0	0	0	0	0	0	0	0	0	0	0	1543
Bma022190.1	null.16914	Bma022190.1	protein_coding	0	0	0	341	0	0	0	0	341	0	0	0	0	0	0	0	0	0	0	0	0	0	0	0
Bma022191.2	null.16915	Bma022191.2	protein_coding	0	8	10	646	0	0	0	0	646	0	0	0	0	10	0	0	2	0	0	0	0	2	6	0
Bma022192.1	null.16916	Bma022192.1	protein_coding	0	0	0	664	0	0	0	0	0	0	0	0	0	0	0	0	0	0	0	0	0	0	0	664
Bma022194.1	null.16918	Bma022194.1	protein_coding	288	195	249	681	18	29	20	11	0	0	226	0	743	191	13	18	74	0	0	62	0	0	156	8
Bma022226.1	null.16942	Bma022226.1	protein_coding	146	237	237	1167	5	11	8	28	481	0	81	0	786	205	17	12	116	0	0	61	3	0	166	0
Bma022227.1	null.16943	Bma022227.1	protein_coding	0	0	0	1787	0	0	0	0	1787	0	0	0	0	0	0	0	0	0	0	0	0	0	0	0
Bma022232.1	null.16949	Bma022232.1	protein_coding	1	3	0	430	0	0	0	0	0	0	1	0	433	0	0	0	4	0	0	0	0	0	0	0
Bma022240.2	null.16955	Bma022240.2	protein_coding	41	78	102	1012	1	9	0	3	0	0	27	0	738	94	0	3	14	0	0	16	0	0	73	282
Bma022241.1	null.16956	Bma022241.1	protein_coding	0	0	0	577	0	0	0	0	0	0	0	0	0	0	0	0	0	0	0	0	0	0	0	577
Bma022243.1	null.16958	Bma022243.1	protein_coding	0	0	0	2031	0	0	0	0	0	0	0	0	0	0	0	0	0	0	0	0	0	0	0	2031
Bma022244.2	null.16959	Bma022244.2	protein_coding	0	0	0	2031	0	0	0	0	0	0	0	0	0	0	0	0	0	0	0	0	0	0	0	2031
Bma022247.1	null.16961	Bma022247.1	protein_coding	0	0	0	772	0	0	0	0	0	0	0	0	0	0	0	0	0	0	0	0	0	0	0	772
Bma022248.1	null.16962	Bma022248.1	protein_coding	103	508	578	619	4	2	5	2	619	0	43	0	0	566	0	0	2	0	0	59	2	0	508	0
Bma022249.1	null.16963	Bma022249.1	protein_coding	80	255	279	1194	3	1	4	3	1194	0	54	0	0	270	0	0	0	0	0	26	0	0	255	0
Bma022250.1	null.16964	Bma022250.1	protein_coding	0	0	0	2187	0	0	0	0	1573	0	0	0	0	0	0	0	0	0	0	0	0	0	0	614
Bma022251.1	null.16965	Bma022251.1	protein_coding	122	165	180	1106	6	23	1	8	0	0	89	0	1151	155	6	7	48	0	0	43	0	0	133	0
Bma022252.1	null.16966	Bma022252.1	protein_coding	0	0	0	1573	0	0	0	0	1573	0	0	0	0	0	0	0	0	0	0	0	0	0	0	0
Bma022253.1	null.16967	Bma022253.1	protein_coding	64	300	247	922	2	6	1	1	0	0	42	0	789	239	6	7	44	0	0	16	0	0	279	167
Bma022254.1	null.16968	Bma022254.1	protein_coding	0	0	0	292	0	0	0	0	0	0	0	0	0	0	0	0	0	0	0	0	0	0	0	292
Bma022255.1	null.16969	Bma022255.1	protein_coding	0	0	0	1785	0	0	0	0	0	0	0	0	0	0	0	0	0	0	0	0	0	0	0	1785
Bma022256.1	null.16970	Bma022256.1	protein_coding	109	419	529	728	7	3	8	13	0	0	71	0	567	499	3	6	26	0	0	38	0	0	404	185
Bma022257.1	null.16971	Bma022257.1	protein_coding	0	0	0	1457	0	0	0	0	0	0	0	0	0	0	0	0	0	0	0	0	0	0	0	1457
Bma022375.1	null.17067	Bma022375.1	protein_coding	0	0	0	518	0	0	0	0	0	0	0	0	0	0	0	0	0	0	0	0	0	0	0	518
Bma022376.1	null.17068	Bma022376.1	protein_coding	129	182	168	1266	5	12	8	2	0	0	92	0	1346	147	15	9	92	0	0	36	0	0	126	0
Bma022377.1	null.17069	Bma022377.1	protein_coding	0	0	0	1745	0	0	0	0	0	0	0	0	0	0	0	0	0	0	0	0	0	0	0	1745
Bma022454.1	null.17144	Bma022454.1	protein_coding	119	220	246	526	10	12	4	11	0	0	77	0	580	222	15	6	63	0	0	48	0	0	187	0
Bma022455.1	null.17145	Bma022455.1	protein_coding	0	0	0	1111	0	0	0	0	0	0	0	0	0	0	0	0	0	0	0	0	0	0	0	1111
Bma022499.2	null.17191	Bma022499.2	protein_coding	61	65	104	257	1	11	2	3	0	0	42	0	269	96	1	4	17	0	0	25	0	0	58	0
Bma022500.1	null.17192	Bma022500.1	protein_coding	0	0	0	487	0	0	0	0	0	0	0	0	0	0	0	0	0	0	0	0	0	0	0	487
Bma022573.1	null.17271	Bma022573.1	protein_coding	0	0	0	1856	0	0	0	0	0	0	0	0	0	0	0	0	0	0	0	0	0	0	0	1856
Bma022586.3	null.17284	Bma022586.3	protein_coding	0	0	0	464	0	0	0	0	464	0	0	0	0	0	0	0	0	0	0	0	0	0	0	0
Bma022587.1	null.17285	Bma022587.1	protein_coding	10	38	40	376	1	0	2	3	0	0	6	0	0	34	0	0	0	2	1	4	0	0	37	376
Bma022588.1	null.17286	Bma022588.1	protein_coding	0	0	0	464	0	0	0	0	464	0	0	0	0	0	0	0	0	0	0	0	0	0	0	0
Bma022589.2	null.17287	Bma022589.2	protein_coding	0	0	0	464	0	0	0	0	464	0	0	0	0	0	0	0	0	0	0	0	0	0	0	0
Bma022593.1	null.17292	Bma022593.1	protein_coding	0	0	0	584	0	0	0	0	584	0	0	0	0	0	0	0	0	0	0	0	0	0	0	0
Bma022687.1	null.17375	Bma022687.1	protein_coding	71	107	141	2449	1	6	0	10	2449	0	47	0	0	131	0	0	2	0	0	39	2	0	107	0
Bma022688.1	null.17376	Bma022688.1	protein_coding	302	375	525	1566	15	17	16	52	0	0	256	0	326	439	1	7	26	0	0	67	0	0	365	1258
Bma022689.1	null.17377	Bma022689.1	protein_coding	0	0	0	1510	0	0	0	0	0	0	0	0	0	0	0	0	0	0	0	0	0	0	0	1510
Bma022744.1	null.17426	Bma022744.1	protein_coding	0	0	0	330	0	0	0	0	0	0	0	0	0	0	0	0	0	0	0	0	0	0	0	330
Bma022745.1	null.17427	Bma022745.1	protein_coding	30	80	42	178	0	2	0	7	0	0	15	0	194	42	0	2	22	0	0	17	0	0	66	0
Bma022757.1	null.17440	Bma022757.1	protein_coding	86	270	350	427	1	15	4	6	186	0	52	0	291	330	4	3	56	0	0	35	2	1	226	0
Bma022774.1	null.17455	Bma022774.1	protein_coding	0	0	0	1210	0	0	0	0	0	0	0	0	0	0	0	0	0	0	0	0	0	0	0	1210
Bma022775.1	null.17456	Bma022775.1	protein_coding	224	246	315	628	11	25	9	10	0	0	155	0	642	277	12	17	88	0	0	66	0	0	198	63
Bma022776.1	null.17457	Bma022776.1	protein_coding	0	0	0	1235	0	0	0	0	0	0	0	0	0	0	0	0	0	0	0	0	0	0	0	1235
Bma022862.1	null.17536	Bma022862.1	protein_coding	0	0	0	1013	0	0	0	0	1013	0	0	0	0	0	0	0	0	0	0	0	0	0	0	0
Bma022863.1	null.17537	Bma022863.1	protein_coding	34	38	52	889	0	7	0	1	888	0	22	0	3	51	0	0	7	0	0	17	2	1	35	0
Bma022918.1	null.17583	Bma022918.1	protein_coding	0	0	0	1847	0	0	0	0	1847	0	0	0	0	0	0	0	0	0	0	0	0	0	0	0
Bma022919.1	null.17584	Bma022919.1	protein_coding	34	43	40	2947	1	2	1	0	0	0	29	0	32	36	0	2	12	1	1	3	0	0	34	2925
Bma022938.1	null.17597	Bma022938.1	protein_coding	178	305	335	1286	12	7	17	19	455	0	140	0	901	287	12	10	68	0	0	38	2	1	256	0
Bma022939.1	null.17598	Bma022939.1	protein_coding	0	0	0	1369	0	0	0	0	1369	0	0	0	0	0	0	0	0	0	0	0	0	0	0	0
Bma022941.1	null.17599	Bma022941.1	protein_coding	53	143	191	420	2	5	2	2	0	0	35	0	247	184	2	1	41	5	0	12	0	0	109	210
Bma022942.1	null.17600	Bma022942.1	protein_coding	105	148	216	839	9	6	6	14	176	0	74	0	693	194	2	8	42	0	0	34	3	1	127	0
Bma022943.1	null.17601	Bma022943.1	protein_coding	0	0	0	1307	0	0	0	0	1307	0	0	0	0	0	0	0	0	0	0	0	0	0	0	0
Bma022944.1	null.17602	Bma022944.1	protein_coding	0	0	0	418	0	0	0	0	418	0	0	0	0	0	0	0	0	0	0	0	0	0	0	0
Bma022973.1	null.17617	Bma022973.1	protein_coding	157	204	232	550	4	15	9	12	0	0	134	0	0	201	0	0	0	0	1	38	0	0	203	550
Bma022979.1	null.17620	Bma022979.1	protein_coding	110	216	268	885	5	13	3	2	277	0	74	0	654	259	4	7	54	0	0	27	4	2	179	0
Bma022991.1	null.17625	Bma022991.1	protein_coding	29	83	87	61	0	2	0	1	0	0	21	0	66	85	0	4	7	0	0	11	0	0	82	0
Bma023034.1	null.17646	Bma023034.1	protein_coding	311	488	785	804	17	23	14	37	0	0	238	0	825	717	4	3	23	0	0	98	0	0	474	0
Bma023163.2	null.17708	Bma023163.2	protein_coding	11	42	43	321	3	1	1	3	0	0	1	0	343	40	1	4	21	0	0	5	0	0	25	0
Bma023354.1	null.17802	Bma023354.1	protein_coding	107	124	205	1219	2	12	2	11	997	0	81	0	231	187	0	3	14	0	0	40	3	2	116	0
Bma023433.1	null.17844	Bma023433.1	protein_coding	48	52	73	568	1	9	0	1	0	0	34	0	586	66	1	6	24	0	0	19	0	0	41	0
Bma023458.1	null.17854	Bma023458.1	protein_coding	105	91	132	1026	4	4	9	6	735	0	95	0	297	110	3	0	9	0	0	12	0	0	88	0
Bma023459.1	null.17855	Bma023459.1	protein_coding	0	0	0	1235	0	0	0	0	1235	0	0	0	0	0	0	0	0	0	0	0	0	0	0	0
Bma023472.1	null.17864	Bma023472.1	protein_coding	169	515	728	679	5	22	4	7	0	0	94	0	346	704	4	10	57	1	0	81	0	0	479	383
Bma023476.1	null.17867	Bma023476.1	protein_coding	39	129	152	30	3	3	5	1	0	0	22	0	46	142	3	2	18	0	0	16	0	0	118	0
Bma023502.1	null.17879	Bma023502.1	protein_coding	0	0	0	1841	0	0	0	0	0	0	0	0	0	0	0	0	0	0	0	0	0	0	0	1841
Bma023517.1	null.17890	Bma023517.1	protein_coding	0	0	0	579	0	0	0	0	0	0	0	0	0	0	0	0	0	0	0	0	0	0	0	579
Bma023518.1	null.17891	Bma023518.1	protein_coding	76	169	186	148	2	7	5	16	0	0	51	0	186	167	5	3	44	0	0	29	0	0	139	0
Bma023553.1	null.17914	Bma023553.1	protein_coding	0	0	0	1897	0	0	0	0	1897	0	0	0	0	0	0	0	0	0	0	0	0	0	0	0
Bma023554.1	null.17915	Bma023554.1	protein_coding	0	0	0	1897	0	0	0	0	1897	0	0	0	0	0	0	0	0	0	0	0	0	0	0	0
Bma023555.1	null.17916	Bma023555.1	protein_coding	0	0	0	1897	0	0	0	0	0	0	0	0	0	0	0	0	0	0	0	0	0	0	0	1897
Bma023660.1	null.17983	Bma023660.1	protein_coding	199	476	673	0	16	16	19	8	0	0	147	0	0	618	0	0	0	0	0	58	0	0	476	0
Bma023661.2	null.17984	Bma023661.2	protein_coding	0	0	0	1348	0	0	0	0	1348	0	0	0	0	0	0	0	0	0	0	0	0	0	0	0
Bma023744.2	null.18054	Bma023744.2	protein_coding	94	102	107	683	4	7	9	1	0	0	79	0	384	87	10	3	43	1	1	7	0	0	73	340
Bma023749.1	null.18058	Bma023749.1	protein_coding	0	0	0	2490	0	0	0	0	2490	0	0	0	0	0	0	0	0	0	0	0	0	0	0	0
Bma023750.1	null.18059	Bma023750.1	protein_coding	152	321	498	1519	6	14	21	4	982	0	116	0	0	456	0	0	2	1	0	37	1	1	320	537
Bma023751.1	null.18060	Bma023751.1	protein_coding	50	114	136	2190	2	2	2	3	2095	0	35	0	118	128	3	2	33	0	0	8	3	1	95	0
Bma023752.1	null.18061	Bma023752.1	protein_coding	62	172	105	490	5	8	5	1	0	0	48	0	500	93	6	0	5	0	0	11	0	0	168	0
Bma023763.1	null.18066	Bma023763.1	protein_coding	0	0	0	945	0	0	0	0	945	0	0	0	0	0	0	0	0	0	0	0	0	0	0	0
Bma023764.1	null.18067	Bma023764.1	protein_coding	53	220	234	555	10	6	6	0	0	0	29	0	583	214	3	7	31	0	0	17	0	0	202	0
Bma023791.1	null.18082	Bma023791.1	protein_coding	189	167	233	1913	12	26	9	7	0	0	131	0	1594	208	16	21	106	3	1	67	0	0	111	411
Bma023846.1	null.18117	Bma023846.1	protein_coding	39	91	85	563	1	7	2	2	0	0	18	0	592	74	3	7	34	0	0	13	0	0	72	0
Bma023847.1	null.18118	Bma023847.1	protein_coding	3	24	2	159	0	0	0	0	0	0	2	0	176	2	0	1	16	0	0	0	0	0	8	0
Bma023848.1	null.18119	Bma023848.1	protein_coding	0	0	0	188	0	0	0	0	0	0	0	0	0	0	0	0	0	0	0	0	0	0	0	188
Bma023870.1	null.18135	Bma023870.1	protein_coding	0	0	0	301	0	0	0	0	0	0	0	0	0	0	0	0	0	0	0	0	0	0	0	301
Bma023871.1	null.18136	Bma023871.1	protein_coding	38	53	29	182	0	7	0	3	0	0	31	0	193	24	0	0	18	1	0	11	0	0	36	6
Bma023954.1	null.18196	Bma023954.1	protein_coding	167	268	335	317	11	8	2	18	0	0	128	1	269	304	2	4	35	2	2	56	0	0	240	79
Bma023955.1	null.18197	Bma023955.1	protein_coding	0	0	0	820	0	0	0	0	820	0	0	0	0	0	0	0	0	0	0	0	0	0	0	0
Bma023984.1	null.18221	Bma023984.1	protein_coding	50	85	73	769	0	2	0	5	154	0	35	0	649	70	7	1	41	0	0	19	3	1	58	0
Bma024021.1	null.18244	Bma024021.1	protein_coding	101	227	170	1023	5	5	12	4	0	0	69	1	634	149	9	10	80	0	1	33	0	0	172	461
Bma024090.1	null.18303	Bma024090.1	protein_coding	0	0	0	785	0	0	0	0	0	0	0	0	0	0	0	0	0	0	0	0	0	0	0	785
Bma024094.1	null.18308	Bma024094.1	protein_coding	0	0	0	850	0	0	0	0	850	0	0	0	0	0	0	0	0	0	0	0	0	0	0	0
Bma024103.1	null.18318	Bma024103.1	protein_coding	93	160	105	421	1	9	2	11	0	0	73	0	441	90	3	2	19	0	0	39	0	0	145	0
Bma024164.1	null.18371	Bma024164.1	protein_coding	0	0	0	952	0	0	0	0	952	0	0	0	0	0	0	0	0	0	0	0	0	0	0	0
Bma024165.1	null.18372	Bma024165.1	protein_coding	162	228	340	223	11	7	8	22	33	0	136	0	195	297	0	6	28	0	0	27	4	0	214	15
Bma024227.1	null.18431	Bma024227.1	protein_coding	61	82	45	718	1	3	4	1	0	0	43	0	775	40	4	11	61	0	0	18	0	0	40	0
Bma024279.1	null.18471	Bma024279.1	protein_coding	0	0	0	330	0	0	0	0	0	0	0	0	0	0	0	0	0	0	0	0	0	0	0	330
Bma024280.1	null.18472	Bma024280.1	protein_coding	30	22	36	1427	3	5	1	0	0	0	22	0	64	28	0	1	15	1	0	6	0	0	15	1371
Bma024289.1	null.18480	Bma024289.1	protein_coding	0	0	0	1080	0	0	0	0	0	0	0	0	0	0	0	0	0	0	0	0	0	0	0	1080
Bma024290.1	null.18481	Bma024290.1	protein_coding	66	76	97	841	2	5	1	1	0	0	48	0	718	92	5	4	36	2	1	17	0	0	57	150
Bma024291.1	null.18482	Bma024291.1	protein_coding	0	0	0	1080	0	0	0	0	0	0	0	0	0	0	0	0	0	0	0	0	0	0	0	1080
Bma024292.1	null.18483	Bma024292.1	protein_coding	0	0	0	347	0	0	0	0	347	0	0	0	0	0	0	0	0	0	0	0	0	0	0	0
Bma024293.1	null.18484	Bma024293.1	protein_coding	92	86	95	1923	2	25	1	9	359	0	61	0	1606	77	7	2	63	0	0	49	2	1	52	0
Bma024296.1	null.18486	Bma024296.1	protein_coding	18	67	64	535	2	2	0	1	162	0	10	0	399	59	4	1	35	0	0	4	3	0	46	0
Bma024297.1	null.18487	Bma024297.1	protein_coding	0	0	0	683	0	0	0	0	0	0	0	0	0	0	0	0	0	0	0	0	0	0	0	683
Bma024309.1	null.18499	Bma024309.1	protein_coding	0	0	0	653	0	0	0	0	653	0	0	0	0	0	0	0	0	0	0	0	0	0	0	0
Bma024310.1	null.18500	Bma024310.1	protein_coding	102	153	158	240	6	8	8	2	0	0	73	0	275	136	7	8	37	0	0	23	0	0	133	0
Bma024311.1	null.18501	Bma024311.1	protein_coding	121	86	120	835	3	25	12	9	0	0	94	0	868	82	5	4	37	3	0	37	0	0	62	0
Bma024387.1	null.18578	Bma024387.1	protein_coding	0	0	0	1117	0	0	0	0	0	0	0	0	0	0	0	0	0	0	0	0	0	0	0	1117
Bma024388.1	null.18579	Bma024388.1	protein_coding	183	283	382	739	12	7	8	16	185	0	146	0	594	351	9	3	42	0	0	47	1	0	255	0
Bma024389.1	null.18580	Bma024389.1	protein_coding	0	0	0	1587	0	0	0	0	1587	0	0	0	0	0	0	0	0	0	0	0	0	0	0	0
Bma024446.1	null.18635	Bma024446.1	protein_coding	0	0	0	407	0	0	0	0	407	0	0	0	0	0	0	0	0	0	0	0	0	0	0	0
Bma024447.1	null.18636	Bma024447.1	protein_coding	32	81	87	207	2	5	1	1	0	0	25	0	164	80	0	2	16	0	0	10	0	0	71	55
Bma024448.2	null.18637	Bma024448.2	protein_coding	0	0	0	407	0	0	0	0	0	0	0	0	0	0	0	0	0	0	0	0	0	0	0	407
Bma024452.1	null.18641	Bma024452.1	protein_coding	60	91	54	531	2	5	2	13	0	0	45	0	521	39	0	6	23	1	0	20	0	0	78	29
Bma024513.1	null.18698	Bma024513.1	protein_coding	0	0	0	1218	0	0	0	0	0	0	0	0	0	0	0	0	0	0	0	0	0	0	0	1218
Bma024514.2	null.18699	Bma024514.2	protein_coding	109	219	278	614	11	10	3	7	31	0	71	0	626	256	14	4	45	0	0	31	4	0	194	0
Bma024515.1	null.18700	Bma024515.1	protein_coding	0	0	0	1232	0	0	0	0	14	0	0	0	0	0	0	0	0	0	0	0	0	0	0	1218
Bma024516.1	null.18701	Bma024516.1	protein_coding	192	489	599	526	7	34	8	14	0	0	113	1	459	554	10	17	81	1	1	72	0	0	432	149
Bma024517.1	null.18702	Bma024517.1	protein_coding	0	0	0	1806	0	0	0	0	0	0	0	0	0	0	0	0	0	0	0	0	0	0	0	1806
Bma024519.1	null.18704	Bma024519.1	protein_coding	57	70	76	671	1	14	0	3	0	0	36	0	704	67	3	2	33	0	0	28	0	0	42	0
Bma024520.1	null.18705	Bma024520.1	protein_coding	127	156	177	1416	8	6	6	13	760	0	100	0	691	148	6	6	95	0	0	27	0	0	95	38
Bma024521.1	null.18706	Bma024521.1	protein_coding	45	144	141	1508	2	3	3	5	0	0	36	0	450	130	1	3	31	0	0	14	0	0	124	1082
Bma024522.2	null.18707	Bma024522.2	protein_coding	0	0	0	417	0	0	0	0	0	0	0	0	0	0	0	0	0	0	0	0	0	0	0	417
Bma024525.1	null.18710	Bma024525.1	protein_coding	0	0	0	1692	0	0	0	0	1692	0	0	0	0	0	0	0	0	0	0	0	0	0	0	0
Bma024526.1	null.18711	Bma024526.1	protein_coding	168	174	169	1181	11	12	11	6	0	0	123	1	1182	140	26	12	107	0	1	37	0	0	104	105
Bma024527.1	null.18712	Bma024527.1	protein_coding	0	0	0	1692	0	0	0	0	0	0	0	0	0	0	0	0	0	0	0	0	0	0	0	1692
Bma024529.2	null.18714	Bma024529.2	protein_coding	0	0	0	1397	0	0	0	0	1397	0	0	0	0	0	0	0	0	0	0	0	0	0	0	0
Bma024530.1	null.18715	Bma024530.1	protein_coding	307	463	769	699	21	24	21	58	0	0	237	0	462	667	2	6	49	2	0	99	0	0	435	273
Bma024537.1	null.18722	Bma024537.1	protein_coding	0	0	0	2858	0	0	0	0	0	0	0	0	0	0	0	0	0	0	0	0	0	0	0	2858
Bma024538.1	null.18723	Bma024538.1	protein_coding	81	213	231	2333	3	1	3	9	0	1	52	0	2279	216	8	7	59	0	0	25	0	0	175	106
Bma024539.1	null.18725	Bma024539.1	protein_coding	0	0	0	768	0	0	0	0	0	0	0	0	0	0	0	0	0	0	0	0	0	0	0	768
Bma024540.1	null.18726	Bma024540.1	protein_coding	20	10	9	729	0	2	0	4	521	0	10	0	220	8	6	0	18	0	0	9	0	0	4	0
Bma024541.1	null.18727	Bma024541.1	protein_coding	0	0	0	768	0	0	0	0	768	0	0	0	0	0	0	0	0	0	0	0	0	0	0	0
Bma024553.1	null.18738	Bma024553.1	protein_coding	0	0	0	1713	0	0	0	0	0	0	0	0	0	0	0	0	0	0	0	0	0	0	0	1713
Bma024554.2	null.18739	Bma024554.2	protein_coding	117	148	195	1253	6	12	11	3	106	0	90	0	1175	169	3	2	42	0	0	41	1	2	123	0
Bma024560.1	null.18745	Bma024560.1	protein_coding	0	0	0	2578	0	0	0	0	0	0	0	0	0	0	0	0	0	0	0	0	0	0	0	2578
Bma024587.1	null.18774	Bma024587.1	protein_coding	0	0	0	899	0	0	0	0	0	0	0	0	0	0	0	0	0	0	0	0	0	0	0	899
Bma024588.1	null.18776	Bma024588.1	protein_coding	0	0	0	1743	0	0	0	0	0	0	0	0	0	0	0	0	0	0	0	0	0	0	0	1743
Bma024589.1	null.18777	Bma024589.1	protein_coding	0	0	0	1171	0	0	0	0	0	0	0	0	0	0	0	0	0	0	0	0	0	0	0	1171
Bma024591.1	null.18779	Bma024591.1	protein_coding	0	0	0	644	0	0	0	0	644	0	0	0	0	0	0	0	0	0	0	0	0	0	0	0
Bma024592.1	null.18780	Bma024592.1	protein_coding	112	169	195	1199	3	7	8	17	752	0	79	0	470	172	7	0	26	0	0	49	3	1	152	0
Bma024593.1	null.18781	Bma024593.1	protein_coding	0	0	0	1876	0	0	0	0	203	0	0	0	0	0	0	0	0	0	0	0	0	0	0	1673
Bma024594.1	null.18782	Bma024594.1	protein_coding	0	0	0	233	0	0	0	0	30	0	0	0	0	0	0	0	0	0	0	0	0	0	0	203
Bma024595.1	null.18783	Bma024595.1	protein_coding	0	0	0	203	0	0	0	0	0	0	0	0	203	0	0	0	0	0	0	0	0	0	0	0
Bma024596.1	null.18784	Bma024596.1	protein_coding	0	0	0	203	0	0	0	0	203	0	0	0	0	0	0	0	0	0	0	0	0	0	0	0
Bma024598.1	null.18786	Bma024598.1	protein_coding	0	0	0	706	0	0	0	0	0	0	0	0	0	0	0	0	0	0	0	0	0	0	0	706
Bma024599.1	null.18787	Bma024599.1	protein_coding	240	372	465	1192	12	13	10	30	285	0	168	0	1046	416	24	11	147	0	0	70	0	0	268	0
Bma024600.1	null.18788	Bma024600.1	protein_coding	0	0	0	1953	0	0	0	0	0	0	0	0	0	0	0	0	0	0	0	0	0	0	0	1953
Bma024649.1	null.18835	Bma024649.1	protein_coding	0	0	0	1135	0	0	0	0	1135	0	0	0	0	0	0	0	0	0	0	0	0	0	0	0
Bma024650.1	null.18836	Bma024650.1	protein_coding	112	227	209	587	6	14	7	6	0	0	79	0	543	185	3	13	58	0	0	35	0	0	196	91
Bma024685.1	null.18867	Bma024685.1	protein_coding	0	0	0	338	0	0	0	0	0	0	0	0	0	0	0	0	0	0	0	0	0	0	0	338
Bma024686.1	null.18868	Bma024686.1	protein_coding	19	18	29	272	0	5	1	2	272	0	11	0	0	26	0	0	0	0	0	11	0	0	18	0
Bma024688.2	null.18870	Bma024688.2	protein_coding	0	0	0	708	0	0	0	0	708	0	0	0	0	0	0	0	0	0	0	0	0	0	0	0
Bma024689.1	null.18871	Bma024689.1	protein_coding	40	41	66	1074	1	8	0	13	0	0	25	0	717	52	0	5	14	0	0	21	0	0	33	370
Bma024690.1	null.18872	Bma024690.1	protein_coding	0	0	0	513	0	0	0	0	0	0	0	0	0	0	0	0	0	0	0	0	0	0	0	513
Bma024691.1	null.18873	Bma024691.1	protein_coding	0	0	0	285	0	0	0	0	285	0	0	0	0	0	0	0	0	0	0	0	0	0	0	0
Bma024725.1	null.18910	Bma024725.1	protein_coding	0	0	0	1595	0	0	0	0	1595	0	0	0	0	0	0	0	0	0	0	0	0	0	0	0
Bma024726.1	null.18911	Bma024726.1	protein_coding	127	177	221	1071	3	14	6	8	443	0	90	0	583	196	5	16	64	0	0	26	4	2	147	94
Bma024727.2	null.18913	Bma024727.2	protein_coding	0	0	0	1595	0	0	0	0	1595	0	0	0	0	0	0	0	0	0	0	0	0	0	0	0
Bma024739.1	null.18924	Bma024739.1	protein_coding	0	0	0	310	0	0	0	0	310	0	0	0	0	0	0	0	0	0	0	0	0	0	0	0
Bma024740.1	null.18925	Bma024740.1	protein_coding	0	0	0	1214	0	0	0	0	1214	0	0	0	0	0	0	0	0	0	0	0	0	0	0	0
Bma024741.1	null.18926	Bma024741.1	protein_coding	212	343	532	127	9	8	10	26	43	0	170	0	70	486	2	10	21	2	0	32	5	1	331	37
Bma024742.1	null.18927	Bma024742.1	protein_coding	0	0	0	1214	0	0	0	0	0	0	0	0	0	0	0	0	0	0	0	0	0	0	0	1214
Bma024786.2	null.18955	Bma024786.2	protein_coding	20	45	51	876	2	0	0	1	0	0	4	0	166	49	4	5	26	0	0	9	0	0	26	738
Bma024787.1	null.18956	Bma024787.1	protein_coding	113	136	124	619	6	16	3	6	254	0	86	0	435	100	3	11	78	0	0	30	0	0	80	0
Bma024808.1	null.18977	Bma024808.1	protein_coding	0	0	0	1147	0	0	0	0	1147	0	0	0	0	0	0	0	0	0	0	0	0	0	0	0
Bma024809.1	null.18978	Bma024809.1	protein_coding	116	201	341	489	1	23	5	6	0	0	80	1	105	318	6	1	19	1	1	40	0	0	185	405
Bma024831.2	null.19001	Bma024831.2	protein_coding	0	0	0	2101	0	0	0	0	0	0	0	0	0	0	0	0	0	0	0	0	0	0	0	2101
Bma024832.1	null.19002	Bma024832.1	protein_coding	286	502	537	1676	11	45	12	10	405	0	210	0	1387	485	16	15	147	0	0	93	1	0	417	0
Bma024922.2	null.19085	Bma024922.2	protein_coding	159	325	486	729	8	12	11	19	315	0	100	0	453	443	6	6	47	0	0	71	1	0	298	0
Bma024923.1	null.19086	Bma024923.1	protein_coding	0	0	0	1699	0	0	0	0	1699	0	0	0	0	0	0	0	0	0	0	0	0	0	0	0
Bma024940.1	null.19102	Bma024940.1	protein_coding	0	0	0	2034	0	0	0	0	2034	0	0	0	0	0	0	0	0	0	0	0	0	0	0	0
Bma024941.1	null.19103	Bma024941.1	protein_coding	120	190	216	1508	7	21	5	3	295	0	66	0	1326	194	26	11	121	0	0	37	2	0	114	0
Bma024964.1	null.19125	Bma024964.1	protein_coding	0	0	0	471	0	0	0	0	0	0	0	0	0	0	0	0	0	0	0	0	0	0	0	471
Bma024965.1	null.19126	Bma024965.1	protein_coding	58	155	209	50	10	1	6	5	50	0	43	0	0	189	0	0	5	0	0	16	4	1	154	0
Bma024966.1	null.19127	Bma024966.1	protein_coding	0	0	0	471	0	0	0	0	0	0	0	0	0	0	0	0	0	0	0	0	0	0	0	471
Bma024968.1	null.19129	Bma024968.1	protein_coding	0	0	0	258	0	0	0	0	258	0	0	0	0	0	0	0	0	0	0	0	0	0	0	0
Bma024969.1	null.19131	Bma024969.1	protein_coding	0	0	0	2233	0	0	0	0	1509	0	0	0	0	0	0	0	0	0	0	0	0	0	0	724
Bma024970.1	null.19132	Bma024970.1	protein_coding	109	243	389	1594	5	28	6	2	1076	0	68	1	116	355	0	0	12	1	1	43	3	1	234	408
Bma024971.1	null.19133	Bma024971.1	protein_coding	43	156	126	1285	2	4	1	2	1250	0	23	0	47	120	2	2	19	0	0	18	0	0	148	0
Bma024972.1	null.19134	Bma024972.1	protein_coding	0	0	0	360	0	0	0	0	360	0	0	0	0	0	0	0	0	0	0	0	0	0	0	0
Bma024973.1	null.19135	Bma024973.1	protein_coding	0	0	0	360	0	0	0	0	360	0	0	0	0	0	0	0	0	0	0	0	0	0	0	0
Bma024976.1	null.19139	Bma024976.1	protein_coding	34	193	180	87	3	1	5	2	0	0	24	0	0	170	0	0	0	1	0	10	0	0	193	87
Bma024977.2	null.19140	Bma024977.2	protein_coding	62	181	162	510	3	12	3	5	0	0	45	0	587	141	4	9	82	0	0	11	0	0	117	0
Bma025016.1	null.19178	Bma025016.1	protein_coding	196	282	407	585	7	22	13	10	187	0	133	0	475	373	14	9	86	0	0	62	2	0	228	0
Bma025081.1	null.19238	Bma025081.1	protein_coding	0	0	0	1121	0	0	0	0	1121	0	0	0	0	0	0	0	0	0	0	0	0	0	0	0
Bma025082.1	null.19239	Bma025082.1	protein_coding	0	0	0	2216	0	0	0	0	0	0	0	0	0	0	0	0	0	0	0	0	0	0	0	2216
Bma025083.1	null.19240	Bma025083.1	protein_coding	220	825	991	229	10	12	11	6	0	0	118	0	307	960	12	11	78	0	0	95	0	0	770	0
Bma025084.1	null.19241	Bma025084.1	protein_coding	0	0	0	1849	0	0	0	0	0	0	0	0	0	0	0	0	0	0	0	0	0	0	0	1849
Bma025165.1	null.19318	Bma025165.1	protein_coding	14	84	93	0	1	1	0	1	0	0	9	0	0	90	0	0	0	0	0	6	0	0	84	0
Bma025166.2	null.19319	Bma025166.2	protein_coding	0	0	0	191	0	0	0	0	191	0	0	0	0	0	0	0	0	0	0	0	0	0	0	0
Bma025171.1	null.19324	Bma025171.1	protein_coding	0	0	0	952	0	0	0	0	0	0	0	0	0	0	0	0	0	0	0	0	0	0	0	952
Bma025172.1	null.19325	Bma025172.1	protein_coding	39	508	536	0	1	1	0	0	0	0	26	0	0	535	0	0	0	0	0	15	0	0	508	0
Bma025220.1	null.19366	Bma025220.1	protein_coding	16	122	221	0	3	0	5	7	0	0	14	0	0	207	0	0	0	0	0	2	0	0	122	0
Bma025221.1	null.19367	Bma025221.1	protein_coding	0	0	0	359	0	0	0	0	359	0	0	0	0	0	0	0	0	0	0	0	0	0	0	0
Bma025237.1	null.19384	Bma025237.1	protein_coding	56	78	76	386	1	7	3	3	0	0	45	0	383	63	2	7	20	0	0	6	0	0	66	24
Bma025329.1	null.19459	Bma025329.1	protein_coding	0	0	0	655	0	0	0	0	655	0	0	0	0	0	0	0	0	0	0	0	0	0	0	0
Bma025330.1	null.19460	Bma025330.1	protein_coding	22	36	22	575	0	1	0	1	0	0	10	0	515	21	0	10	15	0	0	6	0	0	29	77
Bma025331.1	null.19461	Bma025331.1	protein_coding	0	0	0	655	0	0	0	0	655	0	0	0	0	0	0	0	0	0	0	0	0	0	0	0
Bma025380.2	null.19496	Bma025380.2	protein_coding	0	0	0	804	0	0	0	0	0	0	0	0	0	0	0	0	0	0	0	0	0	0	0	804
Bma025381.2	null.19497	Bma025381.2	protein_coding	80	187	208	329	0	3	1	12	0	0	56	0	370	194	5	4	49	0	0	44	0	0	155	0
Bma025436.1	null.19542	Bma025436.1	protein_coding	15	74	51	1317	0	0	0	2	0	0	9	0	1330	49	0	2	17	0	0	6	0	0	63	0
Bma025468.1	null.19563	Bma025468.1	protein_coding	0	0	0	184	0	0	0	0	0	0	0	0	0	0	0	0	0	0	0	0	0	0	0	184
Bma025469.1	null.19564	Bma025469.1	protein_coding	6	16	10	377	0	2	0	0	0	0	3	0	385	8	3	0	11	0	0	2	0	0	11	0
Bma025509.1	null.19590	Bma025509.1	protein_coding	138	158	163	386	6	10	7	18	0	0	105	0	451	129	14	9	63	0	0	24	0	0	116	0
Bma025674.1	null.19664	Bma025674.1	protein_coding	96	649	1043	112	6	2	7	2	8	0	69	0	0	1027	0	0	2	3	0	30	2	0	649	104
Bma025724.1	null.19689	Bma025724.1	protein_coding	72	186	204	312	5	5	4	0	0	0	54	0	297	191	1	4	31	0	0	22	0	0	169	37
Bma025740.1	null.19695	Bma025740.1	protein_coding	50	337	481	698	8	9	4	3	0	0	44	0	0	459	0	0	0	0	0	6	0	0	337	698
Bma025772.2	null.19714	Bma025772.2	protein_coding	11	36	20	191	0	3	0	0	55	0	8	0	147	18	1	0	18	0	0	8	0	0	26	0
Bma025844.3	null.19749	Bma025844.3	protein_coding	171	208	206	506	3	15	7	15	0	0	116	0	624	184	21	21	134	0	0	53	0	0	132	0
Bma025851.1	null.19753	Bma025851.1	protein_coding	17	98	111	0	1	0	0	1	0	0	11	0	0	109	0	0	0	0	0	7	0	0	98	0
Bma025856.1	null.19757	Bma025856.1	protein_coding	62	71	28	748	0	5	1	13	187	0	42	0	600	19	6	0	51	0	0	29	1	0	38	0
Bma025929.1	null.19802	Bma025929.1	protein_coding	0	0	0	414	0	0	0	0	414	0	0	0	0	0	0	0	0	0	0	0	0	0	0	0
Bma025930.1	null.19803	Bma025930.1	protein_coding	40	187	108	79	0	3	0	4	0	0	29	0	111	105	1	3	36	0	0	12	0	0	159	0
Bma025931.1	null.19804	Bma025931.1	protein_coding	0	0	0	414	0	0	0	0	0	0	0	0	0	0	0	0	0	0	0	0	0	0	0	414
Bma025932.1	null.19805	Bma025932.1	protein_coding	0	0	0	414	0	0	0	0	0	0	0	0	0	0	0	0	0	0	0	0	0	0	0	414
Bma025935.2	null.19808	Bma025935.2	protein_coding	0	0	0	466	0	0	0	0	0	0	0	0	0	0	0	0	0	0	0	0	0	0	0	466
Bma025936.1	null.19809	Bma025936.1	protein_coding	48	161	112	145	0	7	1	0	0	0	23	0	192	107	5	3	45	0	0	23	0	0	122	0
Bma025987.2	null.19838	Bma025987.2	protein_coding	139	285	307	998	7	17	8	4	0	0	98	1	671	284	2	3	58	3	1	58	0	0	240	375
Bma026245.1	null.19984	Bma026245.1	protein_coding	125	255	316	981	8	15	7	13	0	0	87	0	1028	279	5	9	62	0	0	31	0	0	222	0
Bma026246.1	null.19985	Bma026246.1	protein_coding	0	0	0	153	0	0	0	0	153	0	0	0	0	0	0	0	0	0	0	0	0	0	0	0
Bma026260.1	null.19995	Bma026260.1	protein_coding	0	0	0	1349	0	0	0	0	1349	0	0	0	0	0	0	0	0	0	0	0	0	0	0	0
Bma026261.1	null.19996	Bma026261.1	protein_coding	33	145	127	1044	1	3	1	6	0	0	26	0	1062	118	2	0	22	0	0	7	0	0	129	0
Bma026377.1	null.20083	Bma026377.1	protein_coding	0	0	0	1032	0	0	0	0	0	0	0	0	0	0	0	0	0	0	0	0	0	0	0	1032
Bma026378.1	null.20084	Bma026378.1	protein_coding	0	0	0	1032	0	0	0	0	0	0	0	0	0	0	0	0	0	0	0	0	0	0	0	1032
Bma026379.1	null.20085	Bma026379.1	protein_coding	0	0	0	1032	0	0	0	0	1032	0	0	0	0	0	0	0	0	0	0	0	0	0	0	0
Bma026421.1	null.20115	Bma026421.1	protein_coding	142	344	392	632	4	7	6	25	176	0	95	0	523	360	12	7	70	0	0	64	2	1	295	0
Bma026422.1	null.20116	Bma026422.1	protein_coding	0	0	0	1509	0	0	0	0	0	0	0	0	0	0	0	0	0	0	0	0	0	0	0	1509
Bma026423.1	null.20117	Bma026423.1	protein_coding	0	0	0	1509	0	0	0	0	1509	0	0	0	0	0	0	0	0	0	0	0	0	0	0	0
Bma026424.1	null.20118	Bma026424.1	protein_coding	154	209	216	1188	8	20	17	6	0	0	109	0	1086	173	1	22	47	0	0	44	0	0	190	144
Bma026425.1	null.20119	Bma026425.1	protein_coding	0	0	0	1767	0	0	0	0	1767	0	0	0	0	0	0	0	0	0	0	0	0	0	0	0
Bma026443.1	null.20128	Bma026443.1	protein_coding	363	319	431	2057	30	11	38	29	343	0	295	0	1796	345	16	17	106	0	0	76	1	1	269	0
Bma026444.1	null.20129	Bma026444.1	protein_coding	0	0	0	383	0	0	0	0	383	0	0	0	0	0	0	0	0	0	0	0	0	0	0	0
Bma026452.1	null.20139	Bma026452.1	protein_coding	139	663	1067	1172	8	14	7	2	0	0	86	0	0	1038	0	0	0	1	1	59	0	0	662	1172
Bma026453.2	null.20140	Bma026453.2	protein_coding	0	0	0	1931	0	0	0	0	1931	0	0	0	0	0	0	0	0	0	0	0	0	0	0	0
Bma026472.2	null.20156	Bma026472.2	protein_coding	0	0	0	750	0	0	0	0	750	0	0	0	0	0	0	0	0	0	0	0	0	0	0	0
Bma026473.2	null.20157	Bma026473.2	protein_coding	40	143	233	334	3	0	5	0	334	0	21	0	0	225	0	0	4	0	0	16	3	1	142	0
Bma026474.1	null.20158	Bma026474.1	protein_coding	0	0	0	750	0	0	0	0	0	0	0	0	0	0	0	0	0	0	0	0	0	0	0	750
Bma026475.1	null.20159	Bma026475.1	protein_coding	0	0	0	260	0	0	0	0	0	0	0	0	0	0	0	0	0	0	0	0	0	0	0	260
Bma026633.1	null.20290	Bma026633.1	protein_coding	0	0	0	1530	0	0	0	0	1530	0	0	0	0	0	0	0	0	0	0	0	0	0	0	0
Bma026634.1	null.20291	Bma026634.1	protein_coding	0	0	0	1530	0	0	0	0	1530	0	0	0	0	0	0	0	0	0	0	0	0	0	0	0
Bma026636.1	null.20292	Bma026636.1	protein_coding	235	305	341	1564	6	18	7	28	594	0	157	0	1103	303	25	20	146	0	0	91	2	0	217	0
Bma026637.1	null.20293	Bma026637.1	protein_coding	0	0	0	1608	0	0	0	0	0	0	0	0	0	0	0	0	0	0	0	0	0	0	0	1608
Bma026639.1	null.20295	Bma026639.1	protein_coding	35	137	138	304	1	3	2	2	0	0	23	0	340	130	2	5	37	0	0	9	0	0	108	0
Bma026661.1	null.20313	Bma026661.1	protein_coding	84	290	715	521	8	6	9	7	521	0	70	0	0	687	0	0	1	0	0	19	1	0	290	0
Bma026715.1	null.20360	Bma026715.1	protein_coding	0	0	0	770	0	0	0	0	770	0	0	0	0	0	0	0	0	0	0	0	0	0	0	0
Bma026716.1	null.20361	Bma026716.1	protein_coding	28	62	54	626	3	4	2	2	204	0	17	0	465	46	1	4	56	0	0	8	1	1	23	0
Bma026759.1	null.20401	Bma026759.1	protein_coding	0	0	0	1035	0	0	0	0	1035	0	0	0	0	0	0	0	0	0	0	0	0	0	0	0
Bma026760.2	null.20402	Bma026760.2	protein_coding	0	0	0	1355	0	0	0	0	1355	0	0	0	0	0	0	0	0	0	0	0	0	0	0	0
Bma026761.1	null.20403	Bma026761.1	protein_coding	109	256	296	694	7	4	9	7	0	0	80	2	643	272	3	8	43	0	1	31	0	0	219	96
Bma026885.4	null.20525	Bma026885.4	protein_coding	97	229	238	875	6	8	5	2	0	0	73	0	913	222	4	9	41	0	0	23	0	0	204	0
Bma026886.1	null.20526	Bma026886.1	protein_coding	0	0	0	1439	0	0	0	0	0	0	0	0	0	0	0	0	0	0	0	0	0	0	0	1439
Bma026927.2	null.20565	Bma026927.2	protein_coding	22	38	34	129	0	6	0	2	0	0	16	0	135	30	0	0	13	0	0	16	0	0	32	0
Bma026931.1	null.20569	Bma026931.1	protein_coding	0	0	0	613	0	0	0	0	613	0	0	0	0	0	0	0	0	0	0	0	0	0	0	0
Bma026932.1	null.20570	Bma026932.1	protein_coding	42	124	82	365	2	0	0	3	187	0	26	0	208	77	3	5	37	0	0	10	1	1	101	0
Bma026943.3	null.20580	Bma026943.3	protein_coding	0	0	0	660	0	0	0	0	0	0	0	0	0	0	0	0	0	0	0	0	0	0	0	660
Bma026944.1	null.20581	Bma026944.1	protein_coding	59	161	164	276	0	8	1	2	0	0	35	0	314	156	1	9	36	0	0	26	0	0	133	0
Bma026954.1	null.20593	Bma026954.1	protein_coding	57	222	275	0	9	11	4	11	0	0	43	0	0	240	0	0	0	0	0	16	0	0	222	0
Bma026959.1	null.20597	Bma026959.1	protein_coding	105	192	163	2511	2	9	3	12	0	0	77	0	2535	142	2	13	59	0	0	24	0	0	152	31
Bma026963.1	null.20601	Bma026963.1	protein_coding	175	318	292	1323	7	7	3	21	0	0	90	0	1454	281	22	21	151	0	0	56	0	0	230	0
Bma026971.1	null.20609	Bma026971.1	protein_coding	70	113	189	656	2	9	0	9	40	0	45	0	640	176	4	2	28	0	0	25	3	1	94	0
Bma026975.1	null.20613	Bma026975.1	protein_coding	138	275	456	843	8	1	10	7	725	0	93	0	141	431	1	2	32	0	0	44	3	1	254	0
Bma026976.1	null.20614	Bma026976.1	protein_coding	0	0	0	1712	0	0	0	0	0	0	0	0	0	0	0	0	0	0	0	0	0	0	0	1712
Bma026979.2	null.20618	Bma026979.2	protein_coding	51	170	178	61	2	4	1	5	0	0	37	0	81	169	1	3	25	0	0	19	0	0	154	0
Bma026980.1	null.20619	Bma026980.1	protein_coding	0	0	0	460	0	0	0	0	460	0	0	0	0	0	0	0	0	0	0	0	0	0	0	0
Bma026982.1	null.20620	Bma026982.1	protein_coding	26	64	58	1125	2	1	0	0	101	0	11	0	1051	56	6	2	35	0	0	7	2	0	45	0
Bma026983.2	null.20621	Bma026983.2	protein_coding	0	0	0	1273	0	0	0	0	0	0	0	0	0	0	0	0	0	0	0	0	0	0	0	1273
Bma027006.1	null.20640	Bma027006.1	protein_coding	40	51	66	205	0	2	1	8	0	0	31	0	225	57	3	1	29	0	0	14	0	0	35	0
Bma027020.1	null.20652	Bma027020.1	protein_coding	48	217	278	54	6	8	11	31	0	0	36	0	59	222	0	1	13	0	0	12	0	0	213	0
Bma027024.1	null.20656	Bma027024.1	protein_coding	0	0	0	1590	0	0	0	0	1590	0	0	0	0	0	0	0	0	0	0	0	0	0	0	0
Bma027025.1	null.20657	Bma027025.1	protein_coding	36	332	320	902	4	4	3	1	0	0	18	0	907	309	0	0	5	0	0	19	0	0	327	0
Bma027026.1	null.20658	Bma027026.1	protein_coding	0	0	0	1590	0	0	0	0	0	0	0	0	0	0	0	0	0	0	0	0	0	0	0	1590
Bma027079.1	null.20705	Bma027079.1	protein_coding	0	0	0	904	0	0	0	0	904	0	0	0	0	0	0	0	0	0	0	0	0	0	0	0
Bma027080.1	null.20706	Bma027080.1	protein_coding	0	0	0	1084	0	0	0	0	0	0	0	0	0	0	0	0	0	0	0	0	0	0	0	1084
Bma027081.1	null.20707	Bma027081.1	protein_coding	196	192	190	506	11	9	16	26	224	0	155	0	347	141	15	14	82	0	0	42	2	2	154	0
Bma027082.1	null.20708	Bma027082.1	protein_coding	0	0	0	1084	0	0	0	0	1084	0	0	0	0	0	0	0	0	0	0	0	0	0	0	0
Bma027085.1	null.20711	Bma027085.1	protein_coding	0	0	0	2950	0	0	0	0	0	0	0	0	0	0	0	0	0	0	0	0	0	0	0	2950
Bma027086.2	null.20712	Bma027086.2	protein_coding	148	441	644	2946	4	8	16	34	0	0	83	1	2376	591	6	8	61	0	0	62	0	0	399	625
Bma027088.1	null.20714	Bma027088.1	protein_coding	115	123	186	779	5	7	6	2	0	0	96	0	803	171	6	2	32	0	0	16	0	0	107	0
Bma027089.2	null.20715	Bma027089.2	protein_coding	0	0	0	126	0	0	0	0	126	0	0	0	0	0	0	0	0	0	0	0	0	0	0	0
Bma027095.1	null.20720	Bma027095.1	protein_coding	66	191	194	466	6	10	4	3	0	0	46	0	375	174	4	4	35	0	1	23	0	0	173	116
Bma027131.1	null.20751	Bma027131.1	protein_coding	0	0	0	2085	0	0	0	0	2085	0	0	0	0	0	0	0	0	0	0	0	0	0	0	0
Bma027163.1	null.20788	Bma027163.1	protein_coding	149	250	307	2181	2	7	4	13	126	1	108	0	2130	291	15	2	93	0	0	52	3	1	190	0
Bma027164.1	null.20789	Bma027164.1	protein_coding	0	0	0	2285	0	0	0	0	0	0	0	0	0	0	0	0	0	0	0	0	0	0	0	2285
Bma027169.1	null.20794	Bma027169.1	protein_coding	142	120	178	623	13	9	11	0	0	0	100	0	697	152	19	10	73	0	0	28	0	0	75	0
Bma027171.1	null.20795	Bma027171.1	protein_coding	90	89	128	431	0	13	1	5	0	0	57	0	464	115	11	3	34	0	0	47	0	0	70	0
Bma027199.1	null.20820	Bma027199.1	protein_coding	0	0	0	420	0	0	0	0	420	0	0	0	0	0	0	0	0	0	0	0	0	0	0	0
Bma027200.1	null.20821	Bma027200.1	protein_coding	27	75	93	225	4	3	0	0	0	0	18	0	230	86	0	1	5	0	0	10	0	0	71	0
Bma027201.1	null.20822	Bma027201.1	protein_coding	0	0	0	420	0	0	0	0	420	0	0	0	0	0	0	0	0	0	0	0	0	0	0	0
Bma027208.1	null.20828	Bma027208.1	protein_coding	119	147	161	2191	4	7	8	18	233	0	84	0	2042	132	16	10	95	0	0	34	1	1	88	0
Bma027233.1	null.20849	Bma027233.1	protein_coding	107	356	537	753	6	5	8	11	753	0	76	0	11	507	2	0	15	0	0	31	1	1	346	0
Bma027234.1	null.20850	Bma027234.1	protein_coding	7	43	13	1690	0	1	0	0	1543	0	2	0	165	13	0	1	21	0	0	4	0	0	26	0
Bma027238.1	null.20854	Bma027238.1	protein_coding	0	0	0	1241	0	0	0	0	0	0	0	0	0	0	0	0	0	0	0	0	0	0	0	1241
Bma027239.1	null.20855	Bma027239.1	protein_coding	179	219	311	867	12	33	10	11	0	0	138	0	917	261	5	3	65	0	0	63	0	0	177	0
Bma027309.1	null.20913	Bma027309.1	protein_coding	0	0	0	266	0	0	0	0	266	0	0	0	0	0	0	0	0	0	0	0	0	0	0	0
Bma027310.1	null.20914	Bma027310.1	protein_coding	24	132	106	4	4	10	1	8	0	0	24	0	0	83	0	0	0	0	0	0	0	0	132	4
Bma027311.1	null.20915	Bma027311.1	protein_coding	0	0	0	266	0	0	0	0	0	0	0	0	0	0	0	0	0	0	0	0	0	0	0	266
Bma027314.1	null.20917	Bma027314.1	protein_coding	0	0	0	1475	0	0	0	0	1475	0	0	0	0	0	0	0	0	0	0	0	0	0	0	0
Bma027317.2	null.20920	Bma027317.2	protein_coding	71	119	105	2516	2	4	7	5	1771	0	48	0	787	88	3	11	54	0	0	18	0	2	89	0
Bma027390.1	null.20970	Bma027390.1	protein_coding	0	0	0	752	0	0	0	0	752	0	0	0	0	0	0	0	0	0	0	0	0	0	0	0
Bma027391.1	null.20971	Bma027391.1	protein_coding	68	113	123	448	3	10	3	0	0	0	36	0	514	112	9	13	83	0	0	22	0	0	69	0
Bma027420.1	null.20991	Bma027420.1	protein_coding	54	113	110	1226	3	2	2	5	0	0	42	0	842	98	6	2	28	1	1	6	0	0	92	412
Bma027445.1	null.21004	Bma027445.1	protein_coding	0	0	0	1325	0	0	0	0	1325	0	0	0	0	0	0	0	0	0	0	0	0	0	0	0
Bma027446.1	null.21006	Bma027446.1	protein_coding	0	0	0	782	0	0	0	0	782	0	0	0	0	0	0	0	0	0	0	0	0	0	0	0
Bma027447.1	null.21007	Bma027447.1	protein_coding	95	132	142	548	3	4	5	9	0	0	74	0	575	125	5	8	29	0	0	12	0	0	118	0
Bma027743.1	null.21147	Bma027743.1	protein_coding	45	147	173	104	5	7	6	0	104	0	36	0	0	156	0	0	1	0	0	10	0	1	146	0
Bma027834.1	null.21191	Bma027834.1	protein_coding	0	0	0	1207	0	0	0	0	1207	0	0	0	0	0	0	0	0	0	0	0	0	0	0	0
Bma027835.1	null.21192	Bma027835.1	protein_coding	66	165	104	878	4	12	1	4	375	0	42	0	528	94	7	0	28	0	0	30	6	0	147	0
Bma027907.1	null.21231	Bma027907.1	protein_coding	308	334	463	2399	25	11	17	21	420	0	237	0	2107	405	32	18	136	0	0	54	4	1	255	0
Bma027991.1	null.21282	Bma027991.1	protein_coding	24	42	63	646	1	7	0	1	514	0	15	0	136	57	2	0	8	0	0	13	3	0	40	0
Bma027992.2	null.21283	Bma027992.2	protein_coding	0	0	0	775	0	0	0	0	775	0	0	0	0	0	0	0	0	0	0	0	0	0	0	0
Bma028076.1	null.21339	Bma028076.1	protein_coding	0	0	0	931	0	0	0	0	0	0	0	0	0	0	0	0	0	0	0	0	0	0	0	931
Bma028077.1	null.21340	Bma028077.1	protein_coding	81	174	228	451	3	16	8	2	142	0	56	0	358	202	10	7	67	0	0	15	8	1	141	0
Bma028240.1	null.21467	Bma028240.1	protein_coding	0	0	0	577	0	0	0	0	0	0	0	0	0	0	0	0	0	0	0	0	0	0	0	577
Bma028241.1	null.21469	Bma028241.1	protein_coding	10	89	72	703	2	2	0	5	703	0	5	0	0	64	0	0	1	0	0	5	1	0	89	0
Bma028242.1	null.21470	Bma028242.1	protein_coding	0	0	0	874	0	0	0	0	0	0	0	0	0	0	0	0	0	0	0	0	0	0	0	874
Bma028246.1	null.21472	Bma028246.1	protein_coding	236	459	519	289	7	27	12	6	0	0	187	0	322	476	2	8	34	0	0	70	0	0	436	0
Bma028247.1	null.21473	Bma028247.1	protein_coding	0	0	0	388	0	0	0	0	0	0	0	0	0	0	0	0	0	0	0	0	0	0	0	388
Bma028248.1	null.21474	Bma028248.1	protein_coding	0	0	0	844	0	0	0	0	844	0	0	0	0	0	0	0	0	0	0	0	0	0	0	0
Bma028249.1	null.21475	Bma028249.1	protein_coding	0	0	0	844	0	0	0	0	0	0	0	0	0	0	0	0	0	0	0	0	0	0	0	844
Bma028250.1	null.21476	Bma028250.1	protein_coding	0	0	0	1447	0	0	0	0	1447	0	0	0	0	0	0	0	0	0	0	0	0	0	0	0
Bma028251.1	null.21477	Bma028251.1	protein_coding	0	0	0	2011	0	0	0	0	564	0	0	0	0	0	0	0	0	0	0	0	0	0	0	1447
Bma028258.1	null.21480	Bma028258.1	protein_coding	130	155	263	972	9	10	14	4	0	0	85	0	1026	232	12	20	54	0	0	22	0	0	128	5
Bma028259.1	null.21481	Bma028259.1	protein_coding	184	186	270	182	2	10	6	30	68	0	137	0	136	237	10	0	36	0	0	52	7	2	172	0
Bma028260.1	null.21482	Bma028260.1	protein_coding	387	685	826	2425	12	32	9	33	1776	0	295	0	676	763	7	3	35	0	0	126	3	3	665	0
Bma028261.2	null.21483	Bma028261.2	protein_coding	25	57	51	3514	0	0	0	1	0	0	17	1	68	51	1	1	12	3	1	5	0	0	47	3456
Bma028264.1	null.21484	Bma028264.1	protein_coding	119	313	398	423	6	9	12	12	0	0	90	0	494	367	10	4	81	0	0	33	0	0	256	0
Bma028266.1	null.21486	Bma028266.1	protein_coding	470	826	1306	505	29	58	33	14	0	0	332	0	579	1196	21	9	90	0	0	165	0	0	782	0
Bma028267.1	null.21487	Bma028267.1	protein_coding	0	0	0	2710	0	0	0	0	0	0	0	0	0	0	0	0	0	0	0	0	0	0	0	2710
Bma028268.1	null.21488	Bma028268.1	protein_coding	0	0	0	928	0	0	0	0	0	0	0	0	0	0	0	0	0	0	0	0	0	0	0	928
Bma028331.1	null.21537	Bma028331.1	protein_coding	548	416	569	2135	25	89	37	24	0	0	475	0	2190	420	8	6	69	0	0	98	0	0	375	0
Bma028332.1	null.21538	Bma028332.1	protein_coding	0	0	0	1308	0	0	0	0	1308	0	0	0	0	0	0	0	0	0	0	0	0	0	0	0
Bma028355.1	null.21560	Bma028355.1	protein_coding	70	140	153	1307	11	4	10	7	0	0	63	0	185	124	0	3	17	1	0	4	0	0	130	1135
Bma028356.1	null.21561	Bma028356.1	protein_coding	0	0	0	1670	0	0	0	0	1670	0	0	0	0	0	0	0	0	0	0	0	0	0	0	0
Bma028368.1	null.21571	Bma028368.1	protein_coding	0	0	0	1550	0	0	0	0	0	0	0	0	0	0	0	0	0	0	0	0	0	0	0	1550
Bma028428.1	null.21615	Bma028428.1	protein_coding	0	0	0	323	0	0	0	0	0	0	0	0	0	0	0	0	0	0	0	0	0	0	0	323
Bma028429.2	null.21616	Bma028429.2	protein_coding	27	50	36	210	1	6	0	2	0	0	14	0	225	34	2	1	27	0	0	16	0	0	38	0
Bma028438.1	null.21624	Bma028438.1	protein_coding	0	0	0	2646	0	0	0	0	2646	0	0	0	0	0	0	0	0	0	0	0	0	0	0	0
Bma028439.1	null.21625	Bma028439.1	protein_coding	279	523	745	1100	18	40	28	13	72	0	195	0	1079	670	12	5	61	0	0	100	5	1	488	0
Bma028455.1	null.21641	Bma028455.1	protein_coding	0	0	0	970	0	0	0	0	0	0	0	0	0	0	0	0	0	0	0	0	0	0	0	970
Bma028457.1	null.21643	Bma028457.1	protein_coding	63	129	106	382	1	14	2	4	382	0	43	0	0	95	0	0	3	0	0	29	2	0	129	0
Bma028458.1	null.21644	Bma028458.1	protein_coding	0	0	0	680	0	0	0	0	680	0	0	0	0	0	0	0	0	0	0	0	0	0	0	0
Bma028460.1	null.21648	Bma028460.1	protein_coding	0	0	0	507	0	0	0	0	507	0	0	0	0	0	0	0	0	0	0	0	0	0	0	0
Bma028484.1	null.21672	Bma028484.1	protein_coding	0	0	0	709	0	0	0	0	0	0	0	0	0	0	0	0	0	0	0	0	0	0	0	709
Bma028485.1	null.21673	Bma028485.1	protein_coding	0	0	0	1247	0	0	0	0	1247	0	0	0	0	0	0	0	0	0	0	0	0	0	0	0
Bma028486.1	null.21674	Bma028486.1	protein_coding	26	38	57	1126	1	4	0	3	0	0	22	0	0	49	0	0	0	2	1	3	0	0	37	1126
Bma028487.1	null.21675	Bma028487.1	protein_coding	0	0	0	1247	0	0	0	0	1247	0	0	0	0	0	0	0	0	0	0	0	0	0	0	0
Bma028521.1	null.21704	Bma028521.1	protein_coding	0	0	0	457	0	0	0	0	0	0	0	0	0	0	0	0	0	0	0	0	0	0	0	457
Bma028522.1	null.21705	Bma028522.1	protein_coding	32	129	118	178	1	9	1	1	178	0	21	0	0	107	0	0	1	0	0	15	1	0	129	0
Bma028523.2	null.21706	Bma028523.2	protein_coding	0	0	0	457	0	0	0	0	457	0	0	0	0	0	0	0	0	0	0	0	0	0	0	0
Bma028525.1	null.21708	Bma028525.1	protein_coding	0	0	0	109	0	0	0	0	0	0	0	0	0	0	0	0	0	0	0	0	0	0	0	109
Bma028526.1	null.21709	Bma028526.1	protein_coding	153	151	176	974	13	19	11	5	0	0	115	0	1032	137	13	8	66	0	0	34	0	0	114	0
Bma028527.1	null.21710	Bma028527.1	protein_coding	0	0	0	1454	0	0	0	0	0	0	0	0	0	0	0	0	0	0	0	0	0	0	0	1454
Bma028528.1	null.21711	Bma028528.1	protein_coding	0	0	0	318	0	0	0	0	318	0	0	0	0	0	0	0	0	0	0	0	0	0	0	0
Bma028529.2	null.21712	Bma028529.2	protein_coding	202	267	263	966	15	37	17	3	0	0	158	0	1050	203	12	16	91	0	0	47	0	0	211	0
Bma028530.1	null.21713	Bma028530.1	protein_coding	0	0	0	1698	0	0	0	0	1698	0	0	0	0	0	0	0	0	0	0	0	0	0	0	0
Bma028591.1	null.21769	Bma028591.1	protein_coding	0	0	0	943	0	0	0	0	0	0	0	0	0	0	0	0	0	0	0	0	0	0	0	943
Bma028592.1	null.21770	Bma028592.1	protein_coding	0	0	0	1067	0	0	0	0	1067	0	0	0	0	0	0	0	0	0	0	0	0	0	0	0
Bma028593.1	null.21771	Bma028593.1	protein_coding	115	369	352	235	4	7	5	4	118	0	77	0	138	339	2	3	33	0	0	43	6	1	352	0
Bma028596.1	null.21776	Bma028596.1	protein_coding	176	233	224	749	12	6	5	26	225	1	129	0	609	191	14	15	101	0	0	53	0	0	176	0
Bma028597.2	null.21777	Bma028597.2	protein_coding	0	0	0	1382	0	0	0	0	1382	0	0	0	0	0	0	0	0	0	0	0	0	0	0	0
Bma028611.1	null.21792	Bma028611.1	protein_coding	0	0	0	462	0	0	0	0	462	0	0	0	0	0	0	0	0	0	0	0	0	0	0	0
Bma028612.2	null.21793	Bma028612.2	protein_coding	0	0	0	1969	0	0	0	0	1969	0	0	0	0	0	0	0	0	0	0	0	0	0	0	0
Bma028613.1	null.21794	Bma028613.1	protein_coding	71	118	75	1705	5	3	0	8	0	0	50	0	1771	63	9	11	74	0	0	8	0	0	72	0
Bma028677.1	null.21851	Bma028677.1	protein_coding	42	56	33	103	1	3	1	9	0	0	28	0	123	27	0	5	18	0	0	16	0	0	41	0
Bma028696.2	null.21870	Bma028696.2	protein_coding	0	0	0	836	0	0	0	0	836	0	0	0	0	0	0	0	0	0	0	0	0	0	0	0
Bma028697.1	null.21871	Bma028697.1	protein_coding	0	0	0	948	0	0	0	0	948	0	0	0	0	0	0	0	0	0	0	0	0	0	0	0
Bma028698.1	null.21872	Bma028698.1	protein_coding	121	162	228	437	6	12	1	34	0	1	91	1	473	184	9	9	65	0	0	35	0	0	122	20
Bma028735.1	null.21900	Bma028735.1	protein_coding	0	0	0	987	0	0	0	0	0	0	0	0	0	0	0	0	0	0	0	0	0	0	0	987
Bma028736.1	null.21901	Bma028736.1	protein_coding	123	237	289	338	7	7	5	1	0	0	89	0	366	272	1	16	16	0	0	22	0	0	226	0
Bma028787.1	null.21939	Bma028787.1	protein_coding	115	175	223	1349	9	7	9	7	0	0	86	0	1383	196	5	6	46	0	0	25	0	0	152	0
Bma028875.1	null.21999	Bma028875.1	protein_coding	71	386	319	65	4	6	4	8	0	0	57	0	88	302	1	2	22	0	0	15	0	0	366	0
Bma028994.1	null.22066	Bma028994.1	protein_coding	0	0	0	1093	0	0	0	0	1093	0	0	0	0	0	0	0	0	0	0	0	0	0	0	0
Bma028995.1	null.22067	Bma028995.1	protein_coding	107	382	475	781	2	12	2	3	0	0	60	0	550	462	9	3	38	2	0	42	0	0	361	264
Bma029008.1	null.22076	Bma029008.1	protein_coding	57	100	90	654	2	4	1	16	382	0	43	0	300	69	2	3	49	0	0	16	4	1	76	0
Bma029013.1	null.22080	Bma029013.1	protein_coding	174	152	156	1034	4	16	4	14	0	0	139	0	1104	128	15	10	71	0	0	46	0	0	107	0
Bma029020.1	null.22084	Bma029020.1	protein_coding	75	309	394	1517	1	4	1	3	0	0	35	0	1549	385	6	1	37	0	0	38	0	0	284	0
Bma029028.1	null.22089	Bma029028.1	protein_coding	205	153	179	1336	15	12	21	20	242	0	159	0	1183	130	10	15	104	0	0	39	3	0	89	0
Bma029061.1	null.22101	Bma029061.1	protein_coding	40	67	99	1100	8	6	2	1	322	0	26	0	784	88	1	0	12	0	0	18	3	2	60	0
Bma029418.1	null.22271	Bma029418.1	protein_coding	0	0	0	1415	0	0	0	0	1415	0	0	0	0	0	0	0	0	0	0	0	0	0	0	0
Bma029419.1	null.22272	Bma029419.1	protein_coding	161	285	327	642	2	26	11	7	133	1	105	0	584	297	9	11	92	0	0	58	2	0	229	0
Bma029425.1	null.22274	Bma029425.1	protein_coding	28	49	49	213	0	0	0	3	0	0	20	0	224	46	5	0	15	0	0	5	0	0	43	0
Bma029549.1	null.22345	Bma029549.1	protein_coding	110	247	310	1035	7	4	7	5	459	0	77	0	591	291	0	1	25	0	0	34	3	1	232	0
Bma029563.1	null.22358	Bma029563.1	protein_coding	341	782	1176	950	16	34	12	17	0	0	243	0	749	1116	12	20	78	1	0	93	0	0	735	280
Bma029671.1	null.22451	Bma029671.1	protein_coding	87	217	268	351	2	9	6	9	0	0	55	0	323	251	10	3	60	0	0	33	0	0	171	87
Bma029672.1	null.22452	Bma029672.1	protein_coding	0	0	0	923	0	0	0	0	923	0	0	0	0	0	0	0	0	0	0	0	0	0	0	0
Bma029695.1	null.22470	Bma029695.1	protein_coding	0	0	0	1132	0	0	0	0	1132	0	0	0	0	0	0	0	0	0	0	0	0	0	0	0
Bma029696.1	null.22471	Bma029696.1	protein_coding	53	111	175	793	5	6	4	5	403	0	33	0	413	161	8	1	28	0	0	15	0	0	97	0
Bma029697.1	null.22472	Bma029697.1	protein_coding	0	0	0	1132	0	0	0	0	0	0	0	0	0	0	0	0	0	0	0	0	0	0	0	1132
Bma029698.1	null.22473	Bma029698.1	protein_coding	0	0	0	1132	0	0	0	0	1132	0	0	0	0	0	0	0	0	0	0	0	0	0	0	0
Bma029792.1	null.22548	Bma029792.1	protein_coding	45	232	253	952	4	2	8	3	0	0	32	0	978	239	2	4	22	0	0	13	0	0	212	0
Bma029806.2	null.22561	Bma029806.2	protein_coding	39	191	183	1691	1	0	1	7	881	0	24	0	652	175	2	3	15	0	0	12	0	0	182	172
Bma029807.1	null.22562	Bma029807.1	protein_coding	35	93	156	1565	4	8	2	1	1148	0	23	0	418	143	0	0	8	0	0	15	2	0	92	0
Bma029808.1	null.22563	Bma029808.1	protein_coding	0	0	0	881	0	0	0	0	0	0	0	0	0	0	0	0	0	0	0	0	0	0	0	881
Bma029860.1	null.22606	Bma029860.1	protein_coding	52	224	260	1101	6	9	3	3	263	0	33	0	863	239	2	1	34	0	0	15	2	0	202	0
Bma029993.1	null.22710	Bma029993.1	protein_coding	129	233	277	87	4	14	13	11	0	0	98	0	124	239	3	7	41	0	0	26	0	0	206	0
Bma029994.1	null.22711	Bma029994.1	protein_coding	0	0	0	726	0	0	0	0	726	0	0	0	0	0	0	0	0	0	0	0	0	0	0	0
Bma030044.1	null.22753	Bma030044.1	protein_coding	0	0	0	372	0	0	0	0	372	0	0	0	0	0	0	0	0	0	0	0	0	0	0	0
Bma030045.1	null.22754	Bma030045.1	protein_coding	41	136	195	0	1	1	1	2	0	0	32	0	0	191	0	0	0	0	0	9	0	0	136	0
Bma030108.1	null.22809	Bma030108.1	protein_coding	66	111	131	661	5	1	2	11	203	0	48	0	507	115	6	8	53	0	0	20	2	2	74	0
Bma030109.1	null.22810	Bma030109.1	protein_coding	0	0	0	969	0	0	0	0	0	0	0	0	0	0	0	0	0	0	0	0	0	0	0	969
Bma030110.1	null.22811	Bma030110.1	protein_coding	0	0	0	969	0	0	0	0	969	0	0	0	0	0	0	0	0	0	0	0	0	0	0	0
Bma030161	null.151	Bma030161	protein_coding	0	0	0	2218	0	0	0	0	2218	0	0	0	0	0	0	0	0	0	0	0	0	0	0	0
Bma030170	null.218	Bma030170	protein_coding	33	79	92	339	1	9	0	0	0	0	21	0	56	83	1	5	21	0	0	8	0	0	65	303
Bma030172	null.286	Bma030172	protein_coding	0	0	0	233	0	0	0	0	233	0	0	0	0	0	0	0	0	0	0	0	0	0	0	0
Bma030174	null.296	Bma030174	protein_coding	38	120	114	38	0	0	0	6	0	0	13	0	59	108	2	3	20	0	0	22	0	0	104	0
Bma030178	null.375	Bma030178	protein_coding	0	0	0	915	0	0	0	0	0	0	0	0	0	0	0	0	0	0	0	0	0	0	0	915
Bma030186	null.634	Bma030186	protein_coding	64	209	190	831	1	5	0	11	68	0	36	0	806	179	8	2	54	0	0	23	3	1	175	0
Bma030187	null.636	Bma030187	protein_coding	0	0	0	669	0	0	0	0	669	0	0	0	0	0	0	0	0	0	0	0	0	0	0	0
Bma030193	null.729	Bma030193	protein_coding	0	0	0	1402	0	0	0	0	0	0	0	0	0	0	0	0	0	0	0	0	0	0	0	1402
Bma030203	null.911	Bma030203	protein_coding	0	0	0	373	0	0	0	0	373	0	0	0	0	0	0	0	0	0	0	0	0	0	0	0
Bma030226	null.1123	Bma030226	protein_coding	79	96	74	613	2	6	3	20	135	0	50	0	506	63	0	6	51	0	0	48	0	0	74	0
Bma030234	null.1337	Bma030234	protein_coding	67	129	161	2445	0	17	2	4	841	0	42	0	433	143	5	6	45	0	0	22	0	0	103	1208
Bma030246	null.1440	Bma030246	protein_coding	5	7	0	1227	0	0	0	0	505	0	1	0	730	0	2	0	7	0	0	1	2	0	1	0
Bma030269	null.1994	Bma030269	protein_coding	13	36	35	1383	2	0	1	0	562	0	10	0	825	33	2	0	7	0	0	2	1	1	33	0
Bma030272	null.2095	Bma030272	protein_coding	203	377	396	585	15	17	17	1	0	0	154	1	405	352	16	3	79	5	1	31	0	0	321	253
Bma030273	null.2115	Bma030273	protein_coding	0	0	0	562	0	0	0	0	562	0	0	0	0	0	0	0	0	0	0	0	0	0	0	0
Bma030274	null.2128	Bma030274	protein_coding	40	95	150	597	2	0	2	7	0	0	31	0	514	140	3	3	28	0	0	6	0	0	81	103
Bma030281	null.2197	Bma030281	protein_coding	164	168	198	1277	10	7	9	17	236	0	128	0	1078	168	16	3	43	0	0	47	0	0	150	0
Bma030317	null.2825	Bma030317	protein_coding	0	0	0	1630	0	0	0	0	1630	0	0	0	0	0	0	0	0	0	0	0	0	0	0	0
Bma030327	null.2933	Bma030327	protein_coding	0	0	0	395	0	0	0	0	395	0	0	0	0	0	0	0	0	0	0	0	0	0	0	0
Bma030330	null.2960	Bma030330	protein_coding	0	0	0	1012	0	0	0	0	1012	0	0	0	0	0	0	0	0	0	0	0	0	0	0	0
Bma030368	null.3496	Bma030368	protein_coding	65	101	93	1562	1	4	3	7	488	0	36	0	356	89	5	9	38	0	0	22	0	0	82	751
Bma030373	null.3560	Bma030373	protein_coding	0	0	0	394	0	0	0	0	0	0	0	0	0	0	0	0	0	0	0	0	0	0	0	394
Bma030391	null.3719	Bma030391	protein_coding	46	121	150	1128	2	0	3	3	392	0	22	0	789	143	8	6	59	0	0	11	0	0	82	0
Bma030423	null.4442	Bma030423	protein_coding	84	87	83	2963	2	7	8	5	1723	0	67	0	154	65	10	1	41	0	0	15	2	0	70	1114
Bma030433	null.4526	Bma030433	protein_coding	100	143	102	1123	6	6	0	13	556	0	80	0	584	85	3	3	16	0	0	35	0	0	132	0
Bma030434	null.4528	Bma030434	protein_coding	0	0	0	1468	0	0	0	0	1468	0	0	0	0	0	0	0	0	0	0	0	0	0	0	0
Bma030441	null.4574	Bma030441	protein_coding	59	70	73	610	3	1	0	8	0	0	38	0	400	69	3	4	41	1	0	23	0	0	42	245
Bma030457	null.4719	Bma030457	protein_coding	191	270	339	1319	10	7	14	20	631	0	129	0	772	301	13	14	102	0	0	56	6	1	212	0
Bma030462	null.4808	Bma030462	protein_coding	91	79	135	260	11	14	12	5	0	0	71	0	226	99	2	4	29	0	0	21	0	0	65	54
Bma030479	null.5171	Bma030479	protein_coding	0	2	1	131	0	0	0	0	0	0	0	0	132	1	0	0	1	0	0	0	0	0	1	0
Bma030481	null.5215	Bma030481	protein_coding	19	38	51	737	1	2	1	1	0	0	10	0	235	47	1	8	16	0	0	4	0	0	31	518
Bma030484	null.5263	Bma030484	protein_coding	0	0	0	1547	0	0	0	0	1547	0	0	0	0	0	0	0	0	0	0	0	0	0	0	0
Bma030502	null.5690	Bma030502	protein_coding	0	0	0	1922	0	0	0	0	0	0	0	0	0	0	0	0	0	0	0	0	0	0	0	1922
Bma030535	null.6309	Bma030535	protein_coding	0	0	0	2125	0	0	0	0	0	0	0	0	0	0	0	0	0	0	0	0	0	0	0	2125
Bma030536	null.6313	Bma030536	protein_coding	48	234	173	102	7	7	2	2	0	0	32	0	139	156	5	6	30	0	0	10	0	0	208	0
Bma030537	null.6321	Bma030537	protein_coding	0	0	0	1844	0	0	0	0	0	0	0	0	0	0	0	0	0	0	0	0	0	0	0	1844
Bma030554	null.6588	Bma030554	protein_coding	0	0	0	1295	0	0	0	0	1295	0	0	0	0	0	0	0	0	0	0	0	0	0	0	0
Bma030633	null.7833	Bma030633	protein_coding	0	0	0	1114	0	0	0	0	1114	0	0	0	0	0	0	0	0	0	0	0	0	0	0	0
Bma030639	null.7854	Bma030639	protein_coding	0	0	0	724	0	0	0	0	724	0	0	0	0	0	0	0	0	0	0	0	0	0	0	0
Bma030655	null.8103	Bma030655	protein_coding	13	68	121	282	0	2	0	0	110	0	8	0	176	120	1	0	9	0	0	5	0	0	65	0
Bma030671	null.8314	Bma030671	protein_coding	84	177	165	518	1	10	2	1	0	0	68	0	488	155	2	6	44	1	0	19	0	0	149	66
Bma030672	null.8315	Bma030672	protein_coding	0	0	0	944	0	0	0	0	944	0	0	0	0	0	0	0	0	0	0	0	0	0	0	0
Bma030690	null.8678	Bma030690	protein_coding	48	147	105	957	0	2	0	0	957	0	34	0	0	103	0	0	1	0	0	15	0	0	147	0
Bma030693	null.8694	Bma030693	protein_coding	0	0	0	1104	0	0	0	0	1104	0	0	0	0	0	0	0	0	0	0	0	0	0	0	0
Bma030704	null.8947	Bma030704	protein_coding	0	0	0	588	0	0	0	0	588	0	0	0	0	0	0	0	0	0	0	0	0	0	0	0
Bma030718	null.9178	Bma030718	protein_coding	0	0	0	471	0	0	0	0	471	0	0	0	0	0	0	0	0	0	0	0	0	0	0	0
Bma030719	null.9194	Bma030719	protein_coding	105	197	290	1156	2	13	2	7	640	0	71	0	547	274	2	5	41	0	0	43	0	0	173	0
Bma030752	null.9750	Bma030752	protein_coding	51	334	303	10	3	1	3	2	0	0	30	0	0	295	0	0	0	2	0	21	0	0	334	10
Bma030761	null.9899	Bma030761	protein_coding	0	0	0	124	0	0	0	0	124	0	0	0	0	0	0	0	0	0	0	0	0	0	0	0
Bma030769	null.10079	Bma030769	protein_coding	0	0	0	998	0	0	0	0	0	0	0	0	0	0	0	0	0	0	0	0	0	0	0	998
Bma030770	null.10134	Bma030770	protein_coding	0	0	0	788	0	0	0	0	788	0	0	0	0	0	0	0	0	0	0	0	0	0	0	0
Bma030772	null.10177	Bma030772	protein_coding	0	0	0	1218	0	0	0	0	0	0	0	0	0	0	0	0	0	0	0	0	0	0	0	1218
Bma030773	null.10179	Bma030773	protein_coding	122	220	255	621	7	12	9	6	0	0	85	0	686	229	7	17	71	0	0	29	0	0	179	0
Bma030780	null.10200	Bma030780	protein_coding	0	0	0	1189	0	0	0	0	0	0	0	0	0	0	0	0	0	0	0	0	0	0	0	1189
Bma030787	null.10279	Bma030787	protein_coding	119	364	412	639	1	5	2	10	6	0	67	0	739	401	12	14	122	0	0	54	0	0	284	0
Bma030803	null.10395	Bma030803	protein_coding	46	90	79	506	1	7	5	0	0	0	25	0	539	72	5	6	41	0	0	11	0	0	68	0
Bma030804	null.10396	Bma030804	protein_coding	0	0	0	721	0	0	0	0	721	0	0	0	0	0	0	0	0	0	0	0	0	0	0	0
Bma030813	null.10415	Bma030813	protein_coding	47	70	65	643	0	4	0	7	338	0	29	0	329	63	4	0	29	0	0	32	0	0	50	0
Bma030863	null.11299	Bma030863	protein_coding	0	0	0	565	0	0	0	0	0	0	0	0	0	0	0	0	0	0	0	0	0	0	0	565
Bma030895	null.11735	Bma030895	protein_coding	166	205	273	529	14	16	4	30	115	0	116	0	500	220	19	9	104	0	0	46	0	0	147	0
Bma030900	null.11813	Bma030900	protein_coding	0	0	0	742	0	0	0	0	742	0	0	0	0	0	0	0	0	0	0	0	0	0	0	0
Bma030906	null.11869	Bma030906	protein_coding	451	527	445	1909	21	40	17	53	0	0	372	0	1045	343	13	25	130	2	1	110	0	0	444	984
Bma030908	null.11879	Bma030908	protein_coding	103	150	153	776	3	18	1	0	0	0	67	1	824	137	1	20	52	0	0	26	0	0	114	8
Bma030914	null.11973	Bma030914	protein_coding	79	82	87	2415	1	6	3	17	353	0	54	0	2102	72	2	10	52	0	0	30	0	0	54	0
Bma030934	null.12245	Bma030934	protein_coding	0	0	0	930	0	0	0	0	0	0	0	0	0	0	0	0	0	0	0	0	0	0	0	930
Bma030936	null.12269	Bma030936	protein_coding	79	392	260	1051	3	6	6	5	652	0	53	0	408	246	5	0	14	0	0	25	0	0	388	0
Bma030952	null.12459	Bma030952	protein_coding	0	0	0	700	0	0	0	0	0	0	0	0	0	0	0	0	0	0	0	0	0	0	0	700
Bma030958	null.12541	Bma030958	protein_coding	0	0	0	1000	0	0	0	0	0	0	0	0	0	0	0	0	0	0	0	0	0	0	0	1000
Bma030959	null.12556	Bma030959	protein_coding	32	58	51	760	1	4	1	2	0	0	19	0	406	47	1	3	20	0	0	15	0	0	40	376
Bma030968	null.12730	Bma030968	protein_coding	0	0	0	1662	0	0	0	0	892	0	0	0	0	0	0	0	0	0	0	0	0	0	0	770
Bma030986	null.13163	Bma030986	protein_coding	6	48	31	827	0	0	0	2	0	0	3	0	838	29	3	1	12	0	0	0	0	0	41	0
Bma030987	null.13164	Bma030987	protein_coding	0	0	0	912	0	0	0	0	0	0	0	0	0	0	0	0	0	0	0	0	0	0	0	912
Bma030994	null.13293	Bma030994	protein_coding	0	0	0	539	0	0	0	0	0	0	0	0	0	0	0	0	0	0	0	0	0	0	0	539
Bma031077	null.14183	Bma031077	protein_coding	93	62	101	1981	1	21	4	4	1764	0	69	0	242	77	10	4	32	0	0	25	2	0	51	0
Bma031100	null.14697	Bma031100	protein_coding	72	143	104	262	2	4	2	0	0	0	48	0	322	97	5	12	62	0	0	10	0	0	100	0
Bma031101	null.14723	Bma031101	protein_coding	137	534	758	51	2	2	2	6	51	0	81	0	0	748	0	0	4	0	0	56	3	1	533	0
Bma031104	null.14753	Bma031104	protein_coding	0	0	0	661	0	0	0	0	0	0	0	0	0	0	0	0	0	0	0	0	0	0	0	661
Bma031105	null.14768	Bma031105	protein_coding	0	0	0	992	0	0	0	0	992	0	0	0	0	0	0	0	0	0	0	0	0	0	0	0
Bma031106	null.14838	Bma031106	protein_coding	62	143	89	869	1	7	3	2	0	0	43	0	111	78	0	8	24	0	0	24	0	0	134	775
Bma031107	null.14845	Bma031107	protein_coding	27	115	120	358	0	4	0	0	285	0	19	0	86	118	4	0	16	0	0	5	0	1	105	0
Bma031108	null.14846	Bma031108	protein_coding	0	0	0	620	0	0	0	0	620	0	0	0	0	0	0	0	0	0	0	0	0	0	0	0
Bma031131	null.15333	Bma031131	protein_coding	0	0	0	655	0	0	0	0	655	0	0	0	0	0	0	0	0	0	0	0	0	0	0	0
Bma031141	null.15430	Bma031141	protein_coding	0	0	0	1090	0	0	0	0	0	0	0	0	0	0	0	0	0	0	0	0	0	0	0	1090
Bma031180	null.16199	Bma031180	protein_coding	45	146	196	1036	2	0	1	0	274	0	26	0	791	193	5	2	37	0	0	15	0	0	124	0
Bma031218	null.16767	Bma031218	protein_coding	0	0	0	199	0	0	0	0	199	0	0	0	0	0	0	0	0	0	0	0	0	0	0	0
Bma031233	null.17041	Bma031233	protein_coding	125	223	202	240	2	22	4	1	180	0	86	0	77	182	1	7	14	0	0	47	1	1	213	0
Bma031257	null.17270	Bma031257	protein_coding	177	496	589	768	11	5	14	10	0	0	107	0	850	554	10	13	84	0	0	56	0	0	437	0
Bma031259	null.17293	Bma031259	protein_coding	219	586	558	700	12	17	15	29	632	0	155	0	83	501	3	0	18	0	0	81	0	0	574	0
Bma031267	null.17418	Bma031267	protein_coding	70	103	122	643	2	2	2	0	0	0	35	0	702	120	14	10	49	0	0	15	0	0	68	0
Bma031307	null.18304	Bma031307	protein_coding	0	0	0	603	0	0	0	0	0	0	0	0	0	0	0	0	0	0	0	0	0	0	0	603
Bma031330	null.18724	Bma031330	protein_coding	0	0	0	534	0	0	0	0	0	0	0	0	0	0	0	0	0	0	0	0	0	0	0	534
Bma031334	null.18775	Bma031334	protein_coding	148	202	242	1151	5	4	9	21	616	0	97	0	644	215	16	19	119	0	0	40	0	0	128	0
Bma031339	null.18912	Bma031339	protein_coding	0	0	0	1595	0	0	0	0	0	0	0	0	0	0	0	0	0	0	0	0	0	0	0	1595
Bma031348	null.19130	Bma031348	protein_coding	0	0	0	724	0	0	0	0	0	0	0	0	0	0	0	0	0	0	0	0	0	0	0	724
Bma031382	null.19806	Bma031382	protein_coding	0	0	0	58	0	0	0	0	58	0	0	0	0	0	0	0	0	0	0	0	0	0	0	0
Bma031417	null.20617	Bma031417	protein_coding	0	0	0	460	0	0	0	0	0	0	0	0	0	0	0	0	0	0	0	0	0	0	0	460
Bma031419	null.20752	Bma031419	protein_coding	243	565	499	778	14	9	9	23	0	0	206	0	801	450	2	3	28	0	0	37	0	0	547	0
Bma031430	null.20848	Bma031430	protein_coding	0	0	0	1543	0	0	0	0	1543	0	0	0	0	0	0	0	0	0	0	0	0	0	0	0
Bma031433	null.20918	Bma031433	protein_coding	102	245	397	731	5	5	2	4	0	0	53	1	614	386	6	9	48	1	0	50	0	0	213	163
Bma031434	null.20921	Bma031434	protein_coding	0	0	0	1543	0	0	0	0	0	0	0	0	0	0	0	0	0	0	0	0	0	0	0	1543
Bma031441	null.21005	Bma031441	protein_coding	15	27	64	1219	2	2	0	0	0	0	10	1	995	60	0	0	3	1	1	6	0	0	22	227
Bma031462	null.21466	Bma031462	protein_coding	0	0	0	577	0	0	0	0	577	0	0	0	0	0	0	0	0	0	0	0	0	0	0	0
Bma031463	null.21468	Bma031463	protein_coding	12	12	12	574	2	1	1	0	276	0	10	0	273	8	1	0	12	0	0	1	0	0	7	31
Bma031472	null.21572	Bma031472	protein_coding	143	341	342	1120	8	7	3	18	0	0	96	0	473	314	4	11	90	3	2	41	0	0	279	722
Bma031475	null.21646	Bma031475	protein_coding	0	0	0	507	0	0	0	0	507	0	0	0	0	0	0	0	0	0	0	0	0	0	0	0
Bma031476	null.21647	Bma031476	protein_coding	53	156	122	176	4	0	3	1	127	0	37	0	66	115	4	0	17	0	0	12	0	0	143	0
Bma031486	null.21772	Bma031486	protein_coding	0	0	0	1067	0	0	0	0	0	0	0	0	0	0	0	0	0	0	0	0	0	0	0	1067
Bma031487	null.21773	Bma031487	protein_coding	0	0	0	183	0	0	0	0	0	0	0	0	0	0	0	0	0	0	0	0	0	0	0	183
Bma031505	null.22019	Bma031505	protein_coding	74	285	309	586	6	0	4	8	233	0	38	0	370	295	5	2	17	0	0	35	0	0	275	0
Bma031519	null.22482	Bma031519	protein_coding	0	0	0	508	0	0	0	0	0	0	0	0	0	0	0	0	0	0	0	0	0	0	0	508
Bma031520	null.22483	Bma031520	protein_coding	72	148	151	137	3	6	0	2	0	0	48	0	168	145	1	11	31	0	0	26	0	0	129	0
Bma031534	null.22712	Bma031534	protein_coding	0	0	0	22	0	0	0	0	0	0	0	0	0	0	0	0	0	0	0	0	0	0	0	22
